sample_id,true_pmi_days,ambient_temp_c,humidity_pct,accumulated_degree_days,sample_site,decomposition_stage
SAMP_0001,4.69,16.0,53.2,75.08,oral_cavity,Bloat
SAMP_0002,30.0,17.5,46.6,525.0,skin_surface,Advanced Decay
SAMP_0003,13.17,23.6,54.7,310.75,skin_surface,Active Decay
SAMP_0004,9.13,17.3,53.1,157.94,skin_surface,Active Decay
SAMP_0005,1.7,26.5,71.9,44.95,skin_surface,Bloat
SAMP_0006,1.7,21.7,87.7,36.8,oral_cavity,Bloat
SAMP_0007,0.6,22.3,74.3,13.34,skin_surface,Fresh
SAMP_0008,20.11,20.9,86.3,420.35,soil_interface,Advanced Decay
SAMP_0009,9.19,25.1,79.2,230.69,oral_cavity,Active Decay
SAMP_0010,12.31,25.1,76.4,309.04,oral_cavity,Active Decay
SAMP_0011,0.21,23.3,60.7,4.85,oral_cavity,Fresh
SAMP_0012,30.0,24.3,56.2,729.0,soil_interface,Dry Remains
SAMP_0013,17.86,21.2,82.3,378.72,skin_surface,Advanced Decay
SAMP_0014,2.39,24.2,85.3,57.76,soil_interface,Bloat
SAMP_0015,2.01,20.6,62.6,41.34,skin_surface,Bloat
SAMP_0016,2.03,22.0,40.5,44.57,skin_surface,Bloat
SAMP_0017,3.63,20.9,79.6,75.82,skin_surface,Bloat
SAMP_0018,7.44,20.2,54.3,150.27,oral_cavity,Active Decay
SAMP_0019,5.66,19.2,40.5,108.58,oral_cavity,Bloat
SAMP_0020,3.44,23.9,80.2,82.27,skin_surface,Bloat
SAMP_0021,9.46,27.2,65.9,257.41,oral_cavity,Active Decay
SAMP_0022,1.5,26.7,74.3,40.11,oral_cavity,Bloat
SAMP_0023,3.46,17.0,85.7,58.74,oral_cavity,Bloat
SAMP_0024,4.56,27.2,67.1,124.11,oral_cavity,Bloat
SAMP_0025,6.09,20.7,65.2,126.05,oral_cavity,Bloat
SAMP_0026,15.38,24.4,54.5,375.26,skin_surface,Advanced Decay
SAMP_0027,2.23,18.4,55.3,40.98,oral_cavity,Bloat
SAMP_0028,7.22,22.6,79.8,163.18,oral_cavity,Active Decay
SAMP_0029,8.98,23.3,62.5,209.12,oral_cavity,Active Decay
SAMP_0030,0.48,16.1,48.2,7.66,skin_surface,Fresh
SAMP_0031,9.35,24.4,44.7,228.22,skin_surface,Active Decay
SAMP_0032,1.87,27.4,63.6,51.23,soil_interface,Bloat
SAMP_0033,0.67,21.3,63.2,14.33,soil_interface,Fresh
SAMP_0034,29.74,27.4,72.7,814.79,oral_cavity,Dry Remains
SAMP_0035,30.0,21.2,63.6,636.0,oral_cavity,Dry Remains
SAMP_0036,16.52,25.4,47.2,419.69,oral_cavity,Advanced Decay
SAMP_0037,3.63,13.1,65.4,47.59,soil_interface,Bloat
SAMP_0038,1.03,31.7,85.3,32.58,skin_surface,Fresh
SAMP_0039,11.53,28.0,48.0,322.77,oral_cavity,Active Decay
SAMP_0040,5.8,20.9,74.5,121.24,oral_cavity,Bloat
SAMP_0041,1.3,14.1,69.7,18.35,skin_surface,Fresh
SAMP_0042,6.84,23.2,77.4,158.58,oral_cavity,Active Decay
SAMP_0043,0.35,16.2,47.5,5.67,soil_interface,Fresh
SAMP_0044,24.0,23.8,87.1,571.3,skin_surface,Advanced Decay
SAMP_0045,2.99,23.6,71.0,70.67,skin_surface,Bloat
SAMP_0046,10.86,18.2,82.4,197.7,skin_surface,Active Decay
SAMP_0047,3.74,26.5,52.3,98.99,oral_cavity,Bloat
SAMP_0048,7.34,25.2,77.0,185.0,skin_surface,Active Decay
SAMP_0049,7.91,25.9,79.1,204.93,skin_surface,Active Decay
SAMP_0050,2.04,22.0,59.9,44.97,oral_cavity,Bloat
SAMP_0051,30.0,16.3,59.2,489.0,skin_surface,Advanced Decay
SAMP_0052,14.92,25.9,72.9,386.49,soil_interface,Advanced Decay
SAMP_0053,28.05,20.9,44.7,586.26,oral_cavity,Advanced Decay
SAMP_0054,22.52,16.4,76.8,369.35,skin_surface,Advanced Decay
SAMP_0055,9.11,27.4,42.1,249.63,oral_cavity,Active Decay
SAMP_0056,25.49,30.4,49.5,775.03,skin_surface,Dry Remains
SAMP_0057,0.93,21.8,73.2,20.2,oral_cavity,Fresh
SAMP_0058,2.18,30.6,44.9,66.75,skin_surface,Bloat
SAMP_0059,0.46,22.4,88.6,10.37,oral_cavity,Fresh
SAMP_0060,3.94,20.5,83.4,80.67,oral_cavity,Bloat
SAMP_0061,4.92,19.5,71.3,95.97,skin_surface,Bloat
SAMP_0062,3.17,28.5,81.0,90.22,skin_surface,Bloat
SAMP_0063,17.65,18.9,84.4,333.5,soil_interface,Active Decay
SAMP_0064,4.41,24.9,53.0,109.87,skin_surface,Bloat
SAMP_0065,3.3,19.8,82.5,65.3,skin_surface,Bloat
SAMP_0066,7.82,20.2,49.7,158.05,skin_surface,Active Decay
SAMP_0067,1.52,26.1,60.7,39.65,oral_cavity,Bloat
SAMP_0068,16.2,20.5,67.9,332.2,oral_cavity,Active Decay
SAMP_0069,0.77,20.4,75.7,15.81,oral_cavity,Fresh
SAMP_0070,30.0,26.5,41.5,795.0,oral_cavity,Dry Remains
SAMP_0071,14.79,28.4,54.5,420.17,oral_cavity,Advanced Decay
SAMP_0072,2.22,24.6,70.4,54.5,soil_interface,Bloat
SAMP_0073,0.1,19.4,57.9,1.94,soil_interface,Fresh
SAMP_0074,16.9,20.0,78.8,337.98,soil_interface,Active Decay
SAMP_0075,12.27,22.3,72.6,273.64,soil_interface,Active Decay
SAMP_0076,13.06,23.3,51.7,304.22,skin_surface,Active Decay
SAMP_0077,14.75,18.0,47.3,265.54,oral_cavity,Active Decay
SAMP_0078,0.77,24.9,71.5,19.16,skin_surface,Fresh
SAMP_0079,4.44,22.3,62.5,98.99,soil_interface,Bloat
SAMP_0080,1.23,15.1,48.4,18.6,skin_surface,Fresh
SAMP_0081,19.89,18.3,56.3,363.9,skin_surface,Advanced Decay
SAMP_0082,9.76,20.0,55.2,195.26,oral_cavity,Active Decay
SAMP_0083,4.02,21.7,45.4,87.19,skin_surface,Bloat
SAMP_0084,0.66,29.6,67.3,19.44,oral_cavity,Fresh
SAMP_0085,3.72,23.0,78.2,85.67,oral_cavity,Bloat
SAMP_0086,3.93,18.6,68.8,73.16,soil_interface,Bloat
SAMP_0087,13.08,22.9,81.3,299.5,oral_cavity,Active Decay
SAMP_0088,10.15,20.6,46.4,209.07,soil_interface,Active Decay
SAMP_0089,21.82,23.3,61.8,508.46,oral_cavity,Advanced Decay
SAMP_0090,6.39,24.3,70.5,155.29,soil_interface,Active Decay
SAMP_0091,1.27,26.8,73.8,34.14,skin_surface,Fresh
SAMP_0092,12.49,21.9,74.8,273.56,skin_surface,Active Decay
SAMP_0093,14.3,28.6,76.4,409.09,oral_cavity,Advanced Decay
SAMP_0094,8.24,25.6,72.6,210.92,skin_surface,Active Decay
SAMP_0095,14.74,19.2,44.7,282.99,soil_interface,Active Decay
SAMP_0096,6.81,30.8,74.8,209.69,oral_cavity,Active Decay
SAMP_0097,7.4,23.3,76.2,172.35,oral_cavity,Active Decay
SAMP_0098,5.58,18.7,89.7,104.31,oral_cavity,Bloat
SAMP_0099,0.26,28.6,74.7,7.36,oral_cavity,Fresh
SAMP_0100,1.14,30.3,74.3,34.59,oral_cavity,Fresh
SAMP_0101,0.32,21.9,65.7,6.99,skin_surface,Fresh
SAMP_0102,10.12,20.0,83.4,202.35,oral_cavity,Active Decay
SAMP_0103,3.77,21.3,89.8,80.39,skin_surface,Bloat
SAMP_0104,7.1,24.9,79.0,176.9,soil_interface,Active Decay
SAMP_0105,23.81,27.1,70.6,645.32,skin_surface,Dry Remains
SAMP_0106,2.87,24.3,43.9,69.68,oral_cavity,Bloat
SAMP_0107,5.28,22.4,76.3,118.34,skin_surface,Bloat
SAMP_0108,14.09,28.0,75.4,394.45,oral_cavity,Advanced Decay
SAMP_0109,2.6,20.7,78.8,53.78,oral_cavity,Bloat
SAMP_0110,0.8,26.1,46.2,20.91,oral_cavity,Fresh
SAMP_0111,3.42,20.8,72.7,71.17,soil_interface,Bloat
SAMP_0112,1.76,23.7,54.8,41.67,skin_surface,Bloat
SAMP_0113,26.55,21.5,78.0,570.81,oral_cavity,Advanced Decay
SAMP_0114,16.51,21.8,52.0,359.89,skin_surface,Advanced Decay
SAMP_0115,10.03,20.5,74.2,205.72,oral_cavity,Active Decay
SAMP_0116,20.52,27.4,54.7,562.12,soil_interface,Advanced Decay
SAMP_0117,16.28,19.1,40.4,310.94,soil_interface,Active Decay
SAMP_0118,2.06,19.0,71.7,39.23,oral_cavity,Bloat
SAMP_0119,22.31,30.5,45.7,680.4,oral_cavity,Dry Remains
SAMP_0120,7.75,25.9,73.0,200.75,skin_surface,Active Decay
SAMP_0121,16.47,12.5,86.3,205.92,skin_surface,Active Decay
SAMP_0122,22.64,19.7,88.5,446.06,oral_cavity,Advanced Decay
SAMP_0123,3.83,14.8,51.8,56.64,skin_surface,Bloat
SAMP_0124,1.17,18.2,80.5,21.22,oral_cavity,Fresh
SAMP_0125,2.59,12.0,57.7,31.04,skin_surface,Fresh
SAMP_0126,5.57,21.5,85.0,119.77,oral_cavity,Bloat
SAMP_0127,17.04,17.4,79.4,296.47,skin_surface,Active Decay
SAMP_0128,19.71,22.2,43.7,437.64,skin_surface,Advanced Decay
SAMP_0129,0.1,15.5,60.4,1.55,skin_surface,Fresh
SAMP_0130,7.15,22.3,56.9,159.42,skin_surface,Active Decay
SAMP_0131,5.4,20.3,79.3,109.68,skin_surface,Bloat
SAMP_0132,2.51,28.0,60.5,70.33,oral_cavity,Bloat
SAMP_0133,1.28,27.6,74.2,35.24,oral_cavity,Bloat
SAMP_0134,4.12,25.1,70.1,103.39,oral_cavity,Bloat
SAMP_0135,28.63,20.7,88.8,592.67,oral_cavity,Advanced Decay
SAMP_0136,3.9,29.9,86.9,116.72,skin_surface,Bloat
SAMP_0137,7.31,15.8,61.4,115.57,oral_cavity,Bloat
SAMP_0138,12.14,16.4,76.2,199.11,oral_cavity,Active Decay
SAMP_0139,4.52,21.7,81.5,98.08,soil_interface,Bloat
SAMP_0140,30.0,31.0,84.9,930.0,skin_surface,Dry Remains
SAMP_0141,30.0,21.2,43.4,636.0,skin_surface,Dry Remains
SAMP_0142,2.9,21.3,55.1,61.78,oral_cavity,Bloat
SAMP_0143,6.88,16.2,56.0,111.4,oral_cavity,Bloat
SAMP_0144,3.58,25.8,61.7,92.35,skin_surface,Bloat
SAMP_0145,3.35,25.8,48.5,86.49,soil_interface,Bloat
SAMP_0146,0.38,25.2,64.8,9.47,oral_cavity,Fresh
SAMP_0147,9.4,19.5,73.2,183.4,skin_surface,Active Decay
SAMP_0148,6.99,19.2,64.9,134.12,soil_interface,Bloat
SAMP_0149,0.53,16.8,73.3,8.88,skin_surface,Fresh
SAMP_0150,3.27,22.3,43.3,72.84,skin_surface,Bloat
SAMP_0151,23.89,17.7,83.8,422.83,skin_surface,Advanced Decay
SAMP_0152,2.74,17.3,87.0,47.38,soil_interface,Bloat
SAMP_0153,1.57,20.3,70.9,31.78,skin_surface,Fresh
SAMP_0154,6.72,20.0,84.1,134.45,soil_interface,Bloat
SAMP_0155,30.0,19.8,46.6,594.0,skin_surface,Advanced Decay
SAMP_0156,2.77,23.9,79.9,66.24,soil_interface,Bloat
SAMP_0157,11.15,22.3,46.0,248.68,soil_interface,Active Decay
SAMP_0158,14.34,20.8,60.4,298.25,skin_surface,Active Decay
SAMP_0159,2.71,22.7,56.2,61.59,skin_surface,Bloat
SAMP_0160,13.03,18.0,69.3,234.49,skin_surface,Active Decay
SAMP_0161,4.59,22.4,55.1,102.71,skin_surface,Bloat
SAMP_0162,10.01,22.6,71.9,226.11,soil_interface,Active Decay
SAMP_0163,10.04,16.0,58.4,160.61,oral_cavity,Active Decay
SAMP_0164,7.67,26.0,83.0,199.52,skin_surface,Active Decay
SAMP_0165,0.95,18.5,71.7,17.51,skin_surface,Fresh
SAMP_0166,18.04,22.4,50.8,404.02,skin_surface,Advanced Decay
SAMP_0167,3.87,26.7,56.8,103.28,skin_surface,Bloat
SAMP_0168,2.06,25.7,82.4,53.05,oral_cavity,Bloat
SAMP_0169,0.42,22.1,59.3,9.2,skin_surface,Fresh
SAMP_0170,8.94,20.6,66.8,184.12,soil_interface,Active Decay
SAMP_0171,11.32,25.8,72.4,292.02,soil_interface,Active Decay
SAMP_0172,0.17,24.7,57.4,4.13,oral_cavity,Fresh
SAMP_0173,7.18,19.5,54.7,139.94,skin_surface,Bloat
SAMP_0174,2.57,18.8,63.8,48.28,soil_interface,Bloat
SAMP_0175,10.36,13.7,50.7,141.95,skin_surface,Bloat
SAMP_0176,1.92,22.6,54.2,43.3,skin_surface,Bloat
SAMP_0177,11.74,21.7,43.1,254.8,oral_cavity,Active Decay
SAMP_0178,4.89,26.5,55.2,129.57,skin_surface,Bloat
SAMP_0179,27.6,23.4,56.0,645.92,skin_surface,Dry Remains
SAMP_0180,1.48,27.3,88.1,40.39,skin_surface,Bloat
SAMP_0181,4.17,19.2,69.5,80.09,skin_surface,Bloat
SAMP_0182,1.2,26.6,79.4,32.04,skin_surface,Fresh
SAMP_0183,25.86,19.9,42.3,514.65,soil_interface,Advanced Decay
SAMP_0184,20.98,25.1,45.3,526.68,skin_surface,Advanced Decay
SAMP_0185,2.98,16.2,80.7,48.33,skin_surface,Bloat
SAMP_0186,10.79,22.9,71.2,247.04,soil_interface,Active Decay
SAMP_0187,16.99,14.1,49.5,239.63,soil_interface,Active Decay
SAMP_0188,8.1,20.9,60.2,169.32,soil_interface,Active Decay
SAMP_0189,7.54,23.8,66.9,179.52,skin_surface,Active Decay
SAMP_0190,2.77,19.9,82.2,55.1,skin_surface,Bloat
SAMP_0191,0.98,17.8,43.0,17.4,oral_cavity,Fresh
SAMP_0192,22.75,25.4,69.8,577.88,oral_cavity,Advanced Decay
SAMP_0193,23.07,21.6,75.9,498.26,skin_surface,Advanced Decay
SAMP_0194,10.03,20.0,88.9,200.53,skin_surface,Active Decay
SAMP_0195,4.14,22.2,80.4,91.92,oral_cavity,Bloat
SAMP_0196,4.3,32.0,53.8,137.46,soil_interface,Bloat
SAMP_0197,12.94,26.6,75.5,344.33,skin_surface,Active Decay
SAMP_0198,22.74,26.7,78.2,607.18,skin_surface,Dry Remains
SAMP_0199,21.81,23.7,76.5,516.93,skin_surface,Advanced Decay
SAMP_0200,15.14,22.7,81.0,343.58,oral_cavity,Active Decay
SAMP_0201,10.27,12.4,85.2,127.39,soil_interface,Bloat
SAMP_0202,0.88,19.3,44.9,16.96,oral_cavity,Fresh
SAMP_0203,1.76,20.1,45.2,35.44,skin_surface,Bloat
SAMP_0204,22.88,14.5,79.8,331.79,skin_surface,Active Decay
SAMP_0205,9.32,17.4,52.6,162.25,skin_surface,Active Decay
SAMP_0206,0.1,14.1,42.9,1.41,skin_surface,Fresh
SAMP_0207,1.07,21.8,60.1,23.33,oral_cavity,Fresh
SAMP_0208,10.89,25.3,81.0,275.56,oral_cavity,Active Decay
SAMP_0209,0.1,26.4,46.3,2.64,skin_surface,Fresh
SAMP_0210,1.75,23.7,73.6,41.55,skin_surface,Bloat
SAMP_0211,7.96,18.1,40.2,144.02,skin_surface,Bloat
SAMP_0212,11.77,14.3,45.5,168.36,oral_cavity,Active Decay
SAMP_0213,10.55,15.0,57.5,158.32,oral_cavity,Active Decay
SAMP_0214,2.54,16.9,44.2,42.92,skin_surface,Bloat
SAMP_0215,12.45,18.4,82.3,229.16,skin_surface,Active Decay
SAMP_0216,2.71,21.4,83.2,57.96,oral_cavity,Bloat
SAMP_0217,3.94,17.9,77.8,70.46,skin_surface,Bloat
SAMP_0218,13.72,23.4,52.1,321.13,oral_cavity,Active Decay
SAMP_0219,10.49,21.1,66.2,221.29,skin_surface,Active Decay
SAMP_0220,18.92,22.0,49.2,416.23,oral_cavity,Advanced Decay
SAMP_0221,10.72,26.6,54.1,285.1,soil_interface,Active Decay
SAMP_0222,8.4,17.3,65.8,145.33,oral_cavity,Bloat
SAMP_0223,0.98,23.7,76.8,23.31,skin_surface,Fresh
SAMP_0224,4.58,21.9,44.7,100.39,soil_interface,Bloat
SAMP_0225,3.08,20.7,54.8,63.79,oral_cavity,Bloat
SAMP_0226,2.8,25.5,86.3,71.32,skin_surface,Bloat
SAMP_0227,30.0,25.5,61.5,765.0,oral_cavity,Dry Remains
SAMP_0228,4.99,18.2,86.9,90.89,oral_cavity,Bloat
SAMP_0229,22.26,21.3,89.6,474.15,skin_surface,Advanced Decay
SAMP_0230,9.97,23.1,66.3,230.38,soil_interface,Active Decay
SAMP_0231,15.84,20.9,54.4,331.02,skin_surface,Active Decay
SAMP_0232,6.98,24.3,79.5,169.72,skin_surface,Active Decay
SAMP_0233,8.6,23.1,48.0,198.7,skin_surface,Active Decay
SAMP_0234,6.78,29.3,52.6,198.74,skin_surface,Active Decay
SAMP_0235,2.17,15.9,79.2,34.54,skin_surface,Fresh
SAMP_0236,12.82,21.5,61.7,275.58,oral_cavity,Active Decay
SAMP_0237,3.3,18.4,50.1,60.64,oral_cavity,Bloat
SAMP_0238,0.25,24.4,72.6,6.01,skin_surface,Fresh
SAMP_0239,10.37,15.5,76.6,160.73,soil_interface,Active Decay
SAMP_0240,1.95,23.4,46.3,45.61,oral_cavity,Bloat
SAMP_0241,28.21,19.5,53.8,550.11,skin_surface,Advanced Decay
SAMP_0242,30.0,19.1,51.1,573.0,oral_cavity,Advanced Decay
SAMP_0243,24.64,16.2,59.0,399.09,oral_cavity,Advanced Decay
SAMP_0244,4.62,20.1,78.2,92.92,skin_surface,Bloat
SAMP_0245,0.16,26.3,75.7,4.1,skin_surface,Fresh
SAMP_0246,26.36,21.9,73.1,577.18,skin_surface,Advanced Decay
SAMP_0247,5.59,24.5,40.3,136.94,oral_cavity,Bloat
SAMP_0248,30.0,28.7,47.1,861.0,soil_interface,Dry Remains
SAMP_0249,30.0,23.1,51.2,693.0,oral_cavity,Dry Remains
SAMP_0250,19.17,19.8,53.6,379.64,skin_surface,Advanced Decay
SAMP_0251,3.49,23.9,47.3,83.36,skin_surface,Bloat
SAMP_0252,4.86,19.8,60.5,96.29,skin_surface,Bloat
SAMP_0253,19.05,20.0,43.8,380.95,soil_interface,Advanced Decay
SAMP_0254,3.81,15.9,77.5,60.6,skin_surface,Bloat
SAMP_0255,1.86,25.7,79.4,47.73,oral_cavity,Bloat
SAMP_0256,8.14,20.5,68.7,166.82,oral_cavity,Active Decay
SAMP_0257,27.51,22.7,44.5,624.54,oral_cavity,Dry Remains
SAMP_0258,11.91,17.9,84.5,213.16,oral_cavity,Active Decay
SAMP_0259,8.44,23.7,88.3,200.05,soil_interface,Active Decay
SAMP_0260,1.02,19.0,50.1,19.42,oral_cavity,Fresh
SAMP_0261,9.55,21.4,75.2,204.27,skin_surface,Active Decay
SAMP_0262,30.0,25.5,82.1,765.0,skin_surface,Dry Remains
SAMP_0263,1.51,25.2,67.0,38.03,soil_interface,Bloat
SAMP_0264,7.3,21.9,56.2,159.98,skin_surface,Active Decay
SAMP_0265,20.99,14.9,63.9,312.69,skin_surface,Active Decay
SAMP_0266,13.5,32.0,65.6,432.01,oral_cavity,Advanced Decay
SAMP_0267,11.94,29.0,60.0,346.28,skin_surface,Active Decay
SAMP_0268,12.12,24.9,86.5,301.86,oral_cavity,Active Decay
SAMP_0269,4.45,19.0,77.2,84.64,soil_interface,Bloat
SAMP_0270,3.48,21.5,52.1,74.73,oral_cavity,Bloat
SAMP_0271,16.57,19.8,69.3,328.16,oral_cavity,Active Decay
SAMP_0272,16.61,27.1,74.4,450.22,skin_surface,Advanced Decay
SAMP_0273,20.18,23.1,47.0,466.15,skin_surface,Advanced Decay
SAMP_0274,24.45,18.9,57.9,462.03,skin_surface,Advanced Decay
SAMP_0275,7.16,20.1,85.3,143.93,oral_cavity,Bloat
SAMP_0276,6.96,26.5,68.4,184.49,oral_cavity,Active Decay
SAMP_0277,16.01,28.4,50.8,454.67,oral_cavity,Advanced Decay
SAMP_0278,10.5,28.1,46.1,294.97,skin_surface,Active Decay
SAMP_0279,12.11,25.0,65.9,302.64,skin_surface,Active Decay
SAMP_0280,15.89,21.0,67.4,333.61,skin_surface,Active Decay
SAMP_0281,22.07,12.0,56.7,264.88,skin_surface,Active Decay
SAMP_0282,4.12,23.2,71.5,95.7,skin_surface,Bloat
SAMP_0283,4.71,22.0,43.4,103.61,soil_interface,Bloat
SAMP_0284,0.99,22.6,47.3,22.31,oral_cavity,Fresh
SAMP_0285,8.63,22.2,67.3,191.68,skin_surface,Active Decay
SAMP_0286,0.37,16.7,43.1,6.11,skin_surface,Fresh
SAMP_0287,6.27,24.2,84.0,151.64,oral_cavity,Active Decay
SAMP_0288,7.82,24.5,47.1,191.66,skin_surface,Active Decay
SAMP_0289,3.38,24.7,73.7,83.39,oral_cavity,Bloat
SAMP_0290,8.94,25.8,59.6,230.56,oral_cavity,Active Decay
SAMP_0291,0.31,24.4,60.0,7.56,skin_surface,Fresh
SAMP_0292,0.38,20.4,78.2,7.76,oral_cavity,Fresh
SAMP_0293,17.29,21.7,65.0,375.27,oral_cavity,Advanced Decay
SAMP_0294,4.47,22.4,76.3,100.04,skin_surface,Bloat
SAMP_0295,1.36,22.4,65.3,30.44,skin_surface,Fresh
SAMP_0296,7.39,26.0,69.6,192.05,oral_cavity,Active Decay
SAMP_0297,14.7,24.6,78.0,361.53,oral_cavity,Advanced Decay
SAMP_0298,2.43,30.3,70.4,73.66,skin_surface,Bloat
SAMP_0299,9.75,30.8,70.8,300.37,skin_surface,Active Decay
SAMP_0300,0.89,22.3,79.5,19.89,soil_interface,Fresh
SAMP_0301,0.53,12.0,87.5,6.37,oral_cavity,Fresh
SAMP_0302,7.58,26.9,58.8,203.88,oral_cavity,Active Decay
SAMP_0303,7.78,19.8,68.9,154.03,oral_cavity,Active Decay
SAMP_0304,10.15,18.8,44.3,190.73,skin_surface,Active Decay
SAMP_0305,12.95,20.4,57.9,264.17,skin_surface,Active Decay
SAMP_0306,30.0,20.2,60.6,606.0,skin_surface,Dry Remains
SAMP_0307,7.26,24.4,81.8,177.22,skin_surface,Active Decay
SAMP_0308,3.9,15.8,65.7,61.62,skin_surface,Bloat
SAMP_0309,15.86,17.7,76.6,280.66,soil_interface,Active Decay
SAMP_0310,3.16,23.4,41.0,73.91,oral_cavity,Bloat
SAMP_0311,5.78,24.5,63.2,141.61,oral_cavity,Bloat
SAMP_0312,0.82,24.6,85.1,20.1,oral_cavity,Fresh
SAMP_0313,0.26,18.9,51.2,4.85,oral_cavity,Fresh
SAMP_0314,30.0,18.1,41.6,543.0,soil_interface,Advanced Decay
SAMP_0315,18.08,20.0,61.7,361.55,oral_cavity,Advanced Decay
SAMP_0316,11.91,23.0,75.2,273.85,skin_surface,Active Decay
SAMP_0317,5.26,27.9,62.7,146.71,oral_cavity,Bloat
SAMP_0318,1.9,13.8,63.0,26.26,oral_cavity,Fresh
SAMP_0319,1.7,21.1,73.5,35.9,oral_cavity,Bloat
SAMP_0320,2.88,16.7,52.7,48.1,oral_cavity,Bloat
SAMP_0321,7.97,15.4,77.6,122.71,skin_surface,Bloat
SAMP_0322,12.54,25.9,47.7,324.75,soil_interface,Active Decay
SAMP_0323,10.79,24.2,59.8,261.21,skin_surface,Active Decay
SAMP_0324,3.28,23.8,72.8,78.16,skin_surface,Bloat
SAMP_0325,30.0,25.7,81.4,771.0,oral_cavity,Dry Remains
SAMP_0326,13.39,20.1,79.6,269.14,soil_interface,Active Decay
SAMP_0327,8.08,20.3,76.1,164.07,oral_cavity,Active Decay
SAMP_0328,9.46,30.7,58.0,290.43,soil_interface,Active Decay
SAMP_0329,5.44,21.0,46.1,114.25,skin_surface,Bloat
SAMP_0330,2.85,24.9,50.8,70.88,oral_cavity,Bloat
SAMP_0331,4.4,22.0,83.2,96.8,skin_surface,Bloat
SAMP_0332,14.18,14.6,82.9,207.05,soil_interface,Active Decay
SAMP_0333,0.14,13.8,87.6,2.0,oral_cavity,Fresh
SAMP_0334,1.23,19.7,43.8,24.31,oral_cavity,Fresh
SAMP_0335,0.47,26.2,66.8,12.34,oral_cavity,Fresh
SAMP_0336,0.42,25.2,72.4,10.48,skin_surface,Fresh
SAMP_0337,19.34,25.7,75.5,497.09,oral_cavity,Advanced Decay
SAMP_0338,12.16,18.1,72.2,220.14,skin_surface,Active Decay
SAMP_0339,6.43,28.5,78.5,183.19,soil_interface,Active Decay
SAMP_0340,1.03,18.1,58.0,18.64,soil_interface,Fresh
SAMP_0341,6.77,22.9,49.0,154.92,oral_cavity,Active Decay
SAMP_0342,6.41,22.0,50.2,141.12,skin_surface,Bloat
SAMP_0343,1.9,21.3,40.6,40.51,oral_cavity,Bloat
SAMP_0344,5.69,27.4,57.5,155.88,skin_surface,Active Decay
SAMP_0345,5.08,19.2,44.6,97.6,soil_interface,Bloat
SAMP_0346,9.57,16.6,56.1,158.82,skin_surface,Active Decay
SAMP_0347,10.08,22.1,71.4,222.79,soil_interface,Active Decay
SAMP_0348,0.46,20.4,84.7,9.46,soil_interface,Fresh
SAMP_0349,4.69,32.0,82.0,150.2,oral_cavity,Active Decay
SAMP_0350,9.83,24.7,52.6,242.83,skin_surface,Active Decay
SAMP_0351,6.99,20.4,46.7,142.69,oral_cavity,Bloat
SAMP_0352,19.41,17.8,49.7,345.56,oral_cavity,Active Decay
SAMP_0353,10.75,14.5,88.5,155.87,oral_cavity,Active Decay
SAMP_0354,1.78,17.9,67.5,31.84,soil_interface,Fresh
SAMP_0355,0.73,22.5,49.1,16.47,skin_surface,Fresh
SAMP_0356,10.28,27.7,82.0,284.87,skin_surface,Active Decay
SAMP_0357,0.27,26.5,59.8,7.12,skin_surface,Fresh
SAMP_0358,8.81,22.9,85.0,201.83,skin_surface,Active Decay
SAMP_0359,28.17,20.7,53.0,583.17,skin_surface,Advanced Decay
SAMP_0360,8.57,23.1,59.7,197.92,oral_cavity,Active Decay
SAMP_0361,4.91,19.9,65.2,97.77,skin_surface,Bloat
SAMP_0362,10.31,28.9,84.6,297.91,skin_surface,Active Decay
SAMP_0363,6.13,21.2,83.4,129.95,skin_surface,Bloat
SAMP_0364,7.89,21.7,68.7,171.17,oral_cavity,Active Decay
SAMP_0365,28.38,13.1,51.1,371.79,oral_cavity,Advanced Decay
SAMP_0366,4.88,21.2,60.2,103.44,soil_interface,Bloat
SAMP_0367,30.0,25.3,88.8,759.0,oral_cavity,Dry Remains
SAMP_0368,23.58,17.7,70.4,417.29,skin_surface,Advanced Decay
SAMP_0369,2.18,19.0,79.1,41.4,oral_cavity,Bloat
SAMP_0370,0.72,25.2,62.5,18.11,oral_cavity,Fresh
SAMP_0371,1.06,16.1,66.6,17.1,oral_cavity,Fresh
SAMP_0372,0.18,26.2,61.4,4.82,skin_surface,Fresh
SAMP_0373,0.99,19.9,75.1,19.74,soil_interface,Fresh
SAMP_0374,11.49,20.4,82.6,234.37,oral_cavity,Active Decay
SAMP_0375,0.74,17.5,65.4,12.92,oral_cavity,Fresh
SAMP_0376,3.84,23.5,64.0,90.28,skin_surface,Bloat
SAMP_0377,18.64,31.8,57.0,592.6,oral_cavity,Advanced Decay
SAMP_0378,0.24,25.1,48.9,5.91,soil_interface,Fresh
SAMP_0379,16.85,18.5,87.0,311.64,oral_cavity,Active Decay
SAMP_0380,3.31,26.5,55.8,87.74,skin_surface,Bloat
SAMP_0381,1.26,20.7,80.0,26.03,skin_surface,Fresh
SAMP_0382,11.93,27.5,75.8,328.12,skin_surface,Active Decay
SAMP_0383,9.91,25.2,79.5,249.83,skin_surface,Active Decay
SAMP_0384,20.99,12.0,86.8,251.93,oral_cavity,Active Decay
SAMP_0385,13.28,18.0,71.2,239.09,oral_cavity,Active Decay
SAMP_0386,16.27,25.8,84.9,419.76,soil_interface,Advanced Decay
SAMP_0387,3.31,22.6,48.4,74.88,soil_interface,Bloat
SAMP_0388,1.95,17.9,71.3,34.96,oral_cavity,Fresh
SAMP_0389,13.89,19.5,78.6,270.81,soil_interface,Active Decay
SAMP_0390,16.44,14.4,53.6,236.77,skin_surface,Active Decay
SAMP_0391,30.0,21.6,77.0,648.0,skin_surface,Dry Remains
SAMP_0392,5.32,30.8,78.9,163.88,oral_cavity,Active Decay
SAMP_0393,4.65,25.2,81.6,117.24,skin_surface,Bloat
SAMP_0394,14.98,30.8,55.6,461.37,oral_cavity,Advanced Decay
SAMP_0395,4.17,25.5,74.1,106.27,skin_surface,Bloat
SAMP_0396,26.7,26.1,55.2,696.91,oral_cavity,Dry Remains
SAMP_0397,19.55,29.9,77.0,584.5,skin_surface,Advanced Decay
SAMP_0398,5.6,23.5,63.1,131.68,oral_cavity,Bloat
SAMP_0399,13.9,21.3,69.9,296.02,oral_cavity,Active Decay
SAMP_0400,14.05,26.1,60.8,366.61,oral_cavity,Advanced Decay
SAMP_0401,1.09,27.8,48.1,30.26,oral_cavity,Fresh
SAMP_0402,23.28,20.1,48.9,468.02,skin_surface,Advanced Decay
SAMP_0403,7.04,19.1,43.9,134.41,oral_cavity,Bloat
SAMP_0404,17.51,22.6,70.9,395.8,soil_interface,Advanced Decay
SAMP_0405,3.86,25.3,82.4,97.59,skin_surface,Bloat
SAMP_0406,22.59,25.2,41.0,569.22,skin_surface,Advanced Decay
SAMP_0407,4.93,16.3,43.3,80.36,oral_cavity,Bloat
SAMP_0408,0.11,29.6,62.9,3.23,skin_surface,Fresh
SAMP_0409,23.58,19.4,76.9,457.43,oral_cavity,Advanced Decay
SAMP_0410,0.96,20.9,47.9,20.01,skin_surface,Fresh
SAMP_0411,3.85,18.4,53.6,70.78,oral_cavity,Bloat
SAMP_0412,29.97,32.0,51.6,959.03,skin_surface,Dry Remains
SAMP_0413,30.0,23.0,60.0,690.0,oral_cavity,Dry Remains
SAMP_0414,8.52,18.6,51.2,158.47,soil_interface,Active Decay
SAMP_0415,9.99,25.5,57.6,254.8,oral_cavity,Active Decay
SAMP_0416,5.95,25.1,76.4,149.35,oral_cavity,Bloat
SAMP_0417,3.47,21.2,70.6,73.57,skin_surface,Bloat
SAMP_0418,3.98,25.4,44.1,101.22,soil_interface,Bloat
SAMP_0419,11.16,18.7,71.9,208.75,skin_surface,Active Decay
SAMP_0420,13.96,20.0,63.9,279.17,oral_cavity,Active Decay
SAMP_0421,15.68,14.0,86.7,219.55,skin_surface,Active Decay
SAMP_0422,15.59,16.7,54.5,260.32,soil_interface,Active Decay
SAMP_0423,0.96,29.2,76.3,27.93,oral_cavity,Fresh
SAMP_0424,6.82,28.6,76.5,195.07,oral_cavity,Active Decay
SAMP_0425,0.59,22.3,51.1,13.22,soil_interface,Fresh
SAMP_0426,7.97,28.7,85.2,228.87,soil_interface,Active Decay
SAMP_0427,5.83,21.4,64.6,124.67,skin_surface,Bloat
SAMP_0428,21.87,21.0,73.9,459.19,soil_interface,Advanced Decay
SAMP_0429,4.32,22.2,47.3,95.95,oral_cavity,Bloat
SAMP_0430,1.25,21.5,52.9,26.77,skin_surface,Fresh
SAMP_0431,1.54,21.1,69.3,32.56,skin_surface,Fresh
SAMP_0432,14.33,26.6,56.0,381.29,skin_surface,Advanced Decay
SAMP_0433,9.63,22.6,65.0,217.62,skin_surface,Active Decay
SAMP_0434,1.07,24.8,58.7,26.44,soil_interface,Fresh
SAMP_0435,0.88,26.1,72.0,22.93,oral_cavity,Fresh
SAMP_0436,12.07,23.6,64.4,284.9,oral_cavity,Active Decay
SAMP_0437,0.76,18.1,40.2,13.67,oral_cavity,Fresh
SAMP_0438,17.25,16.6,72.5,286.38,skin_surface,Active Decay
SAMP_0439,12.25,22.6,61.1,276.85,oral_cavity,Active Decay
SAMP_0440,0.85,21.3,57.1,18.07,soil_interface,Fresh
SAMP_0441,0.89,22.3,44.7,19.77,oral_cavity,Fresh
SAMP_0442,30.0,21.9,51.0,657.0,oral_cavity,Dry Remains
SAMP_0443,4.69,32.0,51.2,150.03,skin_surface,Active Decay
SAMP_0444,4.63,16.7,86.8,77.33,skin_surface,Bloat
SAMP_0445,16.76,14.0,61.6,234.58,oral_cavity,Active Decay
SAMP_0446,29.42,23.3,42.1,685.52,skin_surface,Dry Remains
SAMP_0447,30.0,20.5,46.9,615.0,skin_surface,Dry Remains
SAMP_0448,14.0,23.3,44.0,326.18,oral_cavity,Active Decay
SAMP_0449,4.72,24.3,69.4,114.7,oral_cavity,Bloat
SAMP_0450,0.87,27.1,49.3,23.63,skin_surface,Fresh
SAMP_0451,15.01,16.0,64.9,240.2,oral_cavity,Active Decay
SAMP_0452,8.17,19.8,58.5,161.84,soil_interface,Active Decay
SAMP_0453,5.52,23.7,80.2,130.83,skin_surface,Bloat
SAMP_0454,23.68,25.1,56.0,594.43,oral_cavity,Advanced Decay
SAMP_0455,1.18,30.8,62.9,36.31,oral_cavity,Bloat
SAMP_0456,6.79,25.8,76.1,175.05,oral_cavity,Active Decay
SAMP_0457,0.11,21.8,61.7,2.49,skin_surface,Fresh
SAMP_0458,6.32,18.4,79.7,116.35,skin_surface,Bloat
SAMP_0459,0.58,19.7,73.1,11.42,skin_surface,Fresh
SAMP_0460,1.26,19.6,60.5,24.79,oral_cavity,Fresh
SAMP_0461,1.25,24.6,65.2,30.76,oral_cavity,Fresh
SAMP_0462,10.48,23.0,88.4,240.94,oral_cavity,Active Decay
SAMP_0463,13.71,16.7,73.1,228.89,oral_cavity,Active Decay
SAMP_0464,8.76,20.3,85.2,177.74,skin_surface,Active Decay
SAMP_0465,30.0,25.5,48.9,765.0,soil_interface,Dry Remains
SAMP_0466,4.7,23.4,64.2,109.93,skin_surface,Bloat
SAMP_0467,3.36,24.3,85.4,81.76,skin_surface,Bloat
SAMP_0468,20.3,23.5,56.1,476.93,oral_cavity,Advanced Decay
SAMP_0469,2.53,28.5,88.4,72.13,oral_cavity,Bloat
SAMP_0470,30.0,22.9,44.9,687.0,oral_cavity,Dry Remains
SAMP_0471,0.12,20.5,85.1,2.51,oral_cavity,Fresh
SAMP_0472,30.0,18.3,62.3,549.0,skin_surface,Advanced Decay
SAMP_0473,0.44,23.0,43.7,10.15,oral_cavity,Fresh
SAMP_0474,22.18,12.2,84.0,270.56,soil_interface,Active Decay
SAMP_0475,7.5,21.3,52.6,159.78,soil_interface,Active Decay
SAMP_0476,30.0,21.2,41.1,636.0,oral_cavity,Dry Remains
SAMP_0477,0.77,16.5,46.8,12.65,skin_surface,Fresh
SAMP_0478,8.07,18.3,73.0,147.7,skin_surface,Bloat
SAMP_0479,30.0,25.2,88.9,756.0,oral_cavity,Dry Remains
SAMP_0480,7.4,22.9,45.6,169.56,soil_interface,Active Decay
SAMP_0481,9.93,22.4,63.1,222.35,oral_cavity,Active Decay
SAMP_0482,11.9,23.2,49.0,276.06,skin_surface,Active Decay
SAMP_0483,6.06,22.4,77.3,135.77,oral_cavity,Bloat
SAMP_0484,9.88,27.0,45.9,266.67,oral_cavity,Active Decay
SAMP_0485,8.78,22.5,52.0,197.51,skin_surface,Active Decay
SAMP_0486,23.14,16.2,49.8,374.91,soil_interface,Advanced Decay
SAMP_0487,0.47,28.5,67.6,13.26,oral_cavity,Fresh
SAMP_0488,3.3,23.5,83.7,77.51,oral_cavity,Bloat
SAMP_0489,30.0,19.6,65.6,588.0,skin_surface,Advanced Decay
SAMP_0490,22.1,17.0,42.9,375.64,oral_cavity,Advanced Decay
SAMP_0491,6.08,23.6,68.2,143.53,skin_surface,Bloat
SAMP_0492,9.68,21.5,79.9,208.11,skin_surface,Active Decay
SAMP_0493,3.25,28.3,46.6,91.94,soil_interface,Bloat
SAMP_0494,2.08,20.6,43.6,42.93,skin_surface,Bloat
SAMP_0495,6.23,18.7,49.4,116.51,soil_interface,Bloat
SAMP_0496,4.36,25.6,77.3,111.6,skin_surface,Bloat
SAMP_0497,8.76,25.7,69.6,225.19,soil_interface,Active Decay
SAMP_0498,0.81,22.7,67.0,18.37,oral_cavity,Fresh
SAMP_0499,30.0,24.7,52.5,741.0,skin_surface,Dry Remains
SAMP_0500,30.0,21.8,56.6,654.0,soil_interface,Dry Remains
SAMP_0501,11.98,22.9,88.3,274.31,skin_surface,Active Decay
SAMP_0502,7.68,26.7,52.0,205.08,soil_interface,Active Decay
SAMP_0503,3.7,24.5,85.1,90.74,oral_cavity,Bloat
SAMP_0504,16.81,21.3,69.0,358.03,soil_interface,Advanced Decay
SAMP_0505,11.54,27.4,46.2,316.29,skin_surface,Active Decay
SAMP_0506,1.77,12.5,63.4,22.18,oral_cavity,Fresh
SAMP_0507,24.18,30.2,87.4,730.33,oral_cavity,Dry Remains
SAMP_0508,17.29,15.2,60.9,262.81,oral_cavity,Active Decay
SAMP_0509,29.92,19.5,83.2,583.39,soil_interface,Advanced Decay
SAMP_0510,12.94,21.8,52.8,282.01,skin_surface,Active Decay
SAMP_0511,9.5,21.4,68.5,203.39,soil_interface,Active Decay
SAMP_0512,5.42,26.0,82.2,140.84,skin_surface,Bloat
SAMP_0513,26.99,17.8,86.0,480.43,soil_interface,Advanced Decay
SAMP_0514,20.1,23.0,64.3,462.39,skin_surface,Advanced Decay
SAMP_0515,0.46,19.7,72.0,9.12,oral_cavity,Fresh
SAMP_0516,0.27,23.2,40.1,6.2,oral_cavity,Fresh
SAMP_0517,4.72,21.7,52.7,102.5,soil_interface,Bloat
SAMP_0518,16.64,22.4,53.9,372.66,oral_cavity,Advanced Decay
SAMP_0519,30.0,19.8,44.7,594.0,oral_cavity,Advanced Decay
SAMP_0520,1.63,20.0,54.0,32.6,oral_cavity,Fresh
SAMP_0521,9.02,23.1,56.1,208.3,oral_cavity,Active Decay
SAMP_0522,4.79,25.8,88.4,123.7,soil_interface,Bloat
SAMP_0523,30.0,19.6,73.4,588.0,skin_surface,Advanced Decay
SAMP_0524,18.46,18.5,61.3,341.49,skin_surface,Active Decay
SAMP_0525,18.22,24.5,89.4,446.44,soil_interface,Advanced Decay
SAMP_0526,6.32,21.9,47.7,138.5,skin_surface,Bloat
SAMP_0527,5.36,25.3,63.8,135.57,soil_interface,Bloat
SAMP_0528,3.19,18.4,72.4,58.77,oral_cavity,Bloat
SAMP_0529,0.58,14.9,42.8,8.65,soil_interface,Fresh
SAMP_0530,20.0,19.9,75.8,398.08,oral_cavity,Advanced Decay
SAMP_0531,16.76,18.9,45.0,316.79,skin_surface,Active Decay
SAMP_0532,30.0,21.7,47.0,651.0,skin_surface,Dry Remains
SAMP_0533,30.0,19.5,48.0,585.0,oral_cavity,Advanced Decay
SAMP_0534,8.11,25.0,86.4,202.66,oral_cavity,Active Decay
SAMP_0535,14.65,20.8,74.2,304.78,oral_cavity,Active Decay
SAMP_0536,28.96,22.6,72.8,654.53,oral_cavity,Dry Remains
SAMP_0537,18.95,22.6,67.8,428.22,skin_surface,Advanced Decay
SAMP_0538,2.84,22.8,54.6,64.79,soil_interface,Bloat
SAMP_0539,5.99,21.9,71.0,131.14,skin_surface,Bloat
SAMP_0540,1.38,24.0,60.5,33.19,skin_surface,Fresh
SAMP_0541,30.0,18.8,47.3,564.0,oral_cavity,Advanced Decay
SAMP_0542,9.32,27.6,74.5,257.19,oral_cavity,Active Decay
SAMP_0543,2.6,21.1,46.5,54.78,skin_surface,Bloat
SAMP_0544,11.14,16.8,49.5,187.12,soil_interface,Active Decay
SAMP_0545,9.63,22.8,80.9,219.49,soil_interface,Active Decay
SAMP_0546,4.43,18.6,73.0,82.48,oral_cavity,Bloat
SAMP_0547,1.21,24.7,71.5,29.77,skin_surface,Fresh
SAMP_0548,11.13,30.8,60.9,342.94,skin_surface,Active Decay
SAMP_0549,7.35,18.9,59.8,138.84,skin_surface,Bloat
SAMP_0550,14.8,23.3,74.5,344.8,skin_surface,Active Decay
SAMP_0551,7.34,15.0,77.0,110.15,skin_surface,Bloat
SAMP_0552,19.12,23.8,65.5,455.0,oral_cavity,Advanced Decay
SAMP_0553,8.03,18.5,88.5,148.51,soil_interface,Bloat
SAMP_0554,8.23,19.5,87.8,160.51,oral_cavity,Active Decay
SAMP_0555,20.93,17.6,60.6,368.33,skin_surface,Advanced Decay
SAMP_0556,5.17,24.9,81.0,128.65,soil_interface,Bloat
SAMP_0557,1.44,26.0,67.2,37.41,skin_surface,Bloat
SAMP_0558,0.29,22.1,65.6,6.45,oral_cavity,Fresh
SAMP_0559,14.07,18.5,42.7,260.31,oral_cavity,Active Decay
SAMP_0560,9.68,28.4,68.7,275.03,skin_surface,Active Decay
SAMP_0561,12.18,19.0,85.0,231.36,oral_cavity,Active Decay
SAMP_0562,2.39,13.4,79.0,32.09,skin_surface,Fresh
SAMP_0563,1.47,23.8,79.3,34.89,oral_cavity,Fresh
SAMP_0564,0.15,17.6,48.0,2.58,soil_interface,Fresh
SAMP_0565,4.32,26.0,57.9,112.24,oral_cavity,Bloat
SAMP_0566,8.91,20.5,51.7,182.74,skin_surface,Active Decay
SAMP_0567,4.98,24.4,55.8,121.51,skin_surface,Bloat
SAMP_0568,5.75,27.6,69.0,158.79,skin_surface,Active Decay
SAMP_0569,23.45,17.2,58.2,403.35,oral_cavity,Advanced Decay
SAMP_0570,4.28,19.7,68.0,84.34,skin_surface,Bloat
SAMP_0571,7.22,21.7,61.9,156.57,skin_surface,Active Decay
SAMP_0572,15.31,28.2,54.3,431.71,oral_cavity,Advanced Decay
SAMP_0573,5.05,19.4,44.8,97.99,soil_interface,Bloat
SAMP_0574,9.73,19.6,84.6,190.73,soil_interface,Active Decay
SAMP_0575,19.83,23.9,40.6,473.97,oral_cavity,Advanced Decay
SAMP_0576,29.86,19.7,40.1,588.28,skin_surface,Advanced Decay
SAMP_0577,1.59,22.6,81.3,35.95,skin_surface,Bloat
SAMP_0578,26.12,15.8,89.8,412.64,oral_cavity,Advanced Decay
SAMP_0579,6.78,30.9,76.4,209.35,oral_cavity,Active Decay
SAMP_0580,2.99,16.6,40.8,49.59,soil_interface,Bloat
SAMP_0581,6.15,20.7,51.3,127.22,skin_surface,Bloat
SAMP_0582,30.0,21.9,88.6,657.0,soil_interface,Dry Remains
SAMP_0583,6.78,29.7,80.4,201.51,skin_surface,Active Decay
SAMP_0584,3.99,16.7,68.3,66.57,oral_cavity,Bloat
SAMP_0585,10.03,29.9,51.8,300.04,oral_cavity,Active Decay
SAMP_0586,2.75,25.0,40.7,68.66,skin_surface,Bloat
SAMP_0587,0.79,23.7,41.0,18.7,skin_surface,Fresh
SAMP_0588,1.38,18.1,70.6,24.97,oral_cavity,Fresh
SAMP_0589,1.37,24.3,41.1,33.3,skin_surface,Fresh
SAMP_0590,1.65,19.1,89.7,31.47,soil_interface,Fresh
SAMP_0591,1.49,27.1,49.2,40.5,skin_surface,Bloat
SAMP_0592,10.24,18.1,75.5,185.36,oral_cavity,Active Decay
SAMP_0593,2.01,21.5,47.8,43.16,oral_cavity,Bloat
SAMP_0594,4.24,19.8,67.0,83.98,soil_interface,Bloat
SAMP_0595,22.71,18.0,44.0,408.78,soil_interface,Advanced Decay
SAMP_0596,6.42,25.0,78.3,160.6,oral_cavity,Active Decay
SAMP_0597,11.01,24.1,69.2,265.41,soil_interface,Active Decay
SAMP_0598,1.89,26.8,44.3,50.69,oral_cavity,Bloat
SAMP_0599,2.14,14.9,82.4,31.82,oral_cavity,Fresh
SAMP_0600,0.42,26.3,67.4,10.97,oral_cavity,Fresh
SAMP_0601,1.85,32.0,86.1,59.22,oral_cavity,Bloat
SAMP_0602,3.27,20.2,85.8,65.96,soil_interface,Bloat
SAMP_0603,1.95,29.6,86.0,57.66,skin_surface,Bloat
SAMP_0604,0.93,20.9,43.9,19.41,oral_cavity,Fresh
SAMP_0605,1.29,16.5,46.0,21.21,soil_interface,Fresh
SAMP_0606,6.18,20.8,89.4,128.47,soil_interface,Bloat
SAMP_0607,2.31,26.2,64.4,60.55,oral_cavity,Bloat
SAMP_0608,4.53,18.6,51.9,84.25,skin_surface,Bloat
SAMP_0609,7.0,19.6,78.5,137.2,skin_surface,Bloat
SAMP_0610,11.72,24.4,53.2,286.08,skin_surface,Active Decay
SAMP_0611,0.4,22.0,76.4,8.82,skin_surface,Fresh
SAMP_0612,16.06,24.3,81.9,390.38,oral_cavity,Advanced Decay
SAMP_0613,9.89,23.0,79.2,227.38,oral_cavity,Active Decay
SAMP_0614,0.85,23.9,53.7,20.39,soil_interface,Fresh
SAMP_0615,20.68,20.3,60.1,419.83,soil_interface,Advanced Decay
SAMP_0616,25.37,22.9,60.7,580.9,oral_cavity,Advanced Decay
SAMP_0617,0.63,18.3,64.6,11.53,oral_cavity,Fresh
SAMP_0618,3.24,27.2,48.4,88.18,soil_interface,Bloat
SAMP_0619,16.41,19.5,62.6,319.98,oral_cavity,Active Decay
SAMP_0620,13.79,26.5,65.5,365.53,oral_cavity,Advanced Decay
SAMP_0621,2.04,21.1,66.6,43.04,oral_cavity,Bloat
SAMP_0622,2.35,22.8,81.0,53.56,skin_surface,Bloat
SAMP_0623,4.63,20.0,65.9,92.56,oral_cavity,Bloat
SAMP_0624,6.63,17.9,51.5,118.62,skin_surface,Bloat
SAMP_0625,9.63,15.0,73.2,144.45,oral_cavity,Bloat
SAMP_0626,4.6,17.8,79.9,81.94,soil_interface,Bloat
SAMP_0627,6.21,20.7,56.0,128.52,soil_interface,Bloat
SAMP_0628,13.76,22.8,72.3,313.78,soil_interface,Active Decay
SAMP_0629,0.37,26.0,47.3,9.72,soil_interface,Fresh
SAMP_0630,2.91,20.2,57.1,58.77,skin_surface,Bloat
SAMP_0631,12.49,18.5,85.5,231.16,oral_cavity,Active Decay
SAMP_0632,22.56,16.2,85.6,365.43,oral_cavity,Advanced Decay
SAMP_0633,7.17,23.9,68.8,171.31,oral_cavity,Active Decay
SAMP_0634,7.6,27.5,75.1,208.87,oral_cavity,Active Decay
SAMP_0635,1.13,27.1,82.7,30.72,skin_surface,Fresh
SAMP_0636,5.93,24.8,87.9,147.1,soil_interface,Bloat
SAMP_0637,7.61,24.6,64.5,187.11,skin_surface,Active Decay
SAMP_0638,2.78,28.8,68.1,79.98,skin_surface,Bloat
SAMP_0639,3.14,23.3,60.8,73.09,skin_surface,Bloat
SAMP_0640,4.74,24.6,43.6,116.52,oral_cavity,Bloat
SAMP_0641,0.2,20.7,61.1,4.2,soil_interface,Fresh
SAMP_0642,3.89,16.6,79.5,64.53,skin_surface,Bloat
SAMP_0643,2.38,19.3,80.2,45.85,oral_cavity,Bloat
SAMP_0644,3.97,22.0,84.6,87.28,soil_interface,Bloat
SAMP_0645,1.28,22.2,42.6,28.32,skin_surface,Fresh
SAMP_0646,22.12,29.7,66.4,656.99,skin_surface,Dry Remains
SAMP_0647,9.0,22.3,45.4,200.79,skin_surface,Active Decay
SAMP_0648,11.37,26.7,50.0,303.48,skin_surface,Active Decay
SAMP_0649,15.57,20.3,85.0,316.01,oral_cavity,Active Decay
SAMP_0650,6.9,20.8,64.8,143.53,soil_interface,Bloat
SAMP_0651,0.91,16.7,77.9,15.19,soil_interface,Fresh
SAMP_0652,7.7,19.0,43.2,146.35,skin_surface,Bloat
SAMP_0653,8.84,24.1,60.8,213.03,skin_surface,Active Decay
SAMP_0654,13.68,22.0,73.7,301.01,soil_interface,Active Decay
SAMP_0655,5.65,25.8,46.7,145.78,oral_cavity,Bloat
SAMP_0656,1.36,22.7,56.3,30.98,soil_interface,Fresh
SAMP_0657,3.34,20.6,43.2,68.76,skin_surface,Bloat
SAMP_0658,4.51,30.6,72.6,138.04,skin_surface,Bloat
SAMP_0659,10.38,21.6,88.5,224.26,skin_surface,Active Decay
SAMP_0660,8.46,26.7,81.4,225.82,skin_surface,Active Decay
SAMP_0661,4.4,20.4,88.7,89.8,oral_cavity,Bloat
SAMP_0662,30.0,24.8,82.3,744.0,skin_surface,Dry Remains
SAMP_0663,9.31,25.7,82.8,239.22,skin_surface,Active Decay
SAMP_0664,2.71,22.8,68.9,61.74,skin_surface,Bloat
SAMP_0665,1.07,12.6,65.9,13.53,oral_cavity,Fresh
SAMP_0666,1.66,22.1,60.3,36.66,skin_surface,Bloat
SAMP_0667,2.82,26.9,80.9,75.94,skin_surface,Bloat
SAMP_0668,1.75,24.1,49.1,42.21,soil_interface,Bloat
SAMP_0669,2.06,23.8,42.8,49.15,soil_interface,Bloat
SAMP_0670,3.36,15.1,87.4,50.68,soil_interface,Bloat
SAMP_0671,1.9,19.1,40.2,36.37,oral_cavity,Bloat
SAMP_0672,22.71,23.6,88.8,535.9,soil_interface,Advanced Decay
SAMP_0673,0.84,23.6,76.4,19.74,oral_cavity,Fresh
SAMP_0674,7.43,26.9,56.4,199.98,oral_cavity,Active Decay
SAMP_0675,5.28,21.4,74.9,113.06,oral_cavity,Bloat
SAMP_0676,30.0,23.6,80.9,708.0,soil_interface,Dry Remains
SAMP_0677,1.19,22.1,52.3,26.26,oral_cavity,Fresh
SAMP_0678,5.07,18.1,78.5,91.81,oral_cavity,Bloat
SAMP_0679,30.0,13.0,80.2,390.0,oral_cavity,Advanced Decay
SAMP_0680,20.06,23.7,52.5,475.48,skin_surface,Advanced Decay
SAMP_0681,16.99,22.7,42.1,385.6,soil_interface,Advanced Decay
SAMP_0682,2.98,19.5,50.2,58.16,skin_surface,Bloat
SAMP_0683,1.87,15.5,50.0,29.05,skin_surface,Fresh
SAMP_0684,11.05,24.5,43.3,270.62,oral_cavity,Active Decay
SAMP_0685,26.5,20.9,76.3,553.93,oral_cavity,Advanced Decay
SAMP_0686,8.14,24.2,59.0,196.9,oral_cavity,Active Decay
SAMP_0687,8.48,29.5,84.2,250.08,skin_surface,Active Decay
SAMP_0688,3.28,13.4,52.6,44.02,skin_surface,Bloat
SAMP_0689,14.67,19.2,62.7,281.75,oral_cavity,Active Decay
SAMP_0690,2.07,21.2,72.0,43.9,soil_interface,Bloat
SAMP_0691,3.91,27.8,83.9,108.72,soil_interface,Bloat
SAMP_0692,5.54,15.5,66.2,85.89,oral_cavity,Bloat
SAMP_0693,7.08,29.7,58.7,210.42,oral_cavity,Active Decay
SAMP_0694,2.78,22.5,83.4,62.46,skin_surface,Bloat
SAMP_0695,1.22,21.6,55.5,26.35,oral_cavity,Fresh
SAMP_0696,9.43,21.2,44.0,199.96,oral_cavity,Active Decay
SAMP_0697,3.41,20.3,62.3,69.13,oral_cavity,Bloat
SAMP_0698,8.7,26.2,79.3,228.06,soil_interface,Active Decay
SAMP_0699,1.68,17.7,41.5,29.68,skin_surface,Fresh
SAMP_0700,6.56,23.4,69.3,153.53,oral_cavity,Active Decay
SAMP_0701,7.61,20.5,69.7,155.91,oral_cavity,Active Decay
SAMP_0702,0.53,19.0,86.4,10.11,oral_cavity,Fresh
SAMP_0703,4.1,32.0,54.3,131.32,oral_cavity,Bloat
SAMP_0704,1.44,23.7,53.9,34.21,skin_surface,Fresh
SAMP_0705,0.65,24.5,62.0,16.04,soil_interface,Fresh
SAMP_0706,30.0,26.6,57.8,798.0,oral_cavity,Dry Remains
SAMP_0707,3.89,16.3,76.8,63.43,oral_cavity,Bloat
SAMP_0708,16.6,29.0,72.1,481.42,oral_cavity,Advanced Decay
SAMP_0709,2.94,12.0,77.9,35.27,oral_cavity,Bloat
SAMP_0710,11.44,18.9,81.0,216.24,soil_interface,Active Decay
SAMP_0711,14.28,20.2,86.1,288.47,oral_cavity,Active Decay
SAMP_0712,9.05,24.3,61.5,220.02,oral_cavity,Active Decay
SAMP_0713,6.38,22.9,89.2,146.07,oral_cavity,Bloat
SAMP_0714,5.31,21.3,50.8,113.05,skin_surface,Bloat
SAMP_0715,4.29,22.0,75.7,94.39,soil_interface,Bloat
SAMP_0716,26.53,18.1,66.7,480.11,oral_cavity,Advanced Decay
SAMP_0717,17.76,16.0,80.8,284.1,skin_surface,Active Decay
SAMP_0718,30.0,24.9,63.8,747.0,oral_cavity,Dry Remains
SAMP_0719,1.33,24.8,79.2,32.92,skin_surface,Fresh
SAMP_0720,13.13,28.3,86.5,371.45,skin_surface,Advanced Decay
SAMP_0721,27.86,18.8,76.6,523.79,skin_surface,Advanced Decay
SAMP_0722,2.0,24.8,78.8,49.59,skin_surface,Bloat
SAMP_0723,0.69,20.9,43.4,14.38,soil_interface,Fresh
SAMP_0724,13.51,26.8,50.2,362.17,skin_surface,Advanced Decay
SAMP_0725,8.54,26.1,88.7,223.01,skin_surface,Active Decay
SAMP_0726,18.44,22.8,74.7,420.45,skin_surface,Advanced Decay
SAMP_0727,1.51,20.6,68.1,31.01,skin_surface,Fresh
SAMP_0728,15.86,25.8,58.3,409.2,oral_cavity,Advanced Decay
SAMP_0729,2.25,24.6,42.2,55.39,oral_cavity,Bloat
SAMP_0730,1.79,19.3,58.5,34.49,oral_cavity,Fresh
SAMP_0731,1.79,16.7,64.9,29.97,skin_surface,Fresh
SAMP_0732,16.85,20.8,50.6,350.5,skin_surface,Advanced Decay
SAMP_0733,10.94,28.1,48.7,307.47,oral_cavity,Active Decay
SAMP_0734,7.4,26.6,65.4,196.94,skin_surface,Active Decay
SAMP_0735,4.44,17.6,69.3,78.23,soil_interface,Bloat
SAMP_0736,20.97,17.3,52.0,362.82,oral_cavity,Advanced Decay
SAMP_0737,4.98,27.1,69.4,135.04,oral_cavity,Bloat
SAMP_0738,16.96,17.5,85.0,296.81,soil_interface,Active Decay
SAMP_0739,5.78,24.0,63.7,138.79,skin_surface,Bloat
SAMP_0740,4.73,19.5,82.9,92.26,oral_cavity,Bloat
SAMP_0741,6.21,28.5,86.4,177.03,skin_surface,Active Decay
SAMP_0742,3.59,18.9,44.6,67.78,skin_surface,Bloat
SAMP_0743,13.77,26.6,44.8,366.22,skin_surface,Advanced Decay
SAMP_0744,6.99,22.7,63.8,158.58,skin_surface,Active Decay
SAMP_0745,2.64,23.0,69.4,60.78,skin_surface,Bloat
SAMP_0746,22.98,14.1,61.3,324.07,skin_surface,Active Decay
SAMP_0747,4.84,13.2,56.3,63.93,oral_cavity,Bloat
SAMP_0748,7.84,21.1,72.0,165.48,skin_surface,Active Decay
SAMP_0749,23.69,23.0,40.1,544.98,soil_interface,Advanced Decay
SAMP_0750,9.79,17.5,88.4,171.29,oral_cavity,Active Decay
SAMP_0751,1.24,17.6,51.6,21.88,skin_surface,Fresh
SAMP_0752,28.11,24.2,85.9,680.17,oral_cavity,Dry Remains
SAMP_0753,9.88,24.3,45.5,240.1,oral_cavity,Active Decay
SAMP_0754,4.08,21.4,51.9,87.27,soil_interface,Bloat
SAMP_0755,1.5,25.1,51.7,37.64,oral_cavity,Bloat
SAMP_0756,15.8,17.3,89.8,273.34,oral_cavity,Active Decay
SAMP_0757,9.68,20.6,40.2,199.36,skin_surface,Active Decay
SAMP_0758,7.62,28.6,72.0,218.05,skin_surface,Active Decay
SAMP_0759,22.43,22.3,83.5,500.26,skin_surface,Advanced Decay
SAMP_0760,15.54,22.5,73.6,349.65,oral_cavity,Active Decay
SAMP_0761,1.64,31.2,58.1,51.32,oral_cavity,Bloat
SAMP_0762,3.74,16.4,87.9,61.26,oral_cavity,Bloat
SAMP_0763,2.86,25.2,84.7,71.99,skin_surface,Bloat
SAMP_0764,13.62,28.7,61.7,391.0,skin_surface,Advanced Decay
SAMP_0765,0.34,20.7,68.7,7.06,skin_surface,Fresh
SAMP_0766,8.44,25.4,88.4,214.3,skin_surface,Active Decay
SAMP_0767,14.37,18.1,89.1,260.17,oral_cavity,Active Decay
SAMP_0768,20.94,19.3,62.5,404.08,skin_surface,Advanced Decay
SAMP_0769,4.19,23.5,82.4,98.39,oral_cavity,Bloat
SAMP_0770,17.22,25.2,55.1,433.9,oral_cavity,Advanced Decay
SAMP_0771,1.17,26.5,58.6,31.07,skin_surface,Fresh
SAMP_0772,18.74,28.3,48.2,530.27,oral_cavity,Advanced Decay
SAMP_0773,1.36,21.7,50.5,29.59,skin_surface,Fresh
SAMP_0774,5.06,26.8,72.8,135.69,oral_cavity,Bloat
SAMP_0775,15.96,20.6,65.5,328.78,skin_surface,Active Decay
SAMP_0776,1.62,25.6,51.6,41.58,oral_cavity,Bloat
SAMP_0777,2.6,22.8,60.1,59.37,soil_interface,Bloat
SAMP_0778,12.81,23.8,58.7,304.89,oral_cavity,Active Decay
SAMP_0779,12.73,23.7,89.4,301.72,skin_surface,Active Decay
SAMP_0780,10.25,15.6,82.7,159.88,soil_interface,Active Decay
SAMP_0781,11.84,17.5,59.4,207.2,skin_surface,Active Decay
SAMP_0782,7.82,22.4,85.7,175.27,skin_surface,Active Decay
SAMP_0783,2.9,15.3,57.1,44.38,skin_surface,Bloat
SAMP_0784,4.24,25.3,73.4,107.32,skin_surface,Bloat
SAMP_0785,2.0,25.5,88.3,51.1,soil_interface,Bloat
SAMP_0786,23.91,23.3,59.5,557.07,oral_cavity,Advanced Decay
SAMP_0787,8.76,17.5,74.0,153.23,soil_interface,Active Decay
SAMP_0788,5.12,27.5,54.8,140.87,skin_surface,Bloat
SAMP_0789,6.2,30.1,53.3,186.59,soil_interface,Active Decay
SAMP_0790,29.43,22.6,68.7,665.08,oral_cavity,Dry Remains
SAMP_0791,1.66,24.0,89.0,39.95,soil_interface,Bloat
SAMP_0792,8.82,22.8,62.7,201.2,oral_cavity,Active Decay
SAMP_0793,7.05,24.1,86.9,169.9,skin_surface,Active Decay
SAMP_0794,9.45,21.5,85.7,203.25,skin_surface,Active Decay
SAMP_0795,0.18,21.9,52.7,4.0,skin_surface,Fresh
SAMP_0796,20.57,25.6,60.1,526.51,skin_surface,Advanced Decay
SAMP_0797,26.9,31.4,72.2,844.66,oral_cavity,Dry Remains
SAMP_0798,8.33,16.4,65.9,136.57,skin_surface,Bloat
SAMP_0799,11.93,21.6,44.8,257.66,oral_cavity,Active Decay
SAMP_0800,25.57,17.3,89.7,442.44,skin_surface,Advanced Decay
SAMP_0801,12.28,28.4,77.6,348.86,skin_surface,Active Decay
SAMP_0802,1.66,19.6,61.9,32.44,oral_cavity,Fresh
SAMP_0803,8.59,16.2,70.9,139.11,skin_surface,Bloat
SAMP_0804,9.33,24.6,44.4,229.57,skin_surface,Active Decay
SAMP_0805,5.52,29.0,64.8,160.04,oral_cavity,Active Decay
SAMP_0806,13.33,24.7,86.5,329.37,soil_interface,Active Decay
SAMP_0807,27.24,22.8,84.8,621.0,skin_surface,Dry Remains
SAMP_0808,25.98,23.6,56.9,613.1,oral_cavity,Dry Remains
SAMP_0809,5.99,27.7,66.6,166.02,oral_cavity,Active Decay
SAMP_0810,1.2,18.5,74.9,22.23,skin_surface,Fresh
SAMP_0811,30.0,21.6,57.0,648.0,oral_cavity,Dry Remains
SAMP_0812,18.26,20.2,43.2,368.8,oral_cavity,Advanced Decay
SAMP_0813,1.33,17.3,65.3,23.03,oral_cavity,Fresh
SAMP_0814,25.36,20.7,70.1,525.02,skin_surface,Advanced Decay
SAMP_0815,20.39,26.4,40.3,538.41,skin_surface,Advanced Decay
SAMP_0816,7.32,24.3,44.8,177.77,oral_cavity,Active Decay
SAMP_0817,8.95,24.6,50.4,220.1,skin_surface,Active Decay
SAMP_0818,5.09,22.6,57.4,115.07,soil_interface,Bloat
SAMP_0819,0.56,24.1,67.1,13.57,soil_interface,Fresh
SAMP_0820,4.08,18.8,54.7,76.75,soil_interface,Bloat
SAMP_0821,16.24,20.8,53.8,337.75,soil_interface,Active Decay
SAMP_0822,0.1,22.8,83.5,2.28,oral_cavity,Fresh
SAMP_0823,4.06,23.1,47.3,93.72,oral_cavity,Bloat
SAMP_0824,5.08,23.3,64.8,118.31,skin_surface,Bloat
SAMP_0825,7.71,21.4,87.6,164.97,skin_surface,Active Decay
SAMP_0826,25.24,20.5,71.3,517.4,soil_interface,Advanced Decay
SAMP_0827,4.25,32.0,75.9,136.06,oral_cavity,Bloat
SAMP_0828,4.26,25.6,61.6,109.08,skin_surface,Bloat
SAMP_0829,13.38,23.7,41.0,316.99,skin_surface,Active Decay
SAMP_0830,6.02,21.1,72.3,127.0,skin_surface,Bloat
SAMP_0831,2.54,20.2,71.6,51.39,skin_surface,Bloat
SAMP_0832,6.02,21.5,45.5,129.49,oral_cavity,Bloat
SAMP_0833,1.52,23.2,63.1,35.22,soil_interface,Bloat
SAMP_0834,1.94,14.5,85.8,28.14,skin_surface,Fresh
SAMP_0835,6.9,15.7,50.3,108.31,skin_surface,Bloat
SAMP_0836,5.43,19.5,63.1,105.86,oral_cavity,Bloat
SAMP_0837,24.63,22.8,63.1,561.63,skin_surface,Advanced Decay
SAMP_0838,4.5,21.0,80.5,94.51,oral_cavity,Bloat
SAMP_0839,8.69,27.9,81.2,242.42,oral_cavity,Active Decay
SAMP_0840,10.0,16.1,78.0,161.06,oral_cavity,Active Decay
SAMP_0841,0.13,19.0,58.3,2.5,oral_cavity,Fresh
SAMP_0842,10.89,28.1,43.6,306.08,skin_surface,Active Decay
SAMP_0843,1.96,22.5,57.5,44.11,oral_cavity,Bloat
SAMP_0844,30.0,25.5,74.0,765.0,soil_interface,Dry Remains
SAMP_0845,1.61,30.2,75.1,48.61,oral_cavity,Bloat
SAMP_0846,5.36,19.2,88.3,102.82,oral_cavity,Bloat
SAMP_0847,0.89,21.6,62.7,19.27,soil_interface,Fresh
SAMP_0848,30.0,20.9,71.6,627.0,oral_cavity,Dry Remains
SAMP_0849,6.98,14.2,67.0,99.05,oral_cavity,Bloat
SAMP_0850,9.05,20.8,47.5,188.2,oral_cavity,Active Decay
SAMP_0851,0.69,25.5,63.1,17.71,soil_interface,Fresh
SAMP_0852,13.86,24.2,67.2,335.44,soil_interface,Active Decay
SAMP_0853,2.36,24.5,87.5,57.72,oral_cavity,Bloat
SAMP_0854,22.83,20.5,58.3,468.08,skin_surface,Advanced Decay
SAMP_0855,2.3,19.4,89.0,44.54,skin_surface,Bloat
SAMP_0856,2.12,27.1,67.1,57.34,soil_interface,Bloat
SAMP_0857,0.37,20.0,52.1,7.45,oral_cavity,Fresh
SAMP_0858,6.39,23.2,49.6,148.2,soil_interface,Bloat
SAMP_0859,8.32,22.7,47.1,188.87,oral_cavity,Active Decay
SAMP_0860,0.68,27.8,62.6,18.89,oral_cavity,Fresh
SAMP_0861,14.94,25.9,41.1,386.95,oral_cavity,Advanced Decay
SAMP_0862,6.04,16.8,62.3,101.44,skin_surface,Bloat
SAMP_0863,7.43,17.2,89.4,127.82,skin_surface,Bloat
SAMP_0864,5.81,24.3,73.5,141.23,skin_surface,Bloat
SAMP_0865,5.12,21.7,78.0,111.13,skin_surface,Bloat
SAMP_0866,8.2,20.2,46.0,165.67,skin_surface,Active Decay
SAMP_0867,1.69,26.1,63.7,44.03,skin_surface,Bloat
SAMP_0868,2.01,22.7,54.3,45.58,oral_cavity,Bloat
SAMP_0869,19.79,22.2,84.7,439.33,skin_surface,Advanced Decay
SAMP_0870,29.21,25.1,49.1,733.15,oral_cavity,Dry Remains
SAMP_0871,4.67,20.5,62.9,95.8,skin_surface,Bloat
SAMP_0872,3.16,28.3,69.4,89.35,skin_surface,Bloat
SAMP_0873,10.33,18.8,65.7,194.17,skin_surface,Active Decay
SAMP_0874,5.25,24.6,81.5,129.27,skin_surface,Bloat
SAMP_0875,0.26,27.7,51.6,7.12,oral_cavity,Fresh
SAMP_0876,1.7,16.5,58.9,28.01,skin_surface,Fresh
SAMP_0877,12.59,20.6,79.6,259.29,oral_cavity,Active Decay
SAMP_0878,10.76,26.6,66.4,286.12,soil_interface,Active Decay
SAMP_0879,0.27,26.6,60.1,7.31,oral_cavity,Fresh
SAMP_0880,2.51,21.3,41.5,53.46,skin_surface,Bloat
SAMP_0881,2.63,19.1,77.7,50.19,skin_surface,Bloat
SAMP_0882,11.14,25.8,88.6,287.52,soil_interface,Active Decay
SAMP_0883,0.2,26.7,71.0,5.32,skin_surface,Fresh
SAMP_0884,1.1,17.3,82.8,19.02,oral_cavity,Fresh
SAMP_0885,16.09,17.2,65.8,276.75,skin_surface,Active Decay
SAMP_0886,1.97,22.9,51.6,45.04,oral_cavity,Bloat
SAMP_0887,10.58,24.5,40.7,259.14,skin_surface,Active Decay
SAMP_0888,2.72,20.8,72.7,56.59,soil_interface,Bloat
SAMP_0889,1.05,24.7,64.7,25.87,oral_cavity,Fresh
SAMP_0890,2.79,19.2,79.1,53.49,skin_surface,Bloat
SAMP_0891,12.81,13.5,74.7,172.95,soil_interface,Active Decay
SAMP_0892,19.36,20.3,89.4,392.97,oral_cavity,Advanced Decay
SAMP_0893,17.73,22.3,65.5,395.43,skin_surface,Advanced Decay
SAMP_0894,5.06,20.9,61.4,105.78,soil_interface,Bloat
SAMP_0895,11.03,17.4,54.3,191.9,soil_interface,Active Decay
SAMP_0896,2.29,14.7,63.8,33.72,skin_surface,Fresh
SAMP_0897,3.47,19.9,83.6,69.04,oral_cavity,Bloat
SAMP_0898,22.67,25.6,42.1,580.25,oral_cavity,Advanced Decay
SAMP_0899,0.13,27.0,88.9,3.53,skin_surface,Fresh
SAMP_0900,0.89,26.8,89.7,23.96,oral_cavity,Fresh
SAMP_0901,2.33,18.7,69.9,43.58,oral_cavity,Bloat
SAMP_0902,0.27,17.4,56.6,4.68,skin_surface,Fresh
SAMP_0903,2.0,24.0,51.2,48.05,skin_surface,Bloat
SAMP_0904,8.75,24.5,53.8,214.32,soil_interface,Active Decay
SAMP_0905,5.47,23.6,42.5,129.14,oral_cavity,Bloat
SAMP_0906,22.32,13.9,63.8,310.23,oral_cavity,Active Decay
SAMP_0907,17.01,18.5,42.9,314.63,soil_interface,Active Decay
SAMP_0908,4.18,21.9,75.9,91.6,skin_surface,Bloat
SAMP_0909,3.0,23.9,58.6,71.78,soil_interface,Bloat
SAMP_0910,4.78,25.1,50.0,119.86,soil_interface,Bloat
SAMP_0911,8.92,22.6,67.2,201.66,soil_interface,Active Decay
SAMP_0912,3.12,23.3,88.7,72.71,skin_surface,Bloat
SAMP_0913,9.79,22.3,74.8,218.22,oral_cavity,Active Decay
SAMP_0914,5.27,24.7,64.6,130.08,skin_surface,Bloat
SAMP_0915,8.03,23.3,78.8,187.11,skin_surface,Active Decay
SAMP_0916,5.73,22.3,76.9,127.76,oral_cavity,Bloat
SAMP_0917,3.49,20.9,84.6,72.9,skin_surface,Bloat
SAMP_0918,29.65,22.3,50.2,661.25,oral_cavity,Dry Remains
SAMP_0919,14.42,23.9,82.9,344.7,skin_surface,Active Decay
SAMP_0920,1.51,23.1,55.1,34.87,oral_cavity,Fresh
SAMP_0921,20.29,23.5,87.0,476.7,skin_surface,Advanced Decay
SAMP_0922,6.68,27.4,54.1,183.12,soil_interface,Active Decay
SAMP_0923,22.5,23.1,86.3,519.64,oral_cavity,Advanced Decay
SAMP_0924,16.09,19.4,88.2,312.09,skin_surface,Active Decay
SAMP_0925,5.54,25.5,47.3,141.21,oral_cavity,Bloat
SAMP_0926,0.23,16.5,88.7,3.75,soil_interface,Fresh
SAMP_0927,3.13,17.7,44.3,55.38,soil_interface,Bloat
SAMP_0928,7.8,23.3,50.9,181.76,soil_interface,Active Decay
SAMP_0929,10.04,24.1,62.2,241.89,soil_interface,Active Decay
SAMP_0930,2.98,17.0,89.7,50.7,skin_surface,Bloat
SAMP_0931,1.5,20.5,64.4,30.77,oral_cavity,Fresh
SAMP_0932,18.01,19.6,67.5,353.07,oral_cavity,Advanced Decay
SAMP_0933,30.0,20.1,74.7,603.0,skin_surface,Dry Remains
SAMP_0934,7.46,25.8,88.4,192.44,skin_surface,Active Decay
SAMP_0935,1.88,24.8,79.2,46.71,skin_surface,Bloat
SAMP_0936,3.18,21.9,51.2,69.61,oral_cavity,Bloat
SAMP_0937,0.19,19.8,55.1,3.68,oral_cavity,Fresh
SAMP_0938,24.57,16.6,44.9,407.84,skin_surface,Advanced Decay
SAMP_0939,1.25,27.7,72.2,34.7,oral_cavity,Fresh
SAMP_0940,8.59,24.4,49.0,209.65,skin_surface,Active Decay
SAMP_0941,3.2,19.2,52.9,61.49,skin_surface,Bloat
SAMP_0942,8.08,24.9,84.4,201.15,skin_surface,Active Decay
SAMP_0943,10.54,21.7,56.3,228.69,oral_cavity,Active Decay
SAMP_0944,17.7,20.9,68.3,370.02,soil_interface,Advanced Decay
SAMP_0945,2.31,23.7,59.9,54.79,oral_cavity,Bloat
SAMP_0946,0.11,19.0,43.7,2.1,oral_cavity,Fresh
SAMP_0947,1.47,20.6,58.1,30.32,skin_surface,Fresh
SAMP_0948,23.03,22.5,60.4,518.12,oral_cavity,Advanced Decay
SAMP_0949,20.71,20.0,84.8,414.12,oral_cavity,Advanced Decay
SAMP_0950,9.1,24.7,56.2,224.73,oral_cavity,Active Decay
SAMP_0951,9.18,29.5,59.0,270.69,skin_surface,Active Decay
SAMP_0952,10.94,19.0,79.1,207.81,soil_interface,Active Decay
SAMP_0953,1.93,15.3,77.9,29.5,skin_surface,Fresh
SAMP_0954,24.58,14.0,79.9,344.15,skin_surface,Active Decay
SAMP_0955,5.43,21.4,87.7,116.12,oral_cavity,Bloat
SAMP_0956,4.83,19.3,79.8,93.24,oral_cavity,Bloat
SAMP_0957,7.32,22.8,60.4,166.83,oral_cavity,Active Decay
SAMP_0958,0.48,22.5,81.1,10.82,soil_interface,Fresh
SAMP_0959,1.82,15.6,65.4,28.37,oral_cavity,Fresh
SAMP_0960,13.4,14.7,53.9,196.91,soil_interface,Active Decay
SAMP_0961,0.86,23.2,55.1,20.05,oral_cavity,Fresh
SAMP_0962,9.24,22.5,51.2,207.95,skin_surface,Active Decay
SAMP_0963,2.82,20.3,47.2,57.14,soil_interface,Bloat
SAMP_0964,4.93,15.4,49.2,75.94,oral_cavity,Bloat
SAMP_0965,3.41,23.9,43.2,81.42,skin_surface,Bloat
SAMP_0966,4.4,27.1,84.4,119.12,oral_cavity,Bloat
SAMP_0967,12.7,23.1,86.6,293.27,oral_cavity,Active Decay
SAMP_0968,3.53,18.6,69.3,65.58,oral_cavity,Bloat
SAMP_0969,8.36,22.2,82.0,185.51,soil_interface,Active Decay
SAMP_0970,6.46,16.5,49.2,106.65,oral_cavity,Bloat
SAMP_0971,10.9,26.2,85.1,285.49,oral_cavity,Active Decay
SAMP_0972,27.62,22.3,65.3,615.91,soil_interface,Dry Remains
SAMP_0973,13.19,14.9,43.4,196.52,oral_cavity,Active Decay
SAMP_0974,2.42,20.8,47.1,50.34,skin_surface,Bloat
SAMP_0975,0.32,23.9,55.4,7.57,soil_interface,Fresh
SAMP_0976,3.04,20.7,42.2,62.96,oral_cavity,Bloat
SAMP_0977,9.04,20.9,55.5,188.95,oral_cavity,Active Decay
SAMP_0978,0.53,17.1,43.0,9.03,soil_interface,Fresh
SAMP_0979,6.86,24.3,51.8,166.68,oral_cavity,Active Decay
SAMP_0980,9.08,19.4,53.3,176.24,oral_cavity,Active Decay
SAMP_0981,4.07,13.4,89.7,54.52,skin_surface,Bloat
SAMP_0982,14.74,20.5,51.8,302.1,skin_surface,Active Decay
SAMP_0983,1.13,25.9,52.0,29.19,oral_cavity,Fresh
SAMP_0984,0.78,20.5,74.3,16.01,oral_cavity,Fresh
SAMP_0985,13.03,29.0,83.0,377.77,oral_cavity,Advanced Decay
SAMP_0986,6.84,23.7,59.4,162.15,oral_cavity,Active Decay
SAMP_0987,11.66,23.4,83.8,272.85,skin_surface,Active Decay
SAMP_0988,5.71,21.5,57.0,122.68,oral_cavity,Bloat
SAMP_0989,2.83,21.7,49.9,61.39,skin_surface,Bloat
SAMP_0990,17.1,20.9,56.5,357.35,skin_surface,Advanced Decay
SAMP_0991,16.07,20.8,70.5,334.16,oral_cavity,Active Decay
SAMP_0992,11.86,24.1,58.4,285.93,oral_cavity,Active Decay
SAMP_0993,3.18,18.3,73.6,58.13,oral_cavity,Bloat
SAMP_0994,8.92,17.7,51.8,157.91,oral_cavity,Active Decay
SAMP_0995,4.48,17.5,75.0,78.37,skin_surface,Bloat
SAMP_0996,0.96,30.2,57.4,29.01,skin_surface,Fresh
SAMP_0997,24.93,24.1,62.8,600.74,oral_cavity,Dry Remains
SAMP_0998,1.47,23.2,67.9,34.13,skin_surface,Fresh
SAMP_0999,30.0,17.8,74.3,534.0,soil_interface,Advanced Decay
SAMP_1000,5.91,24.5,51.9,144.7,oral_cavity,Bloat
SAMP_1001,2.05,21.5,81.8,44.02,skin_surface,Bloat
SAMP_1002,7.81,22.9,76.1,178.77,skin_surface,Active Decay
SAMP_1003,20.63,18.1,51.7,373.43,oral_cavity,Advanced Decay
SAMP_1004,13.18,22.6,88.7,297.78,skin_surface,Active Decay
SAMP_1005,16.43,20.3,73.2,333.49,soil_interface,Active Decay
SAMP_1006,10.75,18.9,62.6,203.22,oral_cavity,Active Decay
SAMP_1007,11.79,24.9,47.9,293.46,soil_interface,Active Decay
SAMP_1008,18.92,15.8,66.7,298.9,oral_cavity,Active Decay
SAMP_1009,2.87,24.3,48.2,69.8,oral_cavity,Bloat
SAMP_1010,6.72,24.7,61.5,166.04,skin_surface,Active Decay
SAMP_1011,2.5,18.5,60.4,46.25,oral_cavity,Bloat
SAMP_1012,30.0,18.7,76.0,561.0,skin_surface,Advanced Decay
SAMP_1013,28.83,21.1,49.6,608.41,oral_cavity,Dry Remains
SAMP_1014,0.4,23.1,81.1,9.29,skin_surface,Fresh
SAMP_1015,12.23,21.4,56.3,261.66,skin_surface,Active Decay
SAMP_1016,25.94,23.7,62.2,614.68,skin_surface,Dry Remains
SAMP_1017,1.99,29.1,78.6,57.95,oral_cavity,Bloat
SAMP_1018,8.39,20.0,71.3,167.84,oral_cavity,Active Decay
SAMP_1019,24.71,15.1,55.4,373.1,oral_cavity,Advanced Decay
SAMP_1020,0.35,25.3,59.3,8.74,skin_surface,Fresh
SAMP_1021,11.95,28.7,55.3,343.08,oral_cavity,Active Decay
SAMP_1022,3.53,23.6,69.7,83.28,skin_surface,Bloat
SAMP_1023,25.82,17.6,56.6,454.48,oral_cavity,Advanced Decay
SAMP_1024,30.0,21.5,76.3,645.0,skin_surface,Dry Remains
SAMP_1025,28.87,17.5,69.0,505.26,skin_surface,Advanced Decay
SAMP_1026,6.43,24.6,47.3,158.14,skin_surface,Active Decay
SAMP_1027,19.81,16.6,55.5,328.81,skin_surface,Active Decay
SAMP_1028,18.61,20.8,51.1,387.18,skin_surface,Advanced Decay
SAMP_1029,3.84,18.0,59.5,69.18,soil_interface,Bloat
SAMP_1030,17.66,22.5,65.8,397.26,skin_surface,Advanced Decay
SAMP_1031,0.38,20.5,65.3,7.73,skin_surface,Fresh
SAMP_1032,9.07,22.7,77.7,205.89,soil_interface,Active Decay
SAMP_1033,2.61,22.1,49.5,57.76,soil_interface,Bloat
SAMP_1034,1.28,18.1,87.3,23.25,skin_surface,Fresh
SAMP_1035,0.8,24.5,57.1,19.62,oral_cavity,Fresh
SAMP_1036,11.92,21.8,55.0,259.79,skin_surface,Active Decay
SAMP_1037,4.15,18.0,74.3,74.76,oral_cavity,Bloat
SAMP_1038,12.9,31.0,80.3,399.94,skin_surface,Advanced Decay
SAMP_1039,0.68,23.9,58.9,16.15,skin_surface,Fresh
SAMP_1040,3.79,21.4,77.3,81.05,skin_surface,Bloat
SAMP_1041,7.75,27.7,84.2,214.79,skin_surface,Active Decay
SAMP_1042,15.64,29.4,78.3,459.84,skin_surface,Advanced Decay
SAMP_1043,3.84,21.4,41.7,82.14,oral_cavity,Bloat
SAMP_1044,9.83,23.4,81.4,230.07,oral_cavity,Active Decay
SAMP_1045,21.71,18.0,78.7,390.85,skin_surface,Advanced Decay
SAMP_1046,9.57,21.4,73.5,204.75,skin_surface,Active Decay
SAMP_1047,2.65,21.2,78.0,56.23,skin_surface,Bloat
SAMP_1048,0.25,22.7,89.0,5.61,oral_cavity,Fresh
SAMP_1049,20.41,23.3,61.6,475.55,oral_cavity,Advanced Decay
SAMP_1050,0.21,24.2,43.4,5.2,skin_surface,Fresh
SAMP_1051,20.77,23.0,63.0,477.72,skin_surface,Advanced Decay
SAMP_1052,7.53,17.2,42.3,129.48,oral_cavity,Bloat
SAMP_1053,27.98,18.2,54.7,509.23,skin_surface,Advanced Decay
SAMP_1054,16.03,19.8,69.3,317.47,oral_cavity,Active Decay
SAMP_1055,30.0,20.9,55.5,627.0,oral_cavity,Dry Remains
SAMP_1056,4.32,26.2,74.3,113.15,oral_cavity,Bloat
SAMP_1057,14.58,17.3,81.1,252.15,skin_surface,Active Decay
SAMP_1058,5.14,20.6,61.0,105.89,soil_interface,Bloat
SAMP_1059,6.54,25.8,85.0,168.65,oral_cavity,Active Decay
SAMP_1060,9.88,20.8,44.0,205.41,oral_cavity,Active Decay
SAMP_1061,20.69,23.8,82.0,492.4,skin_surface,Advanced Decay
SAMP_1062,30.0,21.4,81.4,642.0,soil_interface,Dry Remains
SAMP_1063,14.62,23.0,56.1,336.31,oral_cavity,Active Decay
SAMP_1064,5.41,21.1,54.9,114.13,oral_cavity,Bloat
SAMP_1065,5.47,24.7,55.3,135.13,oral_cavity,Bloat
SAMP_1066,13.38,15.8,80.6,211.38,oral_cavity,Active Decay
SAMP_1067,2.73,20.5,81.6,55.93,skin_surface,Bloat
SAMP_1068,1.17,23.2,56.5,27.16,soil_interface,Fresh
SAMP_1069,4.38,24.1,69.6,105.54,skin_surface,Bloat
SAMP_1070,3.39,28.0,46.9,94.81,soil_interface,Bloat
SAMP_1071,3.51,20.4,63.4,71.69,skin_surface,Bloat
SAMP_1072,2.66,27.9,89.9,74.23,soil_interface,Bloat
SAMP_1073,0.43,19.4,47.9,8.34,oral_cavity,Fresh
SAMP_1074,0.18,27.3,87.4,4.92,oral_cavity,Fresh
SAMP_1075,30.0,25.3,81.2,759.0,skin_surface,Dry Remains
SAMP_1076,5.58,18.3,88.6,102.15,oral_cavity,Bloat
SAMP_1077,4.85,23.2,49.0,112.53,oral_cavity,Bloat
SAMP_1078,11.38,21.8,50.7,248.16,skin_surface,Active Decay
SAMP_1079,2.46,24.5,40.8,60.33,oral_cavity,Bloat
SAMP_1080,29.95,21.1,76.2,631.94,skin_surface,Dry Remains
SAMP_1081,15.43,20.8,72.2,321.03,oral_cavity,Active Decay
SAMP_1082,0.94,27.5,48.9,25.76,skin_surface,Fresh
SAMP_1083,5.41,21.6,79.6,116.76,oral_cavity,Bloat
SAMP_1084,21.13,25.3,55.0,534.57,skin_surface,Advanced Decay
SAMP_1085,28.96,21.1,46.7,610.96,oral_cavity,Dry Remains
SAMP_1086,6.3,28.7,61.1,180.81,skin_surface,Active Decay
SAMP_1087,9.5,19.3,44.5,183.43,skin_surface,Active Decay
SAMP_1088,1.83,19.5,53.2,35.64,oral_cavity,Bloat
SAMP_1089,30.0,28.1,58.6,843.0,oral_cavity,Dry Remains
SAMP_1090,2.64,20.2,82.6,53.23,oral_cavity,Bloat
SAMP_1091,28.6,28.4,79.6,812.24,skin_surface,Dry Remains
SAMP_1092,10.49,25.6,62.1,268.5,skin_surface,Active Decay
SAMP_1093,9.36,21.4,76.2,200.27,oral_cavity,Active Decay
SAMP_1094,7.19,14.7,68.4,105.67,skin_surface,Bloat
SAMP_1095,2.62,21.9,57.0,57.43,soil_interface,Bloat
SAMP_1096,1.94,22.4,76.3,43.51,oral_cavity,Bloat
SAMP_1097,2.49,26.7,74.2,66.51,skin_surface,Bloat
SAMP_1098,2.06,28.4,71.0,58.6,skin_surface,Bloat
SAMP_1099,15.12,19.3,70.9,291.86,skin_surface,Active Decay
SAMP_1100,4.31,25.2,74.1,108.61,oral_cavity,Bloat
SAMP_1101,0.6,25.1,59.2,14.96,oral_cavity,Fresh
SAMP_1102,30.0,26.3,83.5,789.0,oral_cavity,Dry Remains
SAMP_1103,21.52,24.0,48.1,516.56,skin_surface,Advanced Decay
SAMP_1104,26.28,14.2,84.2,373.13,skin_surface,Advanced Decay
SAMP_1105,30.0,21.4,57.1,642.0,oral_cavity,Dry Remains
SAMP_1106,1.91,17.4,46.3,33.24,oral_cavity,Fresh
SAMP_1107,5.05,21.2,70.0,106.97,oral_cavity,Bloat
SAMP_1108,14.2,25.9,58.8,367.73,soil_interface,Advanced Decay
SAMP_1109,11.91,23.2,80.8,276.26,oral_cavity,Active Decay
SAMP_1110,1.67,26.6,61.5,44.45,skin_surface,Bloat
SAMP_1111,16.92,23.4,73.4,395.91,skin_surface,Advanced Decay
SAMP_1112,2.54,16.8,55.4,42.7,soil_interface,Bloat
SAMP_1113,2.53,12.0,50.5,30.4,skin_surface,Fresh
SAMP_1114,7.7,22.6,59.4,174.01,oral_cavity,Active Decay
SAMP_1115,8.99,21.1,70.3,189.65,soil_interface,Active Decay
SAMP_1116,8.68,18.1,72.8,157.05,skin_surface,Active Decay
SAMP_1117,0.96,15.2,68.9,14.58,skin_surface,Fresh
SAMP_1118,20.99,19.1,89.4,400.97,oral_cavity,Advanced Decay
SAMP_1119,3.09,21.2,74.6,65.44,oral_cavity,Bloat
SAMP_1120,1.39,24.7,86.6,34.26,skin_surface,Fresh
SAMP_1121,21.96,22.8,45.9,500.68,soil_interface,Advanced Decay
SAMP_1122,30.0,28.4,43.1,852.0,skin_surface,Dry Remains
SAMP_1123,19.81,17.9,55.5,354.68,soil_interface,Advanced Decay
SAMP_1124,16.58,25.5,46.8,422.84,skin_surface,Advanced Decay
SAMP_1125,10.65,22.2,66.3,236.41,oral_cavity,Active Decay
SAMP_1126,8.0,24.8,65.9,198.5,skin_surface,Active Decay
SAMP_1127,0.91,20.3,68.8,18.47,skin_surface,Fresh
SAMP_1128,5.25,26.3,77.3,138.08,skin_surface,Bloat
SAMP_1129,4.66,23.2,88.6,108.18,soil_interface,Bloat
SAMP_1130,3.01,19.3,83.9,58.05,oral_cavity,Bloat
SAMP_1131,12.85,22.0,45.9,282.76,oral_cavity,Active Decay
SAMP_1132,6.85,21.0,56.9,143.84,soil_interface,Bloat
SAMP_1133,0.85,24.0,52.8,20.28,oral_cavity,Fresh
SAMP_1134,2.49,17.3,48.8,43.02,skin_surface,Bloat
SAMP_1135,11.5,21.9,67.2,251.78,soil_interface,Active Decay
SAMP_1136,0.79,23.6,67.7,18.69,oral_cavity,Fresh
SAMP_1137,19.05,22.1,51.4,421.05,soil_interface,Advanced Decay
SAMP_1138,6.83,27.4,75.6,187.28,oral_cavity,Active Decay
SAMP_1139,6.55,25.1,76.6,164.42,skin_surface,Active Decay
SAMP_1140,8.97,22.0,41.0,197.45,oral_cavity,Active Decay
SAMP_1141,17.41,22.9,59.8,398.72,skin_surface,Advanced Decay
SAMP_1142,4.27,23.2,84.5,99.16,skin_surface,Bloat
SAMP_1143,11.33,23.6,66.0,267.45,skin_surface,Active Decay
SAMP_1144,8.34,14.7,57.4,122.61,skin_surface,Bloat
SAMP_1145,3.11,20.8,52.7,64.61,soil_interface,Bloat
SAMP_1146,21.09,16.1,52.2,339.53,skin_surface,Active Decay
SAMP_1147,15.97,27.1,45.0,432.69,soil_interface,Advanced Decay
SAMP_1148,10.74,21.8,80.9,234.19,skin_surface,Active Decay
SAMP_1149,19.01,21.2,44.3,403.01,skin_surface,Advanced Decay
SAMP_1150,20.2,25.6,54.6,517.02,oral_cavity,Advanced Decay
SAMP_1151,12.32,23.7,42.3,292.04,soil_interface,Active Decay
SAMP_1152,18.14,17.5,79.1,317.47,oral_cavity,Active Decay
SAMP_1153,11.96,21.7,42.0,259.44,oral_cavity,Active Decay
SAMP_1154,11.4,20.7,55.4,235.95,oral_cavity,Active Decay
SAMP_1155,9.64,15.0,68.7,144.59,oral_cavity,Bloat
SAMP_1156,13.97,19.2,60.5,268.27,soil_interface,Active Decay
SAMP_1157,1.73,21.3,54.1,36.78,oral_cavity,Bloat
SAMP_1158,21.28,21.5,53.8,457.42,soil_interface,Advanced Decay
SAMP_1159,20.55,16.1,79.9,330.78,skin_surface,Active Decay
SAMP_1160,0.3,26.6,88.7,7.9,soil_interface,Fresh
SAMP_1161,17.48,21.6,57.4,377.49,skin_surface,Advanced Decay
SAMP_1162,1.38,22.2,42.0,30.63,oral_cavity,Fresh
SAMP_1163,4.08,23.6,41.8,96.32,skin_surface,Bloat
SAMP_1164,13.61,18.8,78.0,255.8,skin_surface,Active Decay
SAMP_1165,1.75,23.8,67.6,41.71,oral_cavity,Bloat
SAMP_1166,17.04,20.5,79.2,349.23,oral_cavity,Active Decay
SAMP_1167,17.85,18.4,74.9,328.36,oral_cavity,Active Decay
SAMP_1168,7.08,24.3,85.4,172.09,oral_cavity,Active Decay
SAMP_1169,0.1,28.0,84.3,2.8,skin_surface,Fresh
SAMP_1170,3.38,24.9,79.4,84.24,oral_cavity,Bloat
SAMP_1171,9.6,25.7,63.8,246.6,skin_surface,Active Decay
SAMP_1172,30.0,19.9,55.4,597.0,soil_interface,Advanced Decay
SAMP_1173,9.99,15.6,65.4,155.87,oral_cavity,Active Decay
SAMP_1174,3.01,28.0,65.1,84.24,skin_surface,Bloat
SAMP_1175,10.05,30.2,70.5,303.55,oral_cavity,Active Decay
SAMP_1176,7.76,28.2,49.3,218.97,oral_cavity,Active Decay
SAMP_1177,15.13,20.7,72.8,313.28,skin_surface,Active Decay
SAMP_1178,1.13,17.4,62.8,19.69,oral_cavity,Fresh
SAMP_1179,14.31,17.7,71.0,253.36,oral_cavity,Active Decay
SAMP_1180,7.79,15.3,52.0,119.23,oral_cavity,Bloat
SAMP_1181,30.0,21.6,61.7,648.0,soil_interface,Dry Remains
SAMP_1182,4.18,28.4,50.5,118.81,skin_surface,Bloat
SAMP_1183,10.01,21.4,83.8,214.29,soil_interface,Active Decay
SAMP_1184,26.89,23.2,64.4,623.77,soil_interface,Dry Remains
SAMP_1185,1.08,27.5,51.2,29.74,oral_cavity,Fresh
SAMP_1186,27.68,20.4,42.1,564.72,oral_cavity,Advanced Decay
SAMP_1187,11.64,30.1,73.8,350.48,oral_cavity,Advanced Decay
SAMP_1188,0.7,30.0,50.7,21.07,skin_surface,Fresh
SAMP_1189,3.58,21.5,89.5,76.98,skin_surface,Bloat
SAMP_1190,12.32,19.7,66.7,242.62,oral_cavity,Active Decay
SAMP_1191,0.7,24.8,54.4,17.29,oral_cavity,Fresh
SAMP_1192,8.73,20.6,72.9,179.77,oral_cavity,Active Decay
SAMP_1193,4.24,17.4,53.8,73.86,soil_interface,Bloat
SAMP_1194,9.7,27.1,81.0,262.87,soil_interface,Active Decay
SAMP_1195,0.47,26.9,55.4,12.59,oral_cavity,Fresh
SAMP_1196,20.52,22.6,89.4,463.78,oral_cavity,Advanced Decay
SAMP_1197,30.0,16.9,70.3,507.0,oral_cavity,Advanced Decay
SAMP_1198,30.0,17.1,82.2,513.0,soil_interface,Advanced Decay
SAMP_1199,13.85,22.4,43.6,310.22,soil_interface,Active Decay
SAMP_1200,1.39,20.0,57.4,27.87,oral_cavity,Fresh
SAMP_1201,14.2,20.6,76.9,292.5,oral_cavity,Active Decay
SAMP_1202,0.25,26.1,72.8,6.5,oral_cavity,Fresh
SAMP_1203,0.22,24.9,49.7,5.57,skin_surface,Fresh
SAMP_1204,3.91,27.5,57.8,107.52,skin_surface,Bloat
SAMP_1205,6.71,18.0,53.2,120.72,skin_surface,Bloat
SAMP_1206,14.71,20.6,70.7,303.12,soil_interface,Active Decay
SAMP_1207,11.5,25.0,57.2,287.45,oral_cavity,Active Decay
SAMP_1208,5.9,23.8,55.5,140.52,skin_surface,Bloat
SAMP_1209,3.2,28.1,50.4,89.83,oral_cavity,Bloat
SAMP_1210,30.0,23.7,60.5,711.0,oral_cavity,Dry Remains
SAMP_1211,5.55,29.4,49.8,163.3,skin_surface,Active Decay
SAMP_1212,6.0,24.2,88.1,145.29,soil_interface,Bloat
SAMP_1213,1.79,26.2,47.7,46.81,skin_surface,Bloat
SAMP_1214,15.84,20.7,85.7,327.85,skin_surface,Active Decay
SAMP_1215,11.83,22.1,61.4,261.47,skin_surface,Active Decay
SAMP_1216,2.49,25.6,58.9,63.86,oral_cavity,Bloat
SAMP_1217,0.86,28.5,51.6,24.5,skin_surface,Fresh
SAMP_1218,11.41,24.9,71.8,284.11,skin_surface,Active Decay
SAMP_1219,10.63,21.7,74.3,230.63,skin_surface,Active Decay
SAMP_1220,3.19,27.5,63.4,87.78,skin_surface,Bloat
SAMP_1221,30.0,13.2,42.8,396.0,skin_surface,Advanced Decay
SAMP_1222,1.64,16.3,85.9,26.69,soil_interface,Fresh
SAMP_1223,5.66,24.7,89.0,139.86,oral_cavity,Bloat
SAMP_1224,28.76,22.1,61.6,635.5,soil_interface,Dry Remains
SAMP_1225,5.44,24.4,70.7,132.8,soil_interface,Bloat
SAMP_1226,10.18,22.3,62.5,226.92,oral_cavity,Active Decay
SAMP_1227,5.07,24.3,56.1,123.16,skin_surface,Bloat
SAMP_1228,3.21,18.7,43.9,59.93,oral_cavity,Bloat
SAMP_1229,30.0,24.3,62.8,729.0,oral_cavity,Dry Remains
SAMP_1230,5.27,26.0,80.9,136.89,skin_surface,Bloat
SAMP_1231,22.45,26.9,40.9,603.97,soil_interface,Dry Remains
SAMP_1232,2.61,30.1,69.1,78.65,oral_cavity,Bloat
SAMP_1233,2.4,23.0,84.0,55.12,soil_interface,Bloat
SAMP_1234,0.32,23.1,50.9,7.31,skin_surface,Fresh
SAMP_1235,10.55,15.9,49.2,167.68,soil_interface,Active Decay
SAMP_1236,4.6,19.9,78.6,91.48,soil_interface,Bloat
SAMP_1237,19.98,21.2,52.8,423.52,soil_interface,Advanced Decay
SAMP_1238,6.41,26.2,49.6,167.93,skin_surface,Active Decay
SAMP_1239,30.0,19.6,58.9,588.0,soil_interface,Advanced Decay
SAMP_1240,2.05,25.2,59.6,51.71,oral_cavity,Bloat
SAMP_1241,20.3,22.0,83.7,446.53,oral_cavity,Advanced Decay
SAMP_1242,14.99,21.3,70.9,319.24,oral_cavity,Active Decay
SAMP_1243,14.74,23.0,60.3,338.95,skin_surface,Active Decay
SAMP_1244,18.63,20.4,66.7,380.04,oral_cavity,Advanced Decay
SAMP_1245,14.31,20.3,87.7,290.57,oral_cavity,Active Decay
SAMP_1246,9.84,15.2,45.7,149.58,soil_interface,Bloat
SAMP_1247,1.41,21.0,50.4,29.55,skin_surface,Fresh
SAMP_1248,0.33,20.1,88.1,6.65,soil_interface,Fresh
SAMP_1249,25.36,19.9,87.9,504.74,oral_cavity,Advanced Decay
SAMP_1250,9.59,23.7,48.9,227.24,oral_cavity,Active Decay
SAMP_1251,15.92,24.6,47.3,391.7,oral_cavity,Advanced Decay
SAMP_1252,6.57,22.9,61.1,150.42,oral_cavity,Active Decay
SAMP_1253,1.25,26.0,42.5,32.44,oral_cavity,Fresh
SAMP_1254,1.34,24.3,72.7,32.5,oral_cavity,Fresh
SAMP_1255,11.57,20.8,43.9,240.65,oral_cavity,Active Decay
SAMP_1256,5.63,20.1,42.9,113.09,skin_surface,Bloat
SAMP_1257,2.24,23.3,64.3,52.15,oral_cavity,Bloat
SAMP_1258,6.76,24.3,87.9,164.38,oral_cavity,Active Decay
SAMP_1259,0.66,27.6,61.3,18.32,skin_surface,Fresh
SAMP_1260,8.72,26.8,57.8,233.75,skin_surface,Active Decay
SAMP_1261,3.13,19.8,89.9,62.04,soil_interface,Bloat
SAMP_1262,15.97,21.6,66.6,345.02,skin_surface,Active Decay
SAMP_1263,3.72,24.7,58.8,91.78,soil_interface,Bloat
SAMP_1264,6.07,26.3,59.3,159.74,soil_interface,Active Decay
SAMP_1265,0.12,25.8,49.7,3.02,skin_surface,Fresh
SAMP_1266,0.75,21.7,65.6,16.32,skin_surface,Fresh
SAMP_1267,4.98,17.0,61.9,84.73,oral_cavity,Bloat
SAMP_1268,6.54,18.0,53.5,117.69,skin_surface,Bloat
SAMP_1269,9.16,23.1,48.0,211.68,skin_surface,Active Decay
SAMP_1270,3.45,23.4,55.6,80.69,soil_interface,Bloat
SAMP_1271,11.87,17.6,65.4,208.98,skin_surface,Active Decay
SAMP_1272,19.67,22.2,42.9,436.67,soil_interface,Advanced Decay
SAMP_1273,15.13,24.5,47.7,370.8,soil_interface,Advanced Decay
SAMP_1274,0.4,17.4,87.4,7.03,soil_interface,Fresh
SAMP_1275,6.55,26.4,67.1,172.89,oral_cavity,Active Decay
SAMP_1276,1.11,20.5,43.2,22.72,oral_cavity,Fresh
SAMP_1277,2.77,27.0,74.7,74.83,skin_surface,Bloat
SAMP_1278,30.0,19.9,43.1,597.0,skin_surface,Advanced Decay
SAMP_1279,1.54,17.9,76.9,27.52,oral_cavity,Fresh
SAMP_1280,6.91,20.2,77.5,139.57,skin_surface,Bloat
SAMP_1281,9.63,21.6,72.6,207.95,skin_surface,Active Decay
SAMP_1282,12.12,20.4,76.6,247.29,oral_cavity,Active Decay
SAMP_1283,8.2,21.1,44.4,173.06,skin_surface,Active Decay
SAMP_1284,0.1,23.3,76.3,2.33,soil_interface,Fresh
SAMP_1285,3.95,21.3,46.8,84.18,skin_surface,Bloat
SAMP_1286,7.29,21.7,57.0,158.24,skin_surface,Active Decay
SAMP_1287,0.92,15.2,87.1,13.98,oral_cavity,Fresh
SAMP_1288,4.32,23.6,65.1,101.89,skin_surface,Bloat
SAMP_1289,0.34,21.6,88.4,7.29,soil_interface,Fresh
SAMP_1290,0.82,28.4,44.4,23.24,skin_surface,Fresh
SAMP_1291,5.06,18.2,63.9,92.04,oral_cavity,Bloat
SAMP_1292,1.42,14.8,43.1,21.07,skin_surface,Fresh
SAMP_1293,8.38,24.5,71.5,205.38,soil_interface,Active Decay
SAMP_1294,11.69,23.4,43.9,273.65,oral_cavity,Active Decay
SAMP_1295,16.12,18.0,48.8,290.23,skin_surface,Active Decay
SAMP_1296,2.23,15.9,52.9,35.51,oral_cavity,Bloat
SAMP_1297,1.83,28.1,77.4,51.51,skin_surface,Bloat
SAMP_1298,1.1,27.7,48.2,30.59,skin_surface,Fresh
SAMP_1299,10.12,12.1,82.3,122.43,soil_interface,Bloat
SAMP_1300,12.26,20.2,46.6,247.61,skin_surface,Active Decay
SAMP_1301,0.32,28.7,41.8,9.21,skin_surface,Fresh
SAMP_1302,27.52,20.1,59.8,553.19,soil_interface,Advanced Decay
SAMP_1303,0.53,20.0,89.0,10.67,oral_cavity,Fresh
SAMP_1304,7.79,20.9,45.5,162.88,skin_surface,Active Decay
SAMP_1305,12.35,17.5,45.1,216.06,skin_surface,Active Decay
SAMP_1306,20.48,15.2,77.6,311.25,oral_cavity,Active Decay
SAMP_1307,12.52,26.2,55.6,328.04,oral_cavity,Active Decay
SAMP_1308,16.18,14.6,75.9,236.24,skin_surface,Active Decay
SAMP_1309,4.15,23.0,50.0,95.38,oral_cavity,Bloat
SAMP_1310,16.86,25.5,63.0,430.05,oral_cavity,Advanced Decay
SAMP_1311,0.84,16.2,53.3,13.53,soil_interface,Fresh
SAMP_1312,22.52,18.3,62.6,412.13,skin_surface,Advanced Decay
SAMP_1313,7.93,26.9,78.5,213.36,soil_interface,Active Decay
SAMP_1314,17.0,24.1,78.1,409.68,oral_cavity,Advanced Decay
SAMP_1315,6.02,19.5,65.8,117.4,soil_interface,Bloat
SAMP_1316,10.32,26.8,86.4,276.48,skin_surface,Active Decay
SAMP_1317,7.47,26.8,53.2,200.3,soil_interface,Active Decay
SAMP_1318,13.15,23.1,52.0,303.82,oral_cavity,Active Decay
SAMP_1319,0.85,18.4,70.7,15.67,skin_surface,Fresh
SAMP_1320,0.62,20.3,71.1,12.64,skin_surface,Fresh
SAMP_1321,2.84,23.1,42.3,65.56,skin_surface,Bloat
SAMP_1322,1.74,21.2,70.4,36.85,soil_interface,Bloat
SAMP_1323,20.54,25.8,58.7,529.94,oral_cavity,Advanced Decay
SAMP_1324,2.47,15.9,77.4,39.35,soil_interface,Bloat
SAMP_1325,30.0,16.0,80.4,480.0,soil_interface,Advanced Decay
SAMP_1326,4.11,22.7,67.6,93.26,skin_surface,Bloat
SAMP_1327,2.01,20.0,40.1,40.21,oral_cavity,Bloat
SAMP_1328,15.59,19.5,71.8,304.05,soil_interface,Active Decay
SAMP_1329,10.75,14.9,77.4,160.18,skin_surface,Active Decay
SAMP_1330,6.9,22.1,52.4,152.39,soil_interface,Active Decay
SAMP_1331,8.1,21.8,63.2,176.69,soil_interface,Active Decay
SAMP_1332,12.7,24.6,88.3,312.45,oral_cavity,Active Decay
SAMP_1333,2.59,22.3,54.9,57.84,skin_surface,Bloat
SAMP_1334,30.0,21.5,51.2,645.0,skin_surface,Dry Remains
SAMP_1335,30.0,26.7,50.5,801.0,soil_interface,Dry Remains
SAMP_1336,10.51,16.8,67.9,176.53,oral_cavity,Active Decay
SAMP_1337,2.23,24.1,87.5,53.64,oral_cavity,Bloat
SAMP_1338,11.4,15.3,70.4,174.44,soil_interface,Active Decay
SAMP_1339,0.75,18.6,55.2,13.94,oral_cavity,Fresh
SAMP_1340,0.31,17.1,71.9,5.32,skin_surface,Fresh
SAMP_1341,2.98,25.1,71.2,74.79,oral_cavity,Bloat
SAMP_1342,6.21,21.7,69.8,134.77,skin_surface,Bloat
SAMP_1343,20.27,21.9,48.0,443.92,skin_surface,Advanced Decay
SAMP_1344,12.99,17.6,71.7,228.61,skin_surface,Active Decay
SAMP_1345,13.58,20.8,61.5,282.37,soil_interface,Active Decay
SAMP_1346,5.54,18.9,40.9,104.75,oral_cavity,Bloat
SAMP_1347,4.25,23.5,67.0,99.77,oral_cavity,Bloat
SAMP_1348,4.64,18.0,89.5,83.46,skin_surface,Bloat
SAMP_1349,30.0,27.3,57.5,819.0,skin_surface,Dry Remains
SAMP_1350,0.41,15.3,88.3,6.26,skin_surface,Fresh
SAMP_1351,20.18,18.8,44.8,379.32,oral_cavity,Advanced Decay
SAMP_1352,8.64,28.7,76.6,248.07,soil_interface,Active Decay
SAMP_1353,5.77,20.3,45.7,117.2,skin_surface,Bloat
SAMP_1354,12.92,16.7,53.7,215.75,oral_cavity,Active Decay
SAMP_1355,6.67,22.9,68.5,152.71,skin_surface,Active Decay
SAMP_1356,20.67,20.1,69.6,415.45,oral_cavity,Advanced Decay
SAMP_1357,23.1,18.7,78.8,431.9,oral_cavity,Advanced Decay
SAMP_1358,5.48,17.6,70.8,96.39,oral_cavity,Bloat
SAMP_1359,3.24,32.0,69.7,103.71,oral_cavity,Bloat
SAMP_1360,8.97,21.0,85.6,188.44,oral_cavity,Active Decay
SAMP_1361,24.35,14.3,62.6,348.14,skin_surface,Active Decay
SAMP_1362,2.37,28.0,51.3,66.24,skin_surface,Bloat
SAMP_1363,9.75,24.4,48.1,238.0,skin_surface,Active Decay
SAMP_1364,9.98,18.9,60.0,188.71,oral_cavity,Active Decay
SAMP_1365,13.21,18.3,75.6,241.73,soil_interface,Active Decay
SAMP_1366,1.41,24.7,42.1,34.84,soil_interface,Fresh
SAMP_1367,12.58,21.0,46.5,264.21,soil_interface,Active Decay
SAMP_1368,23.97,14.3,45.3,342.81,oral_cavity,Active Decay
SAMP_1369,1.98,29.1,69.3,57.64,skin_surface,Bloat
SAMP_1370,2.71,20.3,52.1,55.06,oral_cavity,Bloat
SAMP_1371,30.0,28.0,48.3,840.0,soil_interface,Dry Remains
SAMP_1372,2.0,27.1,69.6,54.1,oral_cavity,Bloat
SAMP_1373,19.27,18.0,78.1,346.82,oral_cavity,Active Decay
SAMP_1374,6.78,26.1,56.6,176.91,skin_surface,Active Decay
SAMP_1375,2.84,19.4,68.9,55.1,skin_surface,Bloat
SAMP_1376,20.46,14.5,44.9,296.67,skin_surface,Active Decay
SAMP_1377,5.89,20.3,86.8,119.64,oral_cavity,Bloat
SAMP_1378,7.23,23.6,56.8,170.68,skin_surface,Active Decay
SAMP_1379,4.45,20.1,89.9,89.46,soil_interface,Bloat
SAMP_1380,8.99,20.8,88.9,186.95,soil_interface,Active Decay
SAMP_1381,1.79,26.6,78.9,47.5,skin_surface,Bloat
SAMP_1382,4.96,22.4,41.0,111.12,skin_surface,Bloat
SAMP_1383,30.0,18.6,67.2,558.0,oral_cavity,Advanced Decay
SAMP_1384,2.99,24.8,44.3,74.05,oral_cavity,Bloat
SAMP_1385,10.69,22.8,84.8,243.79,oral_cavity,Active Decay
SAMP_1386,3.93,12.0,79.5,47.2,skin_surface,Bloat
SAMP_1387,14.85,23.7,88.6,351.92,skin_surface,Advanced Decay
SAMP_1388,1.4,23.6,70.4,33.1,skin_surface,Fresh
SAMP_1389,30.0,22.1,66.1,663.0,oral_cavity,Dry Remains
SAMP_1390,6.05,25.6,65.9,154.82,skin_surface,Active Decay
SAMP_1391,2.69,19.3,59.3,51.97,oral_cavity,Bloat
SAMP_1392,0.76,23.3,63.4,17.79,skin_surface,Fresh
SAMP_1393,1.86,15.7,71.8,29.21,oral_cavity,Fresh
SAMP_1394,7.33,23.6,86.6,173.11,skin_surface,Active Decay
SAMP_1395,4.11,29.8,69.8,122.47,skin_surface,Bloat
SAMP_1396,17.65,18.0,82.9,317.77,oral_cavity,Active Decay
SAMP_1397,5.64,19.0,83.1,107.1,oral_cavity,Bloat
SAMP_1398,2.86,19.2,65.9,54.91,skin_surface,Bloat
SAMP_1399,9.6,22.5,57.4,216.02,oral_cavity,Active Decay
SAMP_1400,12.27,17.7,72.0,217.15,skin_surface,Active Decay
SAMP_1401,1.83,23.7,62.3,43.32,skin_surface,Bloat
SAMP_1402,1.83,25.4,44.1,46.6,oral_cavity,Bloat
SAMP_1403,0.37,24.1,58.9,9.0,skin_surface,Fresh
SAMP_1404,13.33,14.9,89.7,198.67,soil_interface,Active Decay
SAMP_1405,10.9,26.0,42.4,283.42,skin_surface,Active Decay
SAMP_1406,6.44,25.7,74.8,165.42,soil_interface,Active Decay
SAMP_1407,18.59,25.3,82.1,470.33,oral_cavity,Advanced Decay
SAMP_1408,16.38,23.5,72.4,384.98,skin_surface,Advanced Decay
SAMP_1409,8.8,22.9,68.5,201.6,skin_surface,Active Decay
SAMP_1410,20.27,26.1,75.4,529.05,soil_interface,Advanced Decay
SAMP_1411,2.3,29.7,61.5,68.45,oral_cavity,Bloat
SAMP_1412,1.19,18.2,44.6,21.6,oral_cavity,Fresh
SAMP_1413,3.14,26.3,88.1,82.68,oral_cavity,Bloat
SAMP_1414,0.59,21.7,61.6,12.76,soil_interface,Fresh
SAMP_1415,7.58,21.5,73.3,162.87,skin_surface,Active Decay
SAMP_1416,27.58,15.9,66.6,438.58,soil_interface,Advanced Decay
SAMP_1417,0.4,20.9,42.7,8.39,oral_cavity,Fresh
SAMP_1418,1.3,18.0,87.6,23.44,oral_cavity,Fresh
SAMP_1419,6.02,20.1,79.6,120.97,oral_cavity,Bloat
SAMP_1420,27.16,17.6,47.5,478.05,skin_surface,Advanced Decay
SAMP_1421,3.8,20.2,89.1,76.77,soil_interface,Bloat
SAMP_1422,7.08,20.4,76.8,144.38,oral_cavity,Bloat
SAMP_1423,0.42,22.4,63.6,9.51,soil_interface,Fresh
SAMP_1424,1.61,15.5,70.6,24.89,oral_cavity,Fresh
SAMP_1425,30.0,16.2,45.3,486.0,skin_surface,Advanced Decay
SAMP_1426,30.0,23.4,68.0,702.0,skin_surface,Dry Remains
SAMP_1427,0.1,18.8,43.7,1.88,oral_cavity,Fresh
SAMP_1428,30.0,26.3,67.2,789.0,oral_cavity,Dry Remains
SAMP_1429,10.19,22.9,67.6,233.4,oral_cavity,Active Decay
SAMP_1430,20.24,24.4,83.7,493.94,oral_cavity,Advanced Decay
SAMP_1431,6.06,27.6,76.3,167.39,soil_interface,Active Decay
SAMP_1432,7.25,20.8,52.5,150.77,soil_interface,Active Decay
SAMP_1433,6.71,19.7,84.4,132.2,skin_surface,Bloat
SAMP_1434,10.99,25.5,68.7,280.3,skin_surface,Active Decay
SAMP_1435,1.5,24.0,70.3,36.1,oral_cavity,Bloat
SAMP_1436,0.3,21.3,48.4,6.48,oral_cavity,Fresh
SAMP_1437,3.68,27.6,82.9,101.59,soil_interface,Bloat
SAMP_1438,12.2,21.2,86.5,258.58,skin_surface,Active Decay
SAMP_1439,2.25,22.1,78.7,49.83,skin_surface,Bloat
SAMP_1440,11.19,22.1,87.0,247.33,skin_surface,Active Decay
SAMP_1441,30.0,18.3,55.1,549.0,skin_surface,Advanced Decay
SAMP_1442,0.99,22.3,83.1,21.99,oral_cavity,Fresh
SAMP_1443,11.17,27.6,64.4,308.18,skin_surface,Active Decay
SAMP_1444,5.87,23.8,48.2,139.6,skin_surface,Bloat
SAMP_1445,20.26,22.1,73.4,447.75,soil_interface,Advanced Decay
SAMP_1446,1.95,21.4,74.2,41.73,skin_surface,Bloat
SAMP_1447,11.8,23.3,54.3,274.87,oral_cavity,Active Decay
SAMP_1448,18.21,25.0,41.4,455.22,oral_cavity,Advanced Decay
SAMP_1449,28.93,24.4,50.0,706.0,skin_surface,Dry Remains
SAMP_1450,11.5,20.7,60.0,237.97,skin_surface,Active Decay
SAMP_1451,6.88,23.3,48.4,160.19,skin_surface,Active Decay
SAMP_1452,9.62,23.9,49.7,229.9,skin_surface,Active Decay
SAMP_1453,20.32,18.0,59.6,365.73,skin_surface,Advanced Decay
SAMP_1454,8.45,22.7,88.1,191.9,oral_cavity,Active Decay
SAMP_1455,0.31,13.4,78.2,4.14,oral_cavity,Fresh
SAMP_1456,26.73,23.9,56.0,638.82,oral_cavity,Dry Remains
SAMP_1457,11.7,24.6,87.6,287.74,oral_cavity,Active Decay
SAMP_1458,11.29,25.0,72.3,282.15,skin_surface,Active Decay
SAMP_1459,2.43,20.4,62.8,49.56,oral_cavity,Bloat
SAMP_1460,10.76,23.2,63.4,249.52,oral_cavity,Active Decay
SAMP_1461,5.01,27.7,60.5,138.68,oral_cavity,Bloat
SAMP_1462,10.53,27.7,51.6,291.78,oral_cavity,Active Decay
SAMP_1463,1.13,21.9,59.3,24.68,soil_interface,Fresh
SAMP_1464,10.72,22.6,66.4,242.38,oral_cavity,Active Decay
SAMP_1465,30.0,26.4,66.4,792.0,skin_surface,Dry Remains
SAMP_1466,0.49,16.0,78.1,7.91,oral_cavity,Fresh
SAMP_1467,30.0,20.7,57.9,621.0,soil_interface,Dry Remains
SAMP_1468,5.22,27.3,75.8,142.62,soil_interface,Bloat
SAMP_1469,20.46,25.9,68.9,529.92,skin_surface,Advanced Decay
SAMP_1470,15.25,23.5,88.1,358.38,soil_interface,Advanced Decay
SAMP_1471,8.37,16.0,59.3,133.93,oral_cavity,Bloat
SAMP_1472,13.41,21.8,85.1,292.37,oral_cavity,Active Decay
SAMP_1473,21.08,19.6,81.0,413.16,oral_cavity,Advanced Decay
SAMP_1474,5.18,23.3,71.9,120.64,oral_cavity,Bloat
SAMP_1475,3.96,18.8,72.7,74.46,oral_cavity,Bloat
SAMP_1476,11.01,17.9,44.2,197.15,oral_cavity,Active Decay
SAMP_1477,16.49,13.7,87.5,225.98,skin_surface,Active Decay
SAMP_1478,14.37,26.9,45.3,386.47,skin_surface,Advanced Decay
SAMP_1479,15.99,20.4,68.2,326.11,oral_cavity,Active Decay
SAMP_1480,5.72,22.6,56.5,129.26,oral_cavity,Bloat
SAMP_1481,17.03,22.0,61.5,374.62,skin_surface,Advanced Decay
SAMP_1482,1.28,17.7,70.5,22.67,skin_surface,Fresh
SAMP_1483,7.86,17.0,85.4,133.68,oral_cavity,Bloat
SAMP_1484,0.1,18.0,62.9,1.8,oral_cavity,Fresh
SAMP_1485,3.92,19.1,89.4,74.95,skin_surface,Bloat
SAMP_1486,4.56,23.5,69.6,107.26,oral_cavity,Bloat
SAMP_1487,5.04,18.8,48.0,94.84,soil_interface,Bloat
SAMP_1488,11.89,29.0,49.5,344.8,oral_cavity,Active Decay
SAMP_1489,4.92,26.1,75.8,128.4,oral_cavity,Bloat
SAMP_1490,5.95,25.2,42.5,150.06,skin_surface,Active Decay
SAMP_1491,2.71,21.5,64.0,58.31,soil_interface,Bloat
SAMP_1492,4.67,28.1,47.4,131.29,skin_surface,Bloat
SAMP_1493,2.58,21.1,61.7,54.4,oral_cavity,Bloat
SAMP_1494,0.76,21.9,77.5,16.65,oral_cavity,Fresh
SAMP_1495,9.25,22.7,62.9,209.96,skin_surface,Active Decay
SAMP_1496,11.03,24.8,48.2,273.61,oral_cavity,Active Decay
SAMP_1497,9.66,24.5,52.6,236.73,skin_surface,Active Decay
SAMP_1498,6.23,20.1,58.4,125.16,skin_surface,Bloat
SAMP_1499,4.78,19.9,43.5,95.06,oral_cavity,Bloat
SAMP_1500,19.9,24.6,69.2,489.59,oral_cavity,Advanced Decay
SAMP_1501,7.32,24.9,70.4,182.28,skin_surface,Active Decay
SAMP_1502,6.52,20.4,43.1,133.08,skin_surface,Bloat
SAMP_1503,0.26,15.7,60.1,4.08,soil_interface,Fresh
SAMP_1504,4.17,21.2,60.7,88.49,oral_cavity,Bloat
SAMP_1505,4.78,24.5,56.7,117.2,skin_surface,Bloat
SAMP_1506,5.09,29.2,67.9,148.59,oral_cavity,Bloat
SAMP_1507,8.68,17.2,57.3,149.28,oral_cavity,Bloat
SAMP_1508,7.63,20.3,60.8,154.83,skin_surface,Active Decay
SAMP_1509,9.36,20.4,79.9,191.0,soil_interface,Active Decay
SAMP_1510,14.48,27.4,48.1,396.66,oral_cavity,Advanced Decay
SAMP_1511,16.77,21.9,71.0,367.17,skin_surface,Advanced Decay
SAMP_1512,12.66,18.4,65.3,233.0,skin_surface,Active Decay
SAMP_1513,30.0,24.2,55.3,726.0,oral_cavity,Dry Remains
SAMP_1514,0.18,20.4,76.4,3.75,soil_interface,Fresh
SAMP_1515,2.18,17.1,67.6,37.26,skin_surface,Bloat
SAMP_1516,0.1,18.4,63.9,1.84,skin_surface,Fresh
SAMP_1517,10.43,28.9,73.4,301.32,skin_surface,Active Decay
SAMP_1518,22.83,23.5,80.1,536.52,skin_surface,Advanced Decay
SAMP_1519,2.79,22.4,88.6,62.5,soil_interface,Bloat
SAMP_1520,26.18,21.0,71.5,549.73,oral_cavity,Advanced Decay
SAMP_1521,0.62,23.2,83.7,14.42,oral_cavity,Fresh
SAMP_1522,27.25,23.1,40.1,629.41,soil_interface,Dry Remains
SAMP_1523,4.33,23.2,66.5,100.52,soil_interface,Bloat
SAMP_1524,1.07,22.5,50.7,24.06,oral_cavity,Fresh
SAMP_1525,6.65,25.5,44.7,169.65,oral_cavity,Active Decay
SAMP_1526,2.97,22.1,66.6,65.58,skin_surface,Bloat
SAMP_1527,3.35,18.1,77.3,60.69,oral_cavity,Bloat
SAMP_1528,3.67,19.6,60.6,71.96,skin_surface,Bloat
SAMP_1529,16.25,14.1,73.5,229.08,oral_cavity,Active Decay
SAMP_1530,7.75,30.1,64.5,233.19,skin_surface,Active Decay
SAMP_1531,3.73,25.5,61.9,95.1,oral_cavity,Bloat
SAMP_1532,9.42,18.7,54.5,176.24,skin_surface,Active Decay
SAMP_1533,12.59,20.9,59.1,263.2,skin_surface,Active Decay
SAMP_1534,3.18,19.5,57.5,62.07,skin_surface,Bloat
SAMP_1535,5.34,28.2,72.3,150.49,oral_cavity,Active Decay
SAMP_1536,1.3,16.3,45.8,21.19,oral_cavity,Fresh
SAMP_1537,2.0,22.5,44.6,44.97,oral_cavity,Bloat
SAMP_1538,11.43,21.6,73.0,246.87,skin_surface,Active Decay
SAMP_1539,2.0,25.3,67.3,50.65,skin_surface,Bloat
SAMP_1540,7.45,21.6,61.5,160.87,oral_cavity,Active Decay
SAMP_1541,12.35,15.0,47.6,185.19,skin_surface,Active Decay
SAMP_1542,1.13,21.0,60.6,23.74,skin_surface,Fresh
SAMP_1543,8.38,18.1,79.5,151.63,skin_surface,Active Decay
SAMP_1544,2.96,22.3,84.5,66.11,oral_cavity,Bloat
SAMP_1545,30.0,27.7,75.1,831.0,soil_interface,Dry Remains
SAMP_1546,6.61,15.0,43.0,99.12,skin_surface,Bloat
SAMP_1547,16.4,18.8,73.5,308.29,soil_interface,Active Decay
SAMP_1548,7.99,19.8,52.0,158.2,oral_cavity,Active Decay
SAMP_1549,0.44,20.5,55.8,9.1,soil_interface,Fresh
SAMP_1550,10.03,25.0,49.8,250.7,oral_cavity,Active Decay
SAMP_1551,30.0,21.3,78.8,639.0,skin_surface,Dry Remains
SAMP_1552,9.2,23.7,72.4,218.12,skin_surface,Active Decay
SAMP_1553,17.1,19.5,70.6,333.51,skin_surface,Active Decay
SAMP_1554,21.56,22.9,73.4,493.71,skin_surface,Advanced Decay
SAMP_1555,2.59,25.1,51.8,64.98,oral_cavity,Bloat
SAMP_1556,2.38,19.1,62.2,45.52,soil_interface,Bloat
SAMP_1557,9.44,25.1,71.7,236.98,skin_surface,Active Decay
SAMP_1558,5.29,22.2,71.8,117.52,soil_interface,Bloat
SAMP_1559,18.32,26.2,79.6,479.91,oral_cavity,Advanced Decay
SAMP_1560,23.03,21.2,54.4,488.2,skin_surface,Advanced Decay
SAMP_1561,4.36,23.5,78.5,102.47,skin_surface,Bloat
SAMP_1562,2.7,21.8,62.0,58.93,skin_surface,Bloat
SAMP_1563,15.17,21.6,73.5,327.57,skin_surface,Active Decay
SAMP_1564,3.21,23.0,62.8,73.9,oral_cavity,Bloat
SAMP_1565,17.29,24.1,87.4,416.79,oral_cavity,Advanced Decay
SAMP_1566,5.51,17.0,49.0,93.7,skin_surface,Bloat
SAMP_1567,11.01,27.7,73.8,305.05,skin_surface,Active Decay
SAMP_1568,1.0,14.6,68.8,14.66,oral_cavity,Fresh
SAMP_1569,9.78,19.3,48.6,188.71,skin_surface,Active Decay
SAMP_1570,6.01,21.6,43.3,129.83,skin_surface,Bloat
SAMP_1571,8.83,23.6,80.0,208.47,skin_surface,Active Decay
SAMP_1572,1.84,28.3,47.9,52.05,oral_cavity,Bloat
SAMP_1573,13.35,14.6,49.3,194.93,skin_surface,Active Decay
SAMP_1574,19.86,20.0,88.9,397.26,skin_surface,Advanced Decay
SAMP_1575,2.44,13.5,75.9,32.98,skin_surface,Fresh
SAMP_1576,1.01,22.1,52.5,22.23,soil_interface,Fresh
SAMP_1577,0.24,23.1,69.5,5.53,skin_surface,Fresh
SAMP_1578,10.27,28.4,66.7,291.71,oral_cavity,Active Decay
SAMP_1579,9.34,22.5,82.2,210.19,oral_cavity,Active Decay
SAMP_1580,7.91,26.2,76.5,207.29,oral_cavity,Active Decay
SAMP_1581,2.64,24.3,81.6,64.13,oral_cavity,Bloat
SAMP_1582,4.96,20.3,50.6,100.64,soil_interface,Bloat
SAMP_1583,9.03,16.4,72.0,148.02,soil_interface,Bloat
SAMP_1584,6.87,23.1,42.0,158.63,skin_surface,Active Decay
SAMP_1585,30.0,16.0,43.4,480.0,oral_cavity,Advanced Decay
SAMP_1586,1.47,27.2,75.7,39.9,oral_cavity,Bloat
SAMP_1587,11.88,21.4,41.2,254.21,soil_interface,Active Decay
SAMP_1588,5.18,26.8,69.0,138.84,soil_interface,Bloat
SAMP_1589,5.59,20.1,82.0,112.35,oral_cavity,Bloat
SAMP_1590,12.64,23.1,59.0,292.08,skin_surface,Active Decay
SAMP_1591,11.79,22.8,42.2,268.83,oral_cavity,Active Decay
SAMP_1592,30.0,21.8,75.7,654.0,oral_cavity,Dry Remains
SAMP_1593,1.37,20.3,86.5,27.9,oral_cavity,Fresh
SAMP_1594,1.1,23.6,75.9,25.95,skin_surface,Fresh
SAMP_1595,12.89,18.3,68.9,235.81,oral_cavity,Active Decay
SAMP_1596,8.64,17.2,51.5,148.55,oral_cavity,Bloat
SAMP_1597,3.2,27.0,40.8,86.52,oral_cavity,Bloat
SAMP_1598,0.83,24.9,74.7,20.6,oral_cavity,Fresh
SAMP_1599,0.9,22.3,51.6,19.97,skin_surface,Fresh
SAMP_1600,22.46,28.7,82.9,644.64,oral_cavity,Dry Remains
SAMP_1601,2.13,20.9,63.3,44.52,soil_interface,Bloat
SAMP_1602,3.91,27.3,66.5,106.64,oral_cavity,Bloat
SAMP_1603,2.57,22.7,77.7,58.35,oral_cavity,Bloat
SAMP_1604,4.38,17.9,79.0,78.49,oral_cavity,Bloat
SAMP_1605,0.72,29.4,72.1,21.15,oral_cavity,Fresh
SAMP_1606,7.32,26.0,86.9,190.32,oral_cavity,Active Decay
SAMP_1607,0.7,21.5,89.1,15.05,oral_cavity,Fresh
SAMP_1608,16.11,24.9,87.3,401.19,soil_interface,Advanced Decay
SAMP_1609,2.66,20.4,81.2,54.3,skin_surface,Bloat
SAMP_1610,7.77,25.3,75.3,196.47,soil_interface,Active Decay
SAMP_1611,21.21,12.4,73.2,262.99,oral_cavity,Active Decay
SAMP_1612,10.52,17.9,45.2,188.37,skin_surface,Active Decay
SAMP_1613,7.61,25.9,53.6,197.19,oral_cavity,Active Decay
SAMP_1614,3.92,21.0,40.3,82.33,skin_surface,Bloat
SAMP_1615,4.05,22.8,46.9,92.33,soil_interface,Bloat
SAMP_1616,11.07,16.6,62.0,183.78,soil_interface,Active Decay
SAMP_1617,30.0,29.4,47.3,882.0,oral_cavity,Dry Remains
SAMP_1618,10.84,26.8,85.1,290.57,oral_cavity,Active Decay
SAMP_1619,8.16,21.2,80.3,172.98,oral_cavity,Active Decay
SAMP_1620,13.12,20.4,43.6,267.6,oral_cavity,Active Decay
SAMP_1621,6.26,26.1,52.4,163.35,oral_cavity,Active Decay
SAMP_1622,0.62,29.9,81.0,18.55,oral_cavity,Fresh
SAMP_1623,8.26,25.8,80.2,213.16,oral_cavity,Active Decay
SAMP_1624,30.0,30.7,87.3,921.0,skin_surface,Dry Remains
SAMP_1625,1.93,18.3,89.9,35.27,skin_surface,Bloat
SAMP_1626,11.71,18.7,88.8,219.01,skin_surface,Active Decay
SAMP_1627,2.24,17.2,60.5,38.58,oral_cavity,Bloat
SAMP_1628,7.67,23.8,52.5,182.66,oral_cavity,Active Decay
SAMP_1629,1.02,22.7,77.9,23.08,skin_surface,Fresh
SAMP_1630,5.99,21.4,55.0,128.08,skin_surface,Bloat
SAMP_1631,14.11,25.2,80.3,355.64,oral_cavity,Advanced Decay
SAMP_1632,4.27,26.9,66.7,114.88,soil_interface,Bloat
SAMP_1633,10.93,15.9,79.7,173.84,oral_cavity,Active Decay
SAMP_1634,15.87,19.6,53.8,311.04,oral_cavity,Active Decay
SAMP_1635,26.2,25.3,65.4,662.79,skin_surface,Dry Remains
SAMP_1636,2.67,20.1,68.2,53.75,oral_cavity,Bloat
SAMP_1637,5.1,18.8,87.2,95.82,skin_surface,Bloat
SAMP_1638,1.65,26.1,53.3,43.16,oral_cavity,Bloat
SAMP_1639,30.0,16.8,86.8,504.0,oral_cavity,Advanced Decay
SAMP_1640,26.17,20.8,80.2,544.4,soil_interface,Advanced Decay
SAMP_1641,7.76,23.3,76.5,180.91,oral_cavity,Active Decay
SAMP_1642,18.45,19.7,79.3,363.54,skin_surface,Advanced Decay
SAMP_1643,7.36,25.1,70.3,184.73,oral_cavity,Active Decay
SAMP_1644,9.77,19.7,52.2,192.48,skin_surface,Active Decay
SAMP_1645,0.93,27.6,49.5,25.76,oral_cavity,Fresh
SAMP_1646,14.08,21.5,83.3,302.63,skin_surface,Active Decay
SAMP_1647,1.37,24.7,76.3,33.75,skin_surface,Fresh
SAMP_1648,17.49,25.0,50.7,437.27,oral_cavity,Advanced Decay
SAMP_1649,15.23,19.5,70.8,297.06,oral_cavity,Active Decay
SAMP_1650,12.34,13.8,62.4,170.23,soil_interface,Active Decay
SAMP_1651,0.37,23.4,47.9,8.62,soil_interface,Fresh
SAMP_1652,3.61,22.3,66.6,80.54,skin_surface,Bloat
SAMP_1653,3.05,24.2,54.1,73.89,skin_surface,Bloat
SAMP_1654,4.47,21.1,44.8,94.21,soil_interface,Bloat
SAMP_1655,0.92,20.3,63.3,18.62,oral_cavity,Fresh
SAMP_1656,27.64,30.0,69.5,829.19,skin_surface,Dry Remains
SAMP_1657,8.07,16.1,42.3,129.93,skin_surface,Bloat
SAMP_1658,3.65,24.9,60.1,90.78,skin_surface,Bloat
SAMP_1659,5.06,19.7,52.9,99.64,oral_cavity,Bloat
SAMP_1660,5.93,20.7,41.5,122.7,skin_surface,Bloat
SAMP_1661,9.18,20.7,46.3,189.98,skin_surface,Active Decay
SAMP_1662,7.25,18.8,47.0,136.3,soil_interface,Bloat
SAMP_1663,25.18,24.3,49.1,611.91,skin_surface,Dry Remains
SAMP_1664,6.87,27.6,80.2,189.64,soil_interface,Active Decay
SAMP_1665,30.0,23.9,62.0,717.0,soil_interface,Dry Remains
SAMP_1666,19.07,22.4,47.4,427.09,skin_surface,Advanced Decay
SAMP_1667,2.34,18.1,45.0,42.32,oral_cavity,Bloat
SAMP_1668,26.68,24.1,54.9,642.94,skin_surface,Dry Remains
SAMP_1669,1.24,30.6,79.9,37.86,soil_interface,Bloat
SAMP_1670,17.01,20.5,58.2,348.65,oral_cavity,Active Decay
SAMP_1671,4.79,20.5,48.0,98.2,skin_surface,Bloat
SAMP_1672,21.04,19.8,60.2,416.5,oral_cavity,Advanced Decay
SAMP_1673,20.25,20.0,67.8,405.08,oral_cavity,Advanced Decay
SAMP_1674,16.4,12.0,41.5,196.74,skin_surface,Active Decay
SAMP_1675,15.61,23.6,71.4,368.35,skin_surface,Advanced Decay
SAMP_1676,3.63,18.6,59.8,67.59,skin_surface,Bloat
SAMP_1677,0.84,15.6,40.5,13.16,soil_interface,Fresh
SAMP_1678,5.16,25.0,73.7,128.95,oral_cavity,Bloat
SAMP_1679,1.91,17.7,75.6,33.73,oral_cavity,Fresh
SAMP_1680,11.87,20.6,71.4,244.58,soil_interface,Active Decay
SAMP_1681,4.25,27.9,57.1,118.52,skin_surface,Bloat
SAMP_1682,30.0,16.4,66.5,492.0,oral_cavity,Advanced Decay
SAMP_1683,10.24,15.9,59.4,162.87,skin_surface,Active Decay
SAMP_1684,17.29,23.1,75.0,399.32,soil_interface,Advanced Decay
SAMP_1685,1.42,26.6,69.2,37.82,skin_surface,Bloat
SAMP_1686,19.81,15.7,44.1,310.96,skin_surface,Active Decay
SAMP_1687,25.61,23.6,72.2,604.35,oral_cavity,Dry Remains
SAMP_1688,6.68,24.3,74.4,162.23,oral_cavity,Active Decay
SAMP_1689,9.32,13.8,58.5,128.62,soil_interface,Bloat
SAMP_1690,14.47,25.2,83.8,364.73,skin_surface,Advanced Decay
SAMP_1691,1.92,25.5,82.2,49.0,oral_cavity,Bloat
SAMP_1692,6.98,20.8,48.8,145.24,skin_surface,Bloat
SAMP_1693,5.09,27.0,85.2,137.32,skin_surface,Bloat
SAMP_1694,1.58,26.5,62.0,41.94,oral_cavity,Bloat
SAMP_1695,4.58,22.4,76.2,102.62,skin_surface,Bloat
SAMP_1696,0.71,20.2,80.7,14.26,oral_cavity,Fresh
SAMP_1697,0.26,18.1,65.3,4.73,oral_cavity,Fresh
SAMP_1698,1.45,21.8,60.0,31.66,skin_surface,Fresh
SAMP_1699,30.0,24.3,85.8,729.0,oral_cavity,Dry Remains
SAMP_1700,7.97,20.7,51.5,165.07,oral_cavity,Active Decay
SAMP_1701,30.0,13.2,52.8,396.0,soil_interface,Advanced Decay
SAMP_1702,5.67,27.1,58.1,153.52,skin_surface,Active Decay
SAMP_1703,3.74,22.8,83.0,85.2,skin_surface,Bloat
SAMP_1704,7.06,20.5,86.9,144.63,oral_cavity,Bloat
SAMP_1705,5.79,25.4,51.0,147.05,oral_cavity,Bloat
SAMP_1706,1.12,28.1,83.2,31.38,skin_surface,Fresh
SAMP_1707,10.24,12.0,52.9,122.87,oral_cavity,Bloat
SAMP_1708,2.43,23.7,88.5,57.68,skin_surface,Bloat
SAMP_1709,9.67,16.3,69.9,157.54,skin_surface,Active Decay
SAMP_1710,10.5,24.0,40.4,252.1,skin_surface,Active Decay
SAMP_1711,1.65,22.5,41.7,37.1,oral_cavity,Bloat
SAMP_1712,0.63,24.5,47.4,15.51,oral_cavity,Fresh
SAMP_1713,15.18,20.0,49.4,303.52,soil_interface,Active Decay
SAMP_1714,6.16,14.5,78.4,89.29,soil_interface,Bloat
SAMP_1715,0.6,20.2,51.1,12.1,skin_surface,Fresh
SAMP_1716,30.0,23.6,88.5,708.0,skin_surface,Dry Remains
SAMP_1717,0.6,26.1,71.8,15.53,skin_surface,Fresh
SAMP_1718,11.88,17.3,74.6,205.45,oral_cavity,Active Decay
SAMP_1719,30.0,26.1,50.9,783.0,oral_cavity,Dry Remains
SAMP_1720,2.73,19.4,84.6,53.03,oral_cavity,Bloat
SAMP_1721,1.53,23.4,73.4,35.91,skin_surface,Bloat
SAMP_1722,1.29,20.0,83.2,25.88,skin_surface,Fresh
SAMP_1723,3.61,22.7,87.8,82.03,soil_interface,Bloat
SAMP_1724,1.07,25.6,46.3,27.27,skin_surface,Fresh
SAMP_1725,11.78,17.1,44.8,201.47,soil_interface,Active Decay
SAMP_1726,0.64,19.3,80.2,12.41,soil_interface,Fresh
SAMP_1727,7.12,22.7,83.3,161.66,soil_interface,Active Decay
SAMP_1728,30.0,31.6,69.2,948.0,oral_cavity,Dry Remains
SAMP_1729,16.82,18.5,58.3,311.14,oral_cavity,Active Decay
SAMP_1730,9.55,30.2,72.6,288.43,skin_surface,Active Decay
SAMP_1731,3.66,30.0,55.3,109.69,skin_surface,Bloat
SAMP_1732,9.78,21.6,51.9,211.22,oral_cavity,Active Decay
SAMP_1733,7.49,20.8,64.4,155.74,soil_interface,Active Decay
SAMP_1734,5.55,19.2,50.8,106.61,soil_interface,Bloat
SAMP_1735,1.4,21.7,64.2,30.4,skin_surface,Fresh
SAMP_1736,21.77,16.4,87.8,357.01,skin_surface,Advanced Decay
SAMP_1737,5.97,21.7,82.0,129.65,soil_interface,Bloat
SAMP_1738,2.16,28.0,87.1,60.6,oral_cavity,Bloat
SAMP_1739,4.58,19.6,80.3,89.86,oral_cavity,Bloat
SAMP_1740,5.35,21.0,57.7,112.28,soil_interface,Bloat
SAMP_1741,17.58,15.2,80.6,267.15,skin_surface,Active Decay
SAMP_1742,13.23,23.5,86.1,310.86,skin_surface,Active Decay
SAMP_1743,14.67,23.1,87.4,338.8,soil_interface,Active Decay
SAMP_1744,0.11,22.3,74.2,2.47,oral_cavity,Fresh
SAMP_1745,5.38,21.1,50.6,113.54,skin_surface,Bloat
SAMP_1746,6.57,20.8,42.0,136.56,skin_surface,Bloat
SAMP_1747,0.19,24.0,47.4,4.65,oral_cavity,Fresh
SAMP_1748,3.01,21.9,88.3,65.89,oral_cavity,Bloat
SAMP_1749,14.28,23.3,63.1,332.8,soil_interface,Active Decay
SAMP_1750,1.47,22.9,82.7,33.77,oral_cavity,Fresh
SAMP_1751,7.66,26.5,63.3,203.09,oral_cavity,Active Decay
SAMP_1752,2.42,24.7,73.0,59.86,skin_surface,Bloat
SAMP_1753,0.12,22.8,41.2,2.78,oral_cavity,Fresh
SAMP_1754,2.76,28.1,52.5,77.56,soil_interface,Bloat
SAMP_1755,30.0,23.7,61.8,711.0,oral_cavity,Dry Remains
SAMP_1756,16.17,27.2,71.5,439.87,skin_surface,Advanced Decay
SAMP_1757,30.0,24.4,48.6,732.0,oral_cavity,Dry Remains
SAMP_1758,6.69,14.6,78.2,97.7,soil_interface,Bloat
SAMP_1759,1.16,27.2,58.2,31.62,skin_surface,Fresh
SAMP_1760,7.94,22.5,80.9,178.65,oral_cavity,Active Decay
SAMP_1761,6.06,21.8,44.9,132.07,soil_interface,Bloat
SAMP_1762,18.6,23.1,74.0,429.7,oral_cavity,Advanced Decay
SAMP_1763,1.03,20.6,54.7,21.27,skin_surface,Fresh
SAMP_1764,6.7,22.9,79.8,153.41,soil_interface,Active Decay
SAMP_1765,1.63,19.6,60.1,31.86,skin_surface,Fresh
SAMP_1766,3.93,27.1,73.3,106.38,skin_surface,Bloat
SAMP_1767,13.37,21.5,86.7,287.45,oral_cavity,Active Decay
SAMP_1768,6.46,20.5,41.0,132.49,oral_cavity,Bloat
SAMP_1769,4.71,18.3,40.6,86.27,oral_cavity,Bloat
SAMP_1770,5.02,23.1,78.5,115.88,soil_interface,Bloat
SAMP_1771,6.15,22.7,72.3,139.64,soil_interface,Bloat
SAMP_1772,15.37,23.6,54.6,362.78,oral_cavity,Advanced Decay
SAMP_1773,22.26,17.9,64.7,398.53,oral_cavity,Advanced Decay
SAMP_1774,30.0,15.6,42.1,468.0,oral_cavity,Advanced Decay
SAMP_1775,15.46,24.5,49.6,378.77,oral_cavity,Advanced Decay
SAMP_1776,3.79,27.9,61.2,105.72,oral_cavity,Bloat
SAMP_1777,11.65,17.9,81.7,208.57,skin_surface,Active Decay
SAMP_1778,5.76,28.4,64.0,163.46,soil_interface,Active Decay
SAMP_1779,2.94,23.1,69.3,67.9,skin_surface,Bloat
SAMP_1780,18.38,22.0,83.7,404.37,skin_surface,Advanced Decay
SAMP_1781,0.39,20.4,55.4,7.99,skin_surface,Fresh
SAMP_1782,23.2,16.5,75.0,382.86,skin_surface,Advanced Decay
SAMP_1783,6.19,26.0,83.1,160.92,skin_surface,Active Decay
SAMP_1784,10.14,18.9,50.1,191.63,oral_cavity,Active Decay
SAMP_1785,10.77,18.9,57.8,203.54,oral_cavity,Active Decay
SAMP_1786,22.55,26.0,89.0,586.28,skin_surface,Advanced Decay
SAMP_1787,10.12,14.5,89.2,146.8,soil_interface,Bloat
SAMP_1788,9.52,15.9,51.2,151.33,skin_surface,Active Decay
SAMP_1789,0.69,21.9,43.3,15.11,soil_interface,Fresh
SAMP_1790,7.31,23.2,53.5,169.51,oral_cavity,Active Decay
SAMP_1791,1.63,23.9,59.9,38.89,skin_surface,Bloat
SAMP_1792,13.37,20.8,62.1,278.15,soil_interface,Active Decay
SAMP_1793,7.18,32.0,70.9,229.73,skin_surface,Active Decay
SAMP_1794,11.4,21.1,85.0,240.57,soil_interface,Active Decay
SAMP_1795,0.43,21.1,56.5,8.98,skin_surface,Fresh
SAMP_1796,0.89,18.8,82.5,16.66,oral_cavity,Fresh
SAMP_1797,12.6,22.5,44.7,283.48,oral_cavity,Active Decay
SAMP_1798,0.75,24.5,42.1,18.33,skin_surface,Fresh
SAMP_1799,0.74,26.8,65.2,19.81,soil_interface,Fresh
SAMP_1800,0.12,16.0,43.0,1.95,oral_cavity,Fresh
SAMP_1801,30.0,21.0,59.6,630.0,skin_surface,Dry Remains
SAMP_1802,13.38,23.8,84.8,318.33,skin_surface,Active Decay
SAMP_1803,4.36,24.3,52.1,105.9,oral_cavity,Bloat
SAMP_1804,3.52,22.0,75.3,77.38,oral_cavity,Bloat
SAMP_1805,4.3,24.2,55.1,104.14,oral_cavity,Bloat
SAMP_1806,14.9,18.8,42.2,280.14,oral_cavity,Active Decay
SAMP_1807,10.83,28.2,67.8,305.36,oral_cavity,Active Decay
SAMP_1808,2.05,26.0,81.7,53.25,oral_cavity,Bloat
SAMP_1809,1.91,16.6,60.5,31.75,oral_cavity,Fresh
SAMP_1810,1.04,17.7,70.9,18.33,skin_surface,Fresh
SAMP_1811,10.8,17.8,85.0,192.19,skin_surface,Active Decay
SAMP_1812,14.46,24.7,79.5,357.04,skin_surface,Advanced Decay
SAMP_1813,3.08,16.9,49.7,52.04,skin_surface,Bloat
SAMP_1814,0.21,20.7,76.7,4.38,soil_interface,Fresh
SAMP_1815,0.86,23.8,65.1,20.41,soil_interface,Fresh
SAMP_1816,30.0,21.7,77.3,651.0,soil_interface,Dry Remains
SAMP_1817,3.5,23.0,64.7,80.54,oral_cavity,Bloat
SAMP_1818,14.66,17.7,46.4,259.54,soil_interface,Active Decay
SAMP_1819,9.8,24.4,68.5,239.1,skin_surface,Active Decay
SAMP_1820,4.81,19.5,64.6,93.83,oral_cavity,Bloat
SAMP_1821,2.3,20.7,65.9,47.67,oral_cavity,Bloat
SAMP_1822,1.29,23.0,83.9,29.76,skin_surface,Fresh
SAMP_1823,9.55,22.4,84.7,213.82,oral_cavity,Active Decay
SAMP_1824,14.9,22.1,62.7,329.3,oral_cavity,Active Decay
SAMP_1825,10.33,19.0,62.8,196.19,skin_surface,Active Decay
SAMP_1826,7.56,20.8,65.8,157.18,skin_surface,Active Decay
SAMP_1827,0.43,22.0,66.0,9.43,soil_interface,Fresh
SAMP_1828,30.0,16.5,87.5,495.0,skin_surface,Advanced Decay
SAMP_1829,16.03,20.1,72.5,322.21,skin_surface,Active Decay
SAMP_1830,3.46,23.6,53.9,81.77,oral_cavity,Bloat
SAMP_1831,30.0,16.9,66.6,507.0,skin_surface,Advanced Decay
SAMP_1832,9.21,26.6,71.4,244.99,skin_surface,Active Decay
SAMP_1833,8.73,27.1,72.0,236.66,soil_interface,Active Decay
SAMP_1834,13.79,17.0,69.3,234.36,oral_cavity,Active Decay
SAMP_1835,16.7,27.4,48.9,457.6,skin_surface,Advanced Decay
SAMP_1836,10.69,21.4,41.7,228.66,skin_surface,Active Decay
SAMP_1837,1.37,23.7,56.9,32.49,soil_interface,Fresh
SAMP_1838,4.13,20.0,61.4,82.58,soil_interface,Bloat
SAMP_1839,26.32,25.7,43.1,676.49,oral_cavity,Dry Remains
SAMP_1840,2.54,23.6,80.7,60.04,skin_surface,Bloat
SAMP_1841,4.65,18.7,57.2,87.04,skin_surface,Bloat
SAMP_1842,5.66,17.3,85.7,97.88,soil_interface,Bloat
SAMP_1843,5.79,16.2,47.7,93.76,skin_surface,Bloat
SAMP_1844,9.49,22.8,42.8,216.41,oral_cavity,Active Decay
SAMP_1845,28.66,24.3,64.1,696.45,oral_cavity,Dry Remains
SAMP_1846,2.75,24.6,49.5,67.74,skin_surface,Bloat
SAMP_1847,1.3,21.5,86.9,27.85,skin_surface,Fresh
SAMP_1848,2.2,17.4,40.5,38.28,oral_cavity,Bloat
SAMP_1849,21.8,19.3,60.6,420.68,oral_cavity,Advanced Decay
SAMP_1850,10.38,26.6,86.3,276.09,skin_surface,Active Decay
SAMP_1851,3.37,20.1,59.2,67.69,soil_interface,Bloat
SAMP_1852,16.93,22.6,44.7,382.51,soil_interface,Advanced Decay
SAMP_1853,19.76,17.7,55.1,349.74,skin_surface,Active Decay
SAMP_1854,18.74,23.3,64.9,436.68,soil_interface,Advanced Decay
SAMP_1855,25.12,20.2,49.3,507.5,oral_cavity,Advanced Decay
SAMP_1856,2.91,26.2,63.3,76.16,skin_surface,Bloat
SAMP_1857,14.07,25.1,81.8,353.07,oral_cavity,Advanced Decay
SAMP_1858,6.17,20.0,83.6,123.44,skin_surface,Bloat
SAMP_1859,18.45,21.5,42.5,396.71,soil_interface,Advanced Decay
SAMP_1860,13.04,19.8,48.0,258.14,soil_interface,Active Decay
SAMP_1861,14.98,16.3,53.8,244.19,skin_surface,Active Decay
SAMP_1862,10.68,18.6,69.7,198.57,skin_surface,Active Decay
SAMP_1863,1.95,22.8,58.0,44.53,soil_interface,Bloat
SAMP_1864,7.88,23.3,82.2,183.49,oral_cavity,Active Decay
SAMP_1865,30.0,22.6,75.8,678.0,skin_surface,Dry Remains
SAMP_1866,27.71,20.8,45.0,576.33,oral_cavity,Advanced Decay
SAMP_1867,0.44,25.7,71.2,11.34,soil_interface,Fresh
SAMP_1868,1.8,22.3,45.7,40.16,oral_cavity,Bloat
SAMP_1869,1.41,24.8,52.8,35.03,oral_cavity,Bloat
SAMP_1870,12.95,14.9,48.9,192.89,skin_surface,Active Decay
SAMP_1871,17.03,12.0,48.7,204.31,oral_cavity,Active Decay
SAMP_1872,2.4,23.1,70.8,55.48,oral_cavity,Bloat
SAMP_1873,7.05,16.3,68.2,114.9,skin_surface,Bloat
SAMP_1874,18.37,21.2,48.8,389.44,soil_interface,Advanced Decay
SAMP_1875,13.2,20.8,89.5,274.51,oral_cavity,Active Decay
SAMP_1876,7.81,28.3,61.1,221.14,soil_interface,Active Decay
SAMP_1877,8.92,23.6,44.9,210.62,soil_interface,Active Decay
SAMP_1878,7.1,22.7,46.0,161.17,skin_surface,Active Decay
SAMP_1879,3.53,25.3,69.2,89.35,skin_surface,Bloat
SAMP_1880,8.32,23.5,89.0,195.63,oral_cavity,Active Decay
SAMP_1881,11.68,20.2,68.6,235.85,oral_cavity,Active Decay
SAMP_1882,20.66,26.3,87.5,543.39,oral_cavity,Advanced Decay
SAMP_1883,10.11,17.6,62.2,178.01,oral_cavity,Active Decay
SAMP_1884,14.32,23.3,61.8,333.61,oral_cavity,Active Decay
SAMP_1885,1.74,15.8,65.0,27.56,oral_cavity,Fresh
SAMP_1886,6.19,22.8,74.9,141.15,skin_surface,Bloat
SAMP_1887,0.1,22.8,58.4,2.28,skin_surface,Fresh
SAMP_1888,2.83,28.7,83.2,81.3,soil_interface,Bloat
SAMP_1889,12.96,15.7,41.5,203.52,oral_cavity,Active Decay
SAMP_1890,30.0,19.6,62.0,588.0,oral_cavity,Advanced Decay
SAMP_1891,1.04,25.3,65.5,26.43,skin_surface,Fresh
SAMP_1892,5.13,23.3,70.4,119.6,oral_cavity,Bloat
SAMP_1893,16.1,22.7,53.8,365.42,skin_surface,Advanced Decay
SAMP_1894,2.28,18.2,61.4,41.53,skin_surface,Bloat
SAMP_1895,8.1,19.6,64.2,158.73,skin_surface,Active Decay
SAMP_1896,13.21,27.0,74.3,356.61,oral_cavity,Advanced Decay
SAMP_1897,9.57,21.8,78.7,208.64,oral_cavity,Active Decay
SAMP_1898,2.08,23.5,76.9,48.95,skin_surface,Bloat
SAMP_1899,4.39,21.5,57.1,94.41,oral_cavity,Bloat
SAMP_1900,15.32,17.3,90.0,264.95,oral_cavity,Active Decay
SAMP_1901,8.08,25.7,82.4,207.64,skin_surface,Active Decay
SAMP_1902,0.1,24.0,53.0,2.4,oral_cavity,Fresh
SAMP_1903,14.31,31.2,49.8,446.55,skin_surface,Advanced Decay
SAMP_1904,0.36,17.9,55.7,6.44,oral_cavity,Fresh
SAMP_1905,13.69,25.3,62.6,346.45,oral_cavity,Active Decay
SAMP_1906,2.26,16.8,82.5,38.01,oral_cavity,Bloat
SAMP_1907,30.0,22.6,78.9,678.0,oral_cavity,Dry Remains
SAMP_1908,4.59,25.9,82.6,118.82,oral_cavity,Bloat
SAMP_1909,3.96,13.7,53.6,54.24,oral_cavity,Bloat
SAMP_1910,1.61,21.2,69.7,34.18,oral_cavity,Fresh
SAMP_1911,3.65,19.7,54.2,71.85,oral_cavity,Bloat
SAMP_1912,20.93,19.2,45.5,401.81,soil_interface,Advanced Decay
SAMP_1913,30.0,23.5,74.2,705.0,soil_interface,Dry Remains
SAMP_1914,4.59,26.5,47.1,121.73,oral_cavity,Bloat
SAMP_1915,5.95,21.5,73.4,127.99,oral_cavity,Bloat
SAMP_1916,12.8,22.8,72.4,291.93,skin_surface,Active Decay
SAMP_1917,21.73,22.5,80.5,488.99,soil_interface,Advanced Decay
SAMP_1918,8.99,22.0,47.0,197.79,soil_interface,Active Decay
SAMP_1919,4.97,17.6,79.2,87.44,oral_cavity,Bloat
SAMP_1920,5.32,26.4,90.0,140.47,skin_surface,Bloat
SAMP_1921,11.89,23.2,82.6,275.96,skin_surface,Active Decay
SAMP_1922,0.1,23.6,77.6,2.36,soil_interface,Fresh
SAMP_1923,9.67,18.8,73.1,181.7,oral_cavity,Active Decay
SAMP_1924,4.39,20.2,61.1,88.73,skin_surface,Bloat
SAMP_1925,15.81,21.3,76.5,336.72,oral_cavity,Active Decay
SAMP_1926,0.98,15.9,76.2,15.52,oral_cavity,Fresh
SAMP_1927,8.87,15.2,71.6,134.86,skin_surface,Bloat
SAMP_1928,6.56,19.6,79.8,128.54,oral_cavity,Bloat
SAMP_1929,10.28,24.1,62.4,247.78,skin_surface,Active Decay
SAMP_1930,0.67,19.4,46.1,13.01,skin_surface,Fresh
SAMP_1931,8.67,17.9,68.0,155.28,soil_interface,Active Decay
SAMP_1932,8.24,18.7,53.3,154.16,oral_cavity,Active Decay
SAMP_1933,8.22,20.2,59.2,166.14,oral_cavity,Active Decay
SAMP_1934,9.25,20.6,40.9,190.56,oral_cavity,Active Decay
SAMP_1935,11.28,30.7,59.1,346.44,skin_surface,Active Decay
SAMP_1936,16.35,26.2,80.4,428.29,skin_surface,Advanced Decay
SAMP_1937,3.14,26.1,67.1,82.08,oral_cavity,Bloat
SAMP_1938,17.43,26.7,40.5,465.45,skin_surface,Advanced Decay
SAMP_1939,6.9,18.0,63.5,124.14,skin_surface,Bloat
SAMP_1940,0.8,17.1,54.6,13.71,oral_cavity,Fresh
SAMP_1941,0.6,17.6,63.9,10.62,skin_surface,Fresh
SAMP_1942,4.07,27.3,60.2,111.06,skin_surface,Bloat
SAMP_1943,15.37,19.8,86.6,304.25,soil_interface,Active Decay
SAMP_1944,12.3,17.0,42.1,209.08,skin_surface,Active Decay
SAMP_1945,15.54,20.3,74.2,315.48,oral_cavity,Active Decay
SAMP_1946,7.28,21.0,82.6,152.94,skin_surface,Active Decay
SAMP_1947,5.8,23.1,88.0,134.02,skin_surface,Bloat
SAMP_1948,1.6,23.0,48.9,36.69,oral_cavity,Bloat
SAMP_1949,3.98,18.7,66.6,74.39,skin_surface,Bloat
SAMP_1950,5.69,24.7,42.2,140.59,oral_cavity,Bloat
SAMP_1951,0.93,19.4,65.0,18.0,skin_surface,Fresh
SAMP_1952,2.49,21.4,46.3,53.34,soil_interface,Bloat
SAMP_1953,9.12,24.7,81.9,225.23,skin_surface,Active Decay
SAMP_1954,13.31,19.4,45.7,258.12,skin_surface,Active Decay
SAMP_1955,30.0,19.7,65.7,591.0,oral_cavity,Advanced Decay
SAMP_1956,27.05,24.4,66.1,659.96,oral_cavity,Dry Remains
SAMP_1957,10.29,18.6,88.6,191.36,skin_surface,Active Decay
SAMP_1958,5.47,20.5,72.7,112.11,skin_surface,Bloat
SAMP_1959,10.11,24.2,54.4,244.68,oral_cavity,Active Decay
SAMP_1960,15.4,30.2,52.0,465.13,soil_interface,Advanced Decay
SAMP_1961,1.26,24.4,46.4,30.73,oral_cavity,Fresh
SAMP_1962,5.27,23.9,77.8,126.07,skin_surface,Bloat
SAMP_1963,18.31,24.1,74.5,441.35,skin_surface,Advanced Decay
SAMP_1964,4.84,17.7,70.5,85.71,skin_surface,Bloat
SAMP_1965,8.48,22.5,42.0,190.88,skin_surface,Active Decay
SAMP_1966,8.86,21.9,78.1,194.07,oral_cavity,Active Decay
SAMP_1967,2.04,23.3,72.1,47.51,soil_interface,Bloat
SAMP_1968,4.5,22.5,88.2,101.2,skin_surface,Bloat
SAMP_1969,4.07,23.5,69.4,95.7,skin_surface,Bloat
SAMP_1970,0.27,20.8,55.2,5.52,skin_surface,Fresh
SAMP_1971,0.24,22.2,59.1,5.44,oral_cavity,Fresh
SAMP_1972,17.82,17.1,48.8,304.72,skin_surface,Active Decay
SAMP_1973,3.19,20.7,76.1,66.02,skin_surface,Bloat
SAMP_1974,7.3,27.6,75.4,201.47,skin_surface,Active Decay
SAMP_1975,3.55,23.3,50.0,82.68,skin_surface,Bloat
SAMP_1976,28.25,21.9,47.9,618.63,soil_interface,Dry Remains
SAMP_1977,3.0,29.6,43.9,88.85,oral_cavity,Bloat
SAMP_1978,5.62,16.6,85.6,93.21,soil_interface,Bloat
SAMP_1979,20.61,17.6,51.7,362.81,oral_cavity,Advanced Decay
SAMP_1980,18.45,28.9,57.2,533.13,skin_surface,Advanced Decay
SAMP_1981,2.06,22.2,54.0,45.71,oral_cavity,Bloat
SAMP_1982,16.23,21.0,60.7,340.78,oral_cavity,Active Decay
SAMP_1983,6.13,17.2,75.7,105.41,oral_cavity,Bloat
SAMP_1984,6.6,23.8,83.5,157.0,oral_cavity,Active Decay
SAMP_1985,1.43,24.2,49.1,34.67,oral_cavity,Fresh
SAMP_1986,0.84,17.6,74.3,14.79,skin_surface,Fresh
SAMP_1987,13.02,21.4,57.6,278.57,oral_cavity,Active Decay
SAMP_1988,6.86,20.7,89.0,142.02,skin_surface,Bloat
SAMP_1989,5.74,23.0,54.9,132.07,oral_cavity,Bloat
SAMP_1990,13.08,17.5,40.4,228.81,oral_cavity,Active Decay
SAMP_1991,14.5,27.0,65.8,391.6,skin_surface,Advanced Decay
SAMP_1992,1.73,25.7,47.5,44.47,oral_cavity,Bloat
SAMP_1993,9.42,20.5,42.2,193.15,oral_cavity,Active Decay
SAMP_1994,1.45,21.1,74.9,30.69,soil_interface,Fresh
SAMP_1995,13.92,21.5,76.6,299.24,oral_cavity,Active Decay
SAMP_1996,10.7,18.9,63.0,202.21,skin_surface,Active Decay
SAMP_1997,30.0,20.2,73.8,606.0,oral_cavity,Dry Remains
SAMP_1998,0.71,20.9,66.9,14.93,soil_interface,Fresh
SAMP_1999,0.59,28.5,71.5,16.74,oral_cavity,Fresh
SAMP_2000,3.32,25.8,69.8,85.54,soil_interface,Bloat
SAMP_2001,3.03,25.7,73.3,77.98,oral_cavity,Bloat
SAMP_2002,2.84,23.5,50.0,66.66,oral_cavity,Bloat
SAMP_2003,23.67,17.5,53.4,414.26,skin_surface,Advanced Decay
SAMP_2004,2.87,21.8,62.0,62.58,skin_surface,Bloat
SAMP_2005,3.17,25.9,62.3,82.2,oral_cavity,Bloat
SAMP_2006,14.25,17.0,78.7,242.18,oral_cavity,Active Decay
SAMP_2007,5.97,24.5,58.4,146.35,skin_surface,Bloat
SAMP_2008,14.99,31.3,48.1,469.28,oral_cavity,Advanced Decay
SAMP_2009,0.68,26.2,52.6,17.71,skin_surface,Fresh
SAMP_2010,6.69,27.7,50.7,185.2,skin_surface,Active Decay
SAMP_2011,0.34,22.9,76.6,7.83,skin_surface,Fresh
SAMP_2012,0.65,25.9,63.5,16.76,oral_cavity,Fresh
SAMP_2013,23.69,19.1,75.4,452.5,skin_surface,Advanced Decay
SAMP_2014,1.5,25.2,60.8,37.79,oral_cavity,Bloat
SAMP_2015,7.6,24.6,84.5,187.01,oral_cavity,Active Decay
SAMP_2016,5.29,23.2,89.2,122.84,skin_surface,Bloat
SAMP_2017,4.27,27.3,73.5,116.49,soil_interface,Bloat
SAMP_2018,23.01,19.8,83.2,455.58,oral_cavity,Advanced Decay
SAMP_2019,0.22,21.3,65.4,4.7,oral_cavity,Fresh
SAMP_2020,10.9,22.4,86.7,244.16,skin_surface,Active Decay
SAMP_2021,30.0,17.9,81.6,537.0,oral_cavity,Advanced Decay
SAMP_2022,8.21,22.9,89.6,188.09,skin_surface,Active Decay
SAMP_2023,27.62,15.1,71.2,417.03,soil_interface,Advanced Decay
SAMP_2024,0.54,26.2,79.0,14.06,soil_interface,Fresh
SAMP_2025,5.43,22.2,67.1,120.47,oral_cavity,Bloat
SAMP_2026,3.01,19.9,53.0,59.96,skin_surface,Bloat
SAMP_2027,13.12,18.7,57.7,245.41,soil_interface,Active Decay
SAMP_2028,30.0,21.1,84.7,633.0,oral_cavity,Dry Remains
SAMP_2029,2.96,24.8,42.8,73.51,skin_surface,Bloat
SAMP_2030,10.62,24.2,69.6,256.96,oral_cavity,Active Decay
SAMP_2031,2.21,19.2,58.6,42.39,oral_cavity,Bloat
SAMP_2032,8.33,18.6,59.3,154.97,soil_interface,Active Decay
SAMP_2033,6.23,24.6,84.2,153.38,skin_surface,Active Decay
SAMP_2034,30.0,19.1,82.7,573.0,oral_cavity,Advanced Decay
SAMP_2035,9.38,22.2,69.9,208.2,soil_interface,Active Decay
SAMP_2036,4.3,22.5,53.6,96.76,skin_surface,Bloat
SAMP_2037,1.21,23.2,63.8,28.11,soil_interface,Fresh
SAMP_2038,1.64,25.4,60.4,41.65,oral_cavity,Bloat
SAMP_2039,2.55,16.9,57.7,43.15,oral_cavity,Bloat
SAMP_2040,2.89,14.4,45.1,41.61,oral_cavity,Bloat
SAMP_2041,19.01,19.7,67.2,374.54,skin_surface,Advanced Decay
SAMP_2042,8.24,29.2,55.1,240.54,oral_cavity,Active Decay
SAMP_2043,7.41,30.1,73.0,223.06,oral_cavity,Active Decay
SAMP_2044,1.22,29.3,56.0,35.72,soil_interface,Bloat
SAMP_2045,19.67,21.2,61.6,417.03,soil_interface,Advanced Decay
SAMP_2046,12.83,14.9,42.6,191.18,skin_surface,Active Decay
SAMP_2047,0.7,12.6,89.6,8.83,soil_interface,Fresh
SAMP_2048,12.3,19.5,65.4,239.94,soil_interface,Active Decay
SAMP_2049,7.84,21.2,41.2,166.26,skin_surface,Active Decay
SAMP_2050,0.85,27.2,67.1,23.19,skin_surface,Fresh
SAMP_2051,6.13,25.5,83.5,156.33,soil_interface,Active Decay
SAMP_2052,6.63,22.9,78.6,151.83,skin_surface,Active Decay
SAMP_2053,1.81,18.4,75.0,33.35,oral_cavity,Fresh
SAMP_2054,29.13,18.2,47.0,530.2,oral_cavity,Advanced Decay
SAMP_2055,18.97,23.0,72.9,436.3,skin_surface,Advanced Decay
SAMP_2056,11.06,24.8,78.3,274.21,soil_interface,Active Decay
SAMP_2057,6.2,23.6,68.6,146.43,skin_surface,Bloat
SAMP_2058,5.31,17.9,84.6,94.98,soil_interface,Bloat
SAMP_2059,10.53,24.6,53.8,258.94,skin_surface,Active Decay
SAMP_2060,7.88,23.7,52.1,186.85,oral_cavity,Active Decay
SAMP_2061,0.64,17.7,83.5,11.38,skin_surface,Fresh
SAMP_2062,7.18,18.9,71.3,135.79,oral_cavity,Bloat
SAMP_2063,16.42,24.8,40.1,407.21,skin_surface,Advanced Decay
SAMP_2064,6.15,21.1,57.7,129.72,soil_interface,Bloat
SAMP_2065,0.53,28.4,82.9,15.15,skin_surface,Fresh
SAMP_2066,15.43,24.0,41.4,370.34,soil_interface,Advanced Decay
SAMP_2067,2.25,20.1,40.2,45.19,oral_cavity,Bloat
SAMP_2068,2.99,22.0,54.1,65.83,skin_surface,Bloat
SAMP_2069,1.8,22.3,85.7,40.13,oral_cavity,Bloat
SAMP_2070,4.01,19.1,85.1,76.55,skin_surface,Bloat
SAMP_2071,14.14,18.3,65.9,258.7,skin_surface,Active Decay
SAMP_2072,7.33,24.8,67.7,181.71,skin_surface,Active Decay
SAMP_2073,2.29,25.4,56.6,58.23,oral_cavity,Bloat
SAMP_2074,21.02,24.4,52.2,512.97,oral_cavity,Advanced Decay
SAMP_2075,21.17,28.1,80.8,594.82,skin_surface,Advanced Decay
SAMP_2076,20.45,19.8,45.3,404.85,skin_surface,Advanced Decay
SAMP_2077,2.73,28.7,64.4,78.31,skin_surface,Bloat
SAMP_2078,6.0,18.4,71.7,110.42,skin_surface,Bloat
SAMP_2079,30.0,17.9,45.2,537.0,soil_interface,Advanced Decay
SAMP_2080,14.78,15.0,66.0,221.77,soil_interface,Active Decay
SAMP_2081,0.28,20.2,68.9,5.56,oral_cavity,Fresh
SAMP_2082,0.67,20.0,77.1,13.49,oral_cavity,Fresh
SAMP_2083,6.23,24.1,51.7,150.26,skin_surface,Active Decay
SAMP_2084,23.99,23.0,54.7,551.84,oral_cavity,Advanced Decay
SAMP_2085,7.74,17.2,68.5,133.08,oral_cavity,Bloat
SAMP_2086,6.89,20.4,89.2,140.51,oral_cavity,Bloat
SAMP_2087,1.11,20.5,50.9,22.85,oral_cavity,Fresh
SAMP_2088,10.69,14.9,89.3,159.34,skin_surface,Active Decay
SAMP_2089,17.27,18.1,75.7,312.51,oral_cavity,Active Decay
SAMP_2090,4.79,18.9,81.3,90.48,oral_cavity,Bloat
SAMP_2091,14.94,27.7,44.5,413.94,soil_interface,Advanced Decay
SAMP_2092,30.0,22.8,55.0,684.0,soil_interface,Dry Remains
SAMP_2093,2.28,24.6,42.9,56.05,soil_interface,Bloat
SAMP_2094,7.41,16.0,58.6,118.55,oral_cavity,Bloat
SAMP_2095,3.38,26.8,89.1,90.71,oral_cavity,Bloat
SAMP_2096,15.74,27.2,45.3,428.22,oral_cavity,Advanced Decay
SAMP_2097,8.62,14.0,68.1,120.65,oral_cavity,Bloat
SAMP_2098,10.07,19.2,40.3,193.29,oral_cavity,Active Decay
SAMP_2099,15.99,24.0,75.6,383.78,soil_interface,Advanced Decay
SAMP_2100,5.04,24.6,49.9,124.02,soil_interface,Bloat
SAMP_2101,24.66,19.3,46.5,475.97,soil_interface,Advanced Decay
SAMP_2102,7.61,20.8,56.9,158.39,skin_surface,Active Decay
SAMP_2103,1.72,19.6,78.6,33.7,skin_surface,Fresh
SAMP_2104,11.9,22.4,45.3,266.65,skin_surface,Active Decay
SAMP_2105,15.76,26.8,51.5,422.45,soil_interface,Advanced Decay
SAMP_2106,3.81,18.9,40.4,71.99,skin_surface,Bloat
SAMP_2107,19.46,26.0,88.4,506.0,oral_cavity,Advanced Decay
SAMP_2108,23.66,18.9,69.6,447.17,oral_cavity,Advanced Decay
SAMP_2109,3.24,18.6,76.0,60.3,skin_surface,Bloat
SAMP_2110,30.0,25.3,72.6,759.0,oral_cavity,Dry Remains
SAMP_2111,1.52,25.7,47.2,38.97,soil_interface,Bloat
SAMP_2112,2.26,25.4,69.7,57.32,skin_surface,Bloat
SAMP_2113,2.04,16.7,46.6,34.0,skin_surface,Fresh
SAMP_2114,22.44,20.1,60.1,451.09,oral_cavity,Advanced Decay
SAMP_2115,10.62,25.3,68.4,268.73,skin_surface,Active Decay
SAMP_2116,1.65,22.2,67.9,36.63,skin_surface,Bloat
SAMP_2117,5.8,17.7,46.0,102.73,skin_surface,Bloat
SAMP_2118,9.55,23.8,41.7,227.36,oral_cavity,Active Decay
SAMP_2119,0.87,19.1,79.9,16.65,soil_interface,Fresh
SAMP_2120,21.41,29.2,76.3,625.06,skin_surface,Dry Remains
SAMP_2121,16.28,28.2,44.1,458.99,skin_surface,Advanced Decay
SAMP_2122,7.04,24.4,46.4,171.68,soil_interface,Active Decay
SAMP_2123,30.0,27.4,84.6,822.0,soil_interface,Dry Remains
SAMP_2124,5.41,22.3,78.5,120.61,oral_cavity,Bloat
SAMP_2125,30.0,25.1,89.8,753.0,soil_interface,Dry Remains
SAMP_2126,11.02,27.9,52.7,307.56,oral_cavity,Active Decay
SAMP_2127,10.07,23.0,64.4,231.6,skin_surface,Active Decay
SAMP_2128,1.81,21.0,51.8,38.11,oral_cavity,Bloat
SAMP_2129,21.36,15.2,71.1,324.74,skin_surface,Active Decay
SAMP_2130,5.58,21.7,45.8,121.03,skin_surface,Bloat
SAMP_2131,1.77,25.3,46.4,44.78,skin_surface,Bloat
SAMP_2132,0.13,25.8,43.6,3.27,skin_surface,Fresh
SAMP_2133,8.2,24.0,74.7,196.9,skin_surface,Active Decay
SAMP_2134,7.5,19.8,64.7,148.4,oral_cavity,Bloat
SAMP_2135,12.71,14.1,70.9,179.16,soil_interface,Active Decay
SAMP_2136,22.1,20.0,84.0,441.92,skin_surface,Advanced Decay
SAMP_2137,0.83,20.8,77.0,17.21,skin_surface,Fresh
SAMP_2138,13.15,20.7,63.1,272.18,soil_interface,Active Decay
SAMP_2139,2.08,24.5,89.2,50.85,oral_cavity,Bloat
SAMP_2140,19.53,29.9,62.8,584.0,skin_surface,Advanced Decay
SAMP_2141,17.1,22.5,45.6,384.66,skin_surface,Advanced Decay
SAMP_2142,7.78,21.1,89.6,164.21,oral_cavity,Active Decay
SAMP_2143,12.39,21.0,41.1,260.13,oral_cavity,Active Decay
SAMP_2144,3.77,22.5,67.5,84.91,soil_interface,Bloat
SAMP_2145,6.37,18.7,55.5,119.13,oral_cavity,Bloat
SAMP_2146,17.24,22.5,65.2,387.89,skin_surface,Advanced Decay
SAMP_2147,6.15,23.8,67.9,146.33,skin_surface,Bloat
SAMP_2148,4.43,22.8,52.0,100.97,skin_surface,Bloat
SAMP_2149,6.82,23.8,67.8,162.23,skin_surface,Active Decay
SAMP_2150,17.62,23.7,77.8,417.53,soil_interface,Advanced Decay
SAMP_2151,4.08,14.9,53.3,60.83,oral_cavity,Bloat
SAMP_2152,1.91,24.5,59.2,46.76,skin_surface,Bloat
SAMP_2153,12.45,19.3,53.4,240.25,skin_surface,Active Decay
SAMP_2154,17.49,17.6,81.0,307.75,oral_cavity,Active Decay
SAMP_2155,1.06,17.6,76.2,18.67,soil_interface,Fresh
SAMP_2156,2.74,23.7,83.6,65.0,soil_interface,Bloat
SAMP_2157,1.53,21.1,48.5,32.31,oral_cavity,Fresh
SAMP_2158,4.28,15.3,43.7,65.43,skin_surface,Bloat
SAMP_2159,5.98,23.9,46.0,143.04,skin_surface,Bloat
SAMP_2160,13.82,16.2,48.1,223.82,skin_surface,Active Decay
SAMP_2161,10.53,22.6,66.7,238.0,soil_interface,Active Decay
SAMP_2162,9.7,23.0,88.5,223.11,skin_surface,Active Decay
SAMP_2163,4.34,25.5,57.9,110.78,skin_surface,Bloat
SAMP_2164,18.42,29.1,87.9,535.93,oral_cavity,Advanced Decay
SAMP_2165,6.37,16.5,41.9,105.16,skin_surface,Bloat
SAMP_2166,30.0,21.8,86.3,654.0,skin_surface,Dry Remains
SAMP_2167,10.06,20.9,49.1,210.15,skin_surface,Active Decay
SAMP_2168,1.35,23.7,85.6,31.99,skin_surface,Fresh
SAMP_2169,11.28,22.9,42.8,258.21,oral_cavity,Active Decay
SAMP_2170,3.93,20.6,87.4,81.0,oral_cavity,Bloat
SAMP_2171,11.59,20.2,50.0,234.2,skin_surface,Active Decay
SAMP_2172,0.72,17.5,55.1,12.63,skin_surface,Fresh
SAMP_2173,1.92,26.0,64.5,49.98,skin_surface,Bloat
SAMP_2174,19.36,23.8,59.0,460.8,skin_surface,Advanced Decay
SAMP_2175,2.58,25.7,73.4,66.23,oral_cavity,Bloat
SAMP_2176,18.14,20.8,88.7,377.37,oral_cavity,Advanced Decay
SAMP_2177,3.27,19.4,70.3,63.53,oral_cavity,Bloat
SAMP_2178,10.3,17.7,76.1,182.25,skin_surface,Active Decay
SAMP_2179,11.85,23.4,44.4,277.21,oral_cavity,Active Decay
SAMP_2180,7.19,17.8,71.4,127.94,skin_surface,Bloat
SAMP_2181,3.64,29.4,62.7,107.1,skin_surface,Bloat
SAMP_2182,2.39,16.8,84.3,40.16,soil_interface,Bloat
SAMP_2183,0.34,23.1,59.4,7.8,soil_interface,Fresh
SAMP_2184,3.62,28.3,74.0,102.54,soil_interface,Bloat
SAMP_2185,10.59,24.4,51.4,258.37,skin_surface,Active Decay
SAMP_2186,27.86,22.7,53.0,632.32,skin_surface,Dry Remains
SAMP_2187,20.5,18.1,58.8,370.96,skin_surface,Advanced Decay
SAMP_2188,14.53,16.5,55.2,239.7,soil_interface,Active Decay
SAMP_2189,15.53,25.1,52.7,389.87,soil_interface,Advanced Decay
SAMP_2190,10.94,28.0,42.5,306.2,skin_surface,Active Decay
SAMP_2191,3.01,20.2,81.8,60.9,skin_surface,Bloat
SAMP_2192,23.77,17.4,43.2,413.64,skin_surface,Advanced Decay
SAMP_2193,11.11,12.2,84.4,135.53,skin_surface,Bloat
SAMP_2194,8.22,18.1,46.3,148.78,skin_surface,Bloat
SAMP_2195,1.18,21.5,43.3,25.29,soil_interface,Fresh
SAMP_2196,5.92,28.4,68.2,168.27,skin_surface,Active Decay
SAMP_2197,6.17,24.7,65.1,152.36,oral_cavity,Active Decay
SAMP_2198,19.99,23.2,64.6,463.83,soil_interface,Advanced Decay
SAMP_2199,7.91,20.4,68.7,161.38,oral_cavity,Active Decay
SAMP_2200,4.79,19.7,54.4,94.3,oral_cavity,Bloat
SAMP_2201,30.0,27.6,73.1,828.0,skin_surface,Dry Remains
SAMP_2202,1.17,22.8,65.1,26.75,oral_cavity,Fresh
SAMP_2203,5.49,13.6,56.7,74.68,oral_cavity,Bloat
SAMP_2204,0.43,19.3,81.3,8.29,oral_cavity,Fresh
SAMP_2205,13.47,18.6,76.4,250.49,oral_cavity,Active Decay
SAMP_2206,25.02,19.8,59.7,495.39,skin_surface,Advanced Decay
SAMP_2207,3.29,24.3,82.4,79.84,oral_cavity,Bloat
SAMP_2208,19.54,21.6,86.0,422.14,skin_surface,Advanced Decay
SAMP_2209,3.46,21.7,66.8,75.0,oral_cavity,Bloat
SAMP_2210,24.17,27.3,50.7,659.72,skin_surface,Dry Remains
SAMP_2211,14.02,19.2,85.8,269.24,oral_cavity,Active Decay
SAMP_2212,16.34,29.5,49.5,482.11,oral_cavity,Advanced Decay
SAMP_2213,0.18,19.3,42.4,3.51,oral_cavity,Fresh
SAMP_2214,30.0,22.4,56.4,672.0,skin_surface,Dry Remains
SAMP_2215,12.97,20.9,76.3,271.09,skin_surface,Active Decay
SAMP_2216,3.63,22.5,86.2,81.78,skin_surface,Bloat
SAMP_2217,17.68,23.8,71.9,420.88,soil_interface,Advanced Decay
SAMP_2218,3.31,23.7,87.6,78.36,soil_interface,Bloat
SAMP_2219,20.62,19.0,44.6,391.71,skin_surface,Advanced Decay
SAMP_2220,1.19,17.5,43.0,20.9,oral_cavity,Fresh
SAMP_2221,12.16,32.0,70.2,389.23,skin_surface,Advanced Decay
SAMP_2222,7.78,20.1,88.3,156.39,oral_cavity,Active Decay
SAMP_2223,1.02,24.8,65.1,25.18,skin_surface,Fresh
SAMP_2224,2.77,15.6,42.6,43.2,oral_cavity,Bloat
SAMP_2225,0.12,20.9,51.1,2.61,soil_interface,Fresh
SAMP_2226,6.33,21.5,52.2,136.0,soil_interface,Bloat
SAMP_2227,3.58,23.9,56.9,85.68,skin_surface,Bloat
SAMP_2228,9.12,12.0,42.2,109.46,skin_surface,Bloat
SAMP_2229,3.53,22.7,85.2,80.07,skin_surface,Bloat
SAMP_2230,3.57,17.4,65.8,62.04,oral_cavity,Bloat
SAMP_2231,13.59,23.3,73.5,316.75,soil_interface,Active Decay
SAMP_2232,0.49,17.9,43.4,8.83,skin_surface,Fresh
SAMP_2233,23.32,18.6,42.7,433.74,oral_cavity,Advanced Decay
SAMP_2234,19.12,20.9,69.3,399.68,skin_surface,Advanced Decay
SAMP_2235,11.02,17.8,84.4,196.16,oral_cavity,Active Decay
SAMP_2236,8.99,20.1,66.4,180.8,oral_cavity,Active Decay
SAMP_2237,22.28,17.2,83.9,383.29,skin_surface,Advanced Decay
SAMP_2238,2.05,14.7,80.5,30.13,skin_surface,Fresh
SAMP_2239,0.82,26.1,43.8,21.47,skin_surface,Fresh
SAMP_2240,2.74,16.8,50.1,46.0,skin_surface,Bloat
SAMP_2241,15.83,21.3,72.9,337.11,oral_cavity,Active Decay
SAMP_2242,0.35,25.0,62.2,8.82,skin_surface,Fresh
SAMP_2243,8.74,19.5,54.5,170.47,oral_cavity,Active Decay
SAMP_2244,30.0,18.7,60.9,561.0,soil_interface,Advanced Decay
SAMP_2245,19.36,22.9,62.3,443.31,oral_cavity,Advanced Decay
SAMP_2246,7.37,26.5,85.5,195.3,oral_cavity,Active Decay
SAMP_2247,0.66,17.3,45.2,11.38,soil_interface,Fresh
SAMP_2248,17.8,21.4,54.0,380.93,soil_interface,Advanced Decay
SAMP_2249,9.14,15.1,66.9,137.97,soil_interface,Bloat
SAMP_2250,1.22,20.4,74.9,24.91,oral_cavity,Fresh
SAMP_2251,0.99,22.1,71.5,21.78,skin_surface,Fresh
SAMP_2252,24.04,18.6,87.1,447.11,skin_surface,Advanced Decay
SAMP_2253,11.06,20.2,79.8,223.46,soil_interface,Active Decay
SAMP_2254,17.68,16.4,67.9,289.91,oral_cavity,Active Decay
SAMP_2255,21.12,22.3,50.7,470.93,oral_cavity,Advanced Decay
SAMP_2256,8.48,26.2,62.5,222.2,skin_surface,Active Decay
SAMP_2257,7.29,17.6,74.7,128.24,oral_cavity,Bloat
SAMP_2258,5.63,19.5,81.9,109.76,skin_surface,Bloat
SAMP_2259,3.81,24.0,88.0,91.48,soil_interface,Bloat
SAMP_2260,5.7,26.8,70.3,152.82,skin_surface,Active Decay
SAMP_2261,14.87,16.0,66.3,237.87,skin_surface,Active Decay
SAMP_2262,9.21,21.3,40.9,196.2,soil_interface,Active Decay
SAMP_2263,22.3,23.1,43.6,515.24,oral_cavity,Advanced Decay
SAMP_2264,5.86,21.6,47.8,126.55,oral_cavity,Bloat
SAMP_2265,9.34,12.1,42.7,113.04,skin_surface,Bloat
SAMP_2266,9.98,24.0,60.0,239.47,oral_cavity,Active Decay
SAMP_2267,8.96,28.1,56.8,251.7,oral_cavity,Active Decay
SAMP_2268,12.13,22.5,71.9,272.88,oral_cavity,Active Decay
SAMP_2269,2.71,17.9,66.8,48.52,soil_interface,Bloat
SAMP_2270,7.18,19.9,69.8,142.92,soil_interface,Bloat
SAMP_2271,1.1,29.1,63.6,32.03,skin_surface,Fresh
SAMP_2272,4.85,25.6,53.9,124.25,oral_cavity,Bloat
SAMP_2273,6.69,24.6,87.6,164.52,oral_cavity,Active Decay
SAMP_2274,10.56,23.4,44.3,247.15,oral_cavity,Active Decay
SAMP_2275,30.0,19.4,86.9,582.0,oral_cavity,Advanced Decay
SAMP_2276,9.18,21.2,55.6,194.6,oral_cavity,Active Decay
SAMP_2277,13.61,21.7,65.6,295.34,skin_surface,Active Decay
SAMP_2278,7.06,24.2,45.4,170.79,skin_surface,Active Decay
SAMP_2279,10.05,28.0,43.5,281.51,oral_cavity,Active Decay
SAMP_2280,0.74,26.5,61.5,19.5,skin_surface,Fresh
SAMP_2281,2.94,16.3,77.1,47.85,skin_surface,Bloat
SAMP_2282,4.49,22.9,53.5,102.86,skin_surface,Bloat
SAMP_2283,6.4,24.9,68.1,159.26,oral_cavity,Active Decay
SAMP_2284,0.47,24.5,53.9,11.45,soil_interface,Fresh
SAMP_2285,1.51,19.5,59.4,29.42,skin_surface,Fresh
SAMP_2286,3.24,32.0,85.3,103.71,oral_cavity,Bloat
SAMP_2287,30.0,16.9,82.8,507.0,skin_surface,Advanced Decay
SAMP_2288,4.02,17.7,65.8,71.24,skin_surface,Bloat
SAMP_2289,6.58,22.9,51.9,150.65,skin_surface,Active Decay
SAMP_2290,2.18,30.5,49.7,66.57,skin_surface,Bloat
SAMP_2291,9.44,18.7,87.7,176.46,skin_surface,Active Decay
SAMP_2292,3.29,20.9,50.1,68.86,skin_surface,Bloat
SAMP_2293,2.32,26.3,80.4,61.0,skin_surface,Bloat
SAMP_2294,7.27,21.9,58.4,159.18,oral_cavity,Active Decay
SAMP_2295,0.1,20.7,89.3,2.07,oral_cavity,Fresh
SAMP_2296,0.1,24.3,58.4,2.43,oral_cavity,Fresh
SAMP_2297,2.47,23.1,57.6,57.12,skin_surface,Bloat
SAMP_2298,0.37,26.1,71.9,9.76,oral_cavity,Fresh
SAMP_2299,1.14,27.2,88.1,31.09,skin_surface,Fresh
SAMP_2300,4.14,23.2,88.8,96.0,oral_cavity,Bloat
SAMP_2301,16.22,23.2,75.4,376.41,skin_surface,Advanced Decay
SAMP_2302,8.49,22.9,77.7,194.36,skin_surface,Active Decay
SAMP_2303,7.19,24.0,68.2,172.51,oral_cavity,Active Decay
SAMP_2304,3.47,22.2,77.8,77.13,skin_surface,Bloat
SAMP_2305,26.85,22.0,83.0,590.62,soil_interface,Advanced Decay
SAMP_2306,5.06,26.8,64.3,135.57,oral_cavity,Bloat
SAMP_2307,0.91,28.1,71.0,25.61,soil_interface,Fresh
SAMP_2308,9.6,16.0,66.9,153.58,skin_surface,Active Decay
SAMP_2309,1.21,22.0,68.1,26.59,skin_surface,Fresh
SAMP_2310,4.23,19.2,84.5,81.3,oral_cavity,Bloat
SAMP_2311,7.08,20.8,57.8,147.28,skin_surface,Bloat
SAMP_2312,20.73,23.6,50.4,489.28,skin_surface,Advanced Decay
SAMP_2313,6.8,24.7,62.8,168.04,skin_surface,Active Decay
SAMP_2314,12.12,21.6,50.4,261.69,soil_interface,Active Decay
SAMP_2315,30.0,14.3,64.9,429.0,skin_surface,Advanced Decay
SAMP_2316,1.41,18.1,85.2,25.52,oral_cavity,Fresh
SAMP_2317,3.21,25.6,70.9,82.23,oral_cavity,Bloat
SAMP_2318,5.02,12.0,82.8,60.22,oral_cavity,Bloat
SAMP_2319,5.48,26.7,48.3,146.29,soil_interface,Bloat
SAMP_2320,5.29,24.1,85.0,127.58,oral_cavity,Bloat
SAMP_2321,23.82,27.3,70.1,650.22,oral_cavity,Dry Remains
SAMP_2322,12.52,21.2,41.6,265.4,oral_cavity,Active Decay
SAMP_2323,9.36,13.8,71.7,129.2,soil_interface,Bloat
SAMP_2324,3.7,23.7,87.6,87.73,skin_surface,Bloat
SAMP_2325,17.36,27.1,44.0,470.48,soil_interface,Advanced Decay
SAMP_2326,30.0,25.7,69.1,771.0,skin_surface,Dry Remains
SAMP_2327,17.21,19.3,85.8,332.25,soil_interface,Active Decay
SAMP_2328,0.1,22.3,40.5,2.23,oral_cavity,Fresh
SAMP_2329,10.12,19.9,71.5,201.33,oral_cavity,Active Decay
SAMP_2330,0.52,18.7,63.7,9.82,oral_cavity,Fresh
SAMP_2331,2.98,25.8,57.3,76.85,skin_surface,Bloat
SAMP_2332,0.61,17.2,71.4,10.56,skin_surface,Fresh
SAMP_2333,9.26,18.4,42.6,170.35,oral_cavity,Active Decay
SAMP_2334,11.6,17.6,77.7,204.2,oral_cavity,Active Decay
SAMP_2335,1.22,16.0,40.2,19.45,skin_surface,Fresh
SAMP_2336,4.84,22.6,55.3,109.44,oral_cavity,Bloat
SAMP_2337,6.09,26.6,65.2,162.06,skin_surface,Active Decay
SAMP_2338,4.61,21.3,58.9,98.09,oral_cavity,Bloat
SAMP_2339,1.29,16.0,55.4,20.64,skin_surface,Fresh
SAMP_2340,5.43,25.4,81.5,137.9,skin_surface,Bloat
SAMP_2341,13.91,28.7,86.7,399.22,skin_surface,Advanced Decay
SAMP_2342,0.74,19.4,83.7,14.29,oral_cavity,Fresh
SAMP_2343,0.84,20.1,66.1,16.8,oral_cavity,Fresh
SAMP_2344,4.38,24.1,84.2,105.59,soil_interface,Bloat
SAMP_2345,28.43,28.5,86.0,810.14,skin_surface,Dry Remains
SAMP_2346,11.04,19.9,60.5,219.76,skin_surface,Active Decay
SAMP_2347,11.35,16.7,54.2,189.59,skin_surface,Active Decay
SAMP_2348,4.49,24.5,44.9,110.08,oral_cavity,Bloat
SAMP_2349,9.01,25.2,64.0,226.94,soil_interface,Active Decay
SAMP_2350,0.1,22.0,87.3,2.24,skin_surface,Fresh
SAMP_2351,10.11,19.8,68.0,200.15,skin_surface,Active Decay
SAMP_2352,24.45,26.0,73.4,635.74,soil_interface,Dry Remains
SAMP_2353,9.48,24.1,45.6,228.52,oral_cavity,Active Decay
SAMP_2354,20.69,18.9,47.2,391.06,skin_surface,Advanced Decay
SAMP_2355,12.87,22.2,63.2,285.77,soil_interface,Active Decay
SAMP_2356,1.28,16.6,87.6,21.33,oral_cavity,Fresh
SAMP_2357,23.27,24.7,58.0,574.87,oral_cavity,Advanced Decay
SAMP_2358,0.69,21.0,83.9,14.44,skin_surface,Fresh
SAMP_2359,7.63,20.3,46.0,154.99,oral_cavity,Active Decay
SAMP_2360,1.53,21.9,70.9,33.58,soil_interface,Fresh
SAMP_2361,0.12,22.2,70.0,2.61,oral_cavity,Fresh
SAMP_2362,5.48,25.6,83.0,140.35,skin_surface,Bloat
SAMP_2363,3.5,24.4,40.2,85.31,oral_cavity,Bloat
SAMP_2364,6.66,21.4,49.5,142.42,oral_cavity,Bloat
SAMP_2365,8.61,25.1,51.0,216.07,soil_interface,Active Decay
SAMP_2366,0.45,23.6,87.5,10.55,skin_surface,Fresh
SAMP_2367,1.31,20.3,47.7,26.64,oral_cavity,Fresh
SAMP_2368,8.18,21.5,41.8,175.85,oral_cavity,Active Decay
SAMP_2369,4.2,21.4,66.7,89.95,skin_surface,Bloat
SAMP_2370,13.06,24.0,66.4,313.51,soil_interface,Active Decay
SAMP_2371,10.56,20.5,82.2,216.56,skin_surface,Active Decay
SAMP_2372,18.68,20.4,87.4,381.12,skin_surface,Advanced Decay
SAMP_2373,11.79,29.9,66.9,352.6,oral_cavity,Advanced Decay
SAMP_2374,5.62,25.8,86.5,145.0,soil_interface,Bloat
SAMP_2375,11.18,19.0,76.3,212.36,skin_surface,Active Decay
SAMP_2376,3.22,24.3,53.2,78.27,skin_surface,Bloat
SAMP_2377,3.66,22.5,86.4,82.29,skin_surface,Bloat
SAMP_2378,15.56,23.6,73.4,367.18,skin_surface,Advanced Decay
SAMP_2379,5.91,22.5,60.7,133.05,soil_interface,Bloat
SAMP_2380,16.01,26.8,74.0,429.17,skin_surface,Advanced Decay
SAMP_2381,17.28,23.4,60.1,404.43,soil_interface,Advanced Decay
SAMP_2382,19.49,21.8,45.7,424.85,skin_surface,Advanced Decay
SAMP_2383,24.85,26.2,75.9,650.95,skin_surface,Dry Remains
SAMP_2384,5.64,22.9,81.2,129.12,soil_interface,Bloat
SAMP_2385,3.84,22.5,76.4,86.4,oral_cavity,Bloat
SAMP_2386,8.73,23.3,51.5,203.35,skin_surface,Active Decay
SAMP_2387,4.64,21.6,87.8,100.2,skin_surface,Bloat
SAMP_2388,9.19,22.0,41.3,202.18,soil_interface,Active Decay
SAMP_2389,12.23,19.7,56.6,240.89,oral_cavity,Active Decay
SAMP_2390,11.66,19.0,53.0,221.55,oral_cavity,Active Decay
SAMP_2391,4.69,18.0,42.4,84.47,oral_cavity,Bloat
SAMP_2392,1.83,16.4,60.3,29.94,oral_cavity,Fresh
SAMP_2393,5.63,18.5,71.2,104.16,oral_cavity,Bloat
SAMP_2394,1.54,21.3,84.1,32.77,skin_surface,Fresh
SAMP_2395,22.08,22.4,89.5,494.63,soil_interface,Advanced Decay
SAMP_2396,4.24,20.9,80.4,88.71,skin_surface,Bloat
SAMP_2397,1.68,12.6,63.4,21.14,oral_cavity,Fresh
SAMP_2398,0.26,28.3,76.2,7.29,soil_interface,Fresh
SAMP_2399,10.38,26.3,82.2,272.98,skin_surface,Active Decay
SAMP_2400,10.13,23.8,63.3,241.11,oral_cavity,Active Decay
SAMP_2401,4.16,29.6,79.3,123.26,oral_cavity,Bloat
SAMP_2402,0.74,18.1,64.1,13.47,skin_surface,Fresh
SAMP_2403,5.27,29.6,59.3,155.99,skin_surface,Active Decay
SAMP_2404,3.73,18.1,66.3,67.48,skin_surface,Bloat
SAMP_2405,11.3,23.0,73.8,260.01,oral_cavity,Active Decay
SAMP_2406,9.31,16.9,76.3,157.31,soil_interface,Active Decay
SAMP_2407,4.53,22.1,57.8,100.22,oral_cavity,Bloat
SAMP_2408,2.46,23.5,68.6,57.75,skin_surface,Bloat
SAMP_2409,30.0,21.4,85.5,642.0,skin_surface,Dry Remains
SAMP_2410,6.05,24.9,88.8,150.68,oral_cavity,Active Decay
SAMP_2411,11.66,22.4,51.4,261.1,oral_cavity,Active Decay
SAMP_2412,1.51,19.9,49.6,30.14,oral_cavity,Fresh
SAMP_2413,6.65,19.7,73.8,130.95,oral_cavity,Bloat
SAMP_2414,0.28,25.2,60.7,7.04,oral_cavity,Fresh
SAMP_2415,7.04,19.4,41.2,136.6,skin_surface,Bloat
SAMP_2416,30.0,25.7,57.3,771.0,skin_surface,Dry Remains
SAMP_2417,4.85,26.9,80.3,130.42,skin_surface,Bloat
SAMP_2418,0.4,15.3,79.9,6.09,skin_surface,Fresh
SAMP_2419,0.31,26.5,64.7,8.33,soil_interface,Fresh
SAMP_2420,4.91,30.2,63.6,148.28,soil_interface,Bloat
SAMP_2421,1.74,23.0,69.0,40.11,oral_cavity,Bloat
SAMP_2422,0.24,24.4,51.0,5.77,skin_surface,Fresh
SAMP_2423,14.11,26.1,66.3,368.39,oral_cavity,Advanced Decay
SAMP_2424,6.13,20.9,40.6,128.21,oral_cavity,Bloat
SAMP_2425,3.41,22.7,63.8,77.5,skin_surface,Bloat
SAMP_2426,23.03,16.7,56.8,384.67,skin_surface,Advanced Decay
SAMP_2427,1.23,22.6,73.7,27.9,skin_surface,Fresh
SAMP_2428,30.0,24.0,71.9,720.0,skin_surface,Dry Remains
SAMP_2429,3.77,24.1,59.0,90.82,oral_cavity,Bloat
SAMP_2430,21.93,26.3,40.4,576.72,soil_interface,Advanced Decay
SAMP_2431,9.24,18.9,52.6,174.57,oral_cavity,Active Decay
SAMP_2432,17.53,19.9,71.7,348.8,oral_cavity,Active Decay
SAMP_2433,30.0,29.6,43.6,888.0,oral_cavity,Dry Remains
SAMP_2434,3.4,21.4,45.4,72.81,soil_interface,Bloat
SAMP_2435,30.0,22.8,72.4,684.0,skin_surface,Dry Remains
SAMP_2436,4.93,21.7,77.8,107.08,skin_surface,Bloat
SAMP_2437,4.87,18.7,56.1,91.06,skin_surface,Bloat
SAMP_2438,4.16,28.5,64.5,118.59,skin_surface,Bloat
SAMP_2439,7.8,19.9,87.3,155.14,soil_interface,Active Decay
SAMP_2440,1.67,17.5,87.3,29.3,skin_surface,Fresh
SAMP_2441,8.07,20.2,55.4,162.97,soil_interface,Active Decay
SAMP_2442,7.8,14.0,80.5,109.23,skin_surface,Bloat
SAMP_2443,14.35,19.4,69.7,278.4,skin_surface,Active Decay
SAMP_2444,17.94,18.1,88.8,324.65,oral_cavity,Active Decay
SAMP_2445,5.81,24.5,63.9,142.25,soil_interface,Bloat
SAMP_2446,3.6,19.3,78.7,69.48,skin_surface,Bloat
SAMP_2447,3.0,25.6,78.4,76.85,skin_surface,Bloat
SAMP_2448,2.16,27.6,64.9,59.74,skin_surface,Bloat
SAMP_2449,0.59,25.1,79.8,14.9,skin_surface,Fresh
SAMP_2450,4.19,21.1,53.1,88.46,oral_cavity,Bloat
SAMP_2451,3.15,22.6,46.1,71.2,oral_cavity,Bloat
SAMP_2452,30.0,15.9,61.3,477.0,skin_surface,Advanced Decay
SAMP_2453,8.16,21.5,87.2,175.39,oral_cavity,Active Decay
SAMP_2454,4.27,18.6,65.0,79.35,skin_surface,Bloat
SAMP_2455,8.69,24.8,71.8,215.42,skin_surface,Active Decay
SAMP_2456,1.5,32.0,71.2,47.96,oral_cavity,Bloat
SAMP_2457,5.87,24.0,46.6,140.9,oral_cavity,Bloat
SAMP_2458,9.84,14.0,59.5,137.78,soil_interface,Bloat
SAMP_2459,6.71,20.6,75.3,138.26,skin_surface,Bloat
SAMP_2460,5.14,22.5,88.6,115.6,oral_cavity,Bloat
SAMP_2461,30.0,22.3,48.4,669.0,soil_interface,Dry Remains
SAMP_2462,21.23,19.1,60.5,405.47,skin_surface,Advanced Decay
SAMP_2463,9.77,23.0,44.8,224.62,oral_cavity,Active Decay
SAMP_2464,8.43,17.0,52.1,143.23,oral_cavity,Bloat
SAMP_2465,9.69,18.2,58.8,176.42,oral_cavity,Active Decay
SAMP_2466,2.25,24.6,67.0,55.3,soil_interface,Bloat
SAMP_2467,5.03,17.9,51.5,89.99,skin_surface,Bloat
SAMP_2468,0.4,24.2,51.4,9.74,skin_surface,Fresh
SAMP_2469,6.45,16.5,78.9,106.49,soil_interface,Bloat
SAMP_2470,7.83,29.1,88.1,227.89,oral_cavity,Active Decay
SAMP_2471,2.58,18.9,56.2,48.85,oral_cavity,Bloat
SAMP_2472,30.0,21.1,74.4,633.0,oral_cavity,Dry Remains
SAMP_2473,24.02,23.3,52.9,559.64,oral_cavity,Advanced Decay
SAMP_2474,12.81,19.7,86.4,252.29,skin_surface,Active Decay
SAMP_2475,7.62,22.6,73.6,172.27,skin_surface,Active Decay
SAMP_2476,20.4,24.3,80.1,495.72,oral_cavity,Advanced Decay
SAMP_2477,1.4,25.8,42.5,36.12,oral_cavity,Bloat
SAMP_2478,15.63,25.2,69.9,393.9,oral_cavity,Advanced Decay
SAMP_2479,1.33,21.3,66.4,28.4,soil_interface,Fresh
SAMP_2480,15.81,21.4,54.6,338.31,skin_surface,Active Decay
SAMP_2481,3.23,31.4,53.1,101.31,skin_surface,Bloat
SAMP_2482,20.96,25.8,69.0,540.85,oral_cavity,Advanced Decay
SAMP_2483,28.83,18.3,75.3,527.62,skin_surface,Advanced Decay
SAMP_2484,1.61,22.4,41.7,36.09,oral_cavity,Bloat
SAMP_2485,6.21,20.7,68.4,128.58,soil_interface,Bloat
SAMP_2486,30.0,21.5,48.5,645.0,skin_surface,Dry Remains
SAMP_2487,6.61,17.1,47.0,112.95,skin_surface,Bloat
SAMP_2488,19.92,20.4,71.2,406.32,skin_surface,Advanced Decay
SAMP_2489,8.89,29.2,55.5,259.44,skin_surface,Active Decay
SAMP_2490,4.71,24.3,62.0,114.34,oral_cavity,Bloat
SAMP_2491,3.37,12.0,58.0,40.39,oral_cavity,Bloat
SAMP_2492,2.27,26.9,72.4,61.11,skin_surface,Bloat
SAMP_2493,14.35,26.4,63.5,378.74,oral_cavity,Advanced Decay
SAMP_2494,4.89,20.6,88.2,100.66,oral_cavity,Bloat
SAMP_2495,7.16,24.9,57.6,178.27,skin_surface,Active Decay
SAMP_2496,6.78,18.6,77.0,126.09,soil_interface,Bloat
SAMP_2497,8.61,20.1,52.9,173.07,soil_interface,Active Decay
SAMP_2498,20.07,28.0,65.4,561.89,oral_cavity,Advanced Decay
SAMP_2499,30.0,20.9,67.6,627.0,oral_cavity,Dry Remains
SAMP_2500,5.24,14.5,56.5,75.91,skin_surface,Bloat
SAMP_2501,17.57,21.7,63.6,381.37,soil_interface,Advanced Decay
SAMP_2502,14.46,21.7,54.0,313.82,soil_interface,Active Decay
SAMP_2503,8.52,26.8,40.3,228.39,soil_interface,Active Decay
SAMP_2504,30.0,22.1,50.8,663.0,skin_surface,Dry Remains
SAMP_2505,2.24,20.3,75.0,45.42,oral_cavity,Bloat
SAMP_2506,1.16,26.2,78.5,30.32,oral_cavity,Fresh
SAMP_2507,19.24,22.5,54.0,432.87,oral_cavity,Advanced Decay
SAMP_2508,5.78,19.0,60.4,109.88,skin_surface,Bloat
SAMP_2509,18.77,26.6,41.9,499.31,oral_cavity,Advanced Decay
SAMP_2510,22.36,22.8,51.9,509.76,skin_surface,Advanced Decay
SAMP_2511,0.64,22.0,79.0,14.19,skin_surface,Fresh
SAMP_2512,21.5,22.7,70.3,487.95,oral_cavity,Advanced Decay
SAMP_2513,5.95,17.7,50.3,105.28,soil_interface,Bloat
SAMP_2514,7.14,19.9,52.9,142.13,skin_surface,Bloat
SAMP_2515,9.85,22.0,80.8,216.72,soil_interface,Active Decay
SAMP_2516,26.09,21.2,50.5,553.08,soil_interface,Advanced Decay
SAMP_2517,0.19,27.1,56.7,5.23,oral_cavity,Fresh
SAMP_2518,6.48,22.9,73.2,148.36,oral_cavity,Bloat
SAMP_2519,11.64,25.4,68.1,295.62,oral_cavity,Active Decay
SAMP_2520,12.83,22.0,63.0,282.19,skin_surface,Active Decay
SAMP_2521,11.79,26.2,85.0,309.0,skin_surface,Active Decay
SAMP_2522,1.44,23.6,51.0,34.07,soil_interface,Fresh
SAMP_2523,3.56,22.1,77.1,78.63,oral_cavity,Bloat
SAMP_2524,4.44,21.9,48.0,97.3,skin_surface,Bloat
SAMP_2525,16.32,18.2,70.8,297.0,soil_interface,Active Decay
SAMP_2526,3.27,24.0,83.5,78.43,skin_surface,Bloat
SAMP_2527,2.37,21.8,62.9,51.58,oral_cavity,Bloat
SAMP_2528,30.0,20.0,76.2,600.0,skin_surface,Dry Remains
SAMP_2529,0.1,26.4,81.0,2.64,oral_cavity,Fresh
SAMP_2530,30.0,17.0,46.8,510.0,oral_cavity,Advanced Decay
SAMP_2531,11.3,20.3,75.3,229.3,oral_cavity,Active Decay
SAMP_2532,17.63,26.1,86.0,460.14,oral_cavity,Advanced Decay
SAMP_2533,3.49,23.3,68.8,81.32,skin_surface,Bloat
SAMP_2534,0.14,21.8,49.3,3.14,oral_cavity,Fresh
SAMP_2535,13.39,23.0,46.3,307.95,skin_surface,Active Decay
SAMP_2536,17.97,22.7,53.0,407.84,oral_cavity,Advanced Decay
SAMP_2537,13.49,15.9,45.2,214.48,oral_cavity,Active Decay
SAMP_2538,1.54,20.6,65.7,31.75,oral_cavity,Fresh
SAMP_2539,14.0,28.5,43.5,399.03,oral_cavity,Advanced Decay
SAMP_2540,14.65,19.4,51.2,284.21,oral_cavity,Active Decay
SAMP_2541,10.75,20.7,62.0,222.43,skin_surface,Active Decay
SAMP_2542,14.53,19.8,63.7,287.68,soil_interface,Active Decay
SAMP_2543,18.7,21.7,68.3,405.85,oral_cavity,Advanced Decay
SAMP_2544,9.51,19.7,75.3,187.33,oral_cavity,Active Decay
SAMP_2545,0.93,23.9,42.4,22.17,oral_cavity,Fresh
SAMP_2546,6.69,22.8,44.0,152.46,soil_interface,Active Decay
SAMP_2547,0.81,25.1,43.0,20.29,skin_surface,Fresh
SAMP_2548,5.23,17.8,61.2,93.18,skin_surface,Bloat
SAMP_2549,5.23,20.6,42.1,107.68,oral_cavity,Bloat
SAMP_2550,0.68,21.1,77.3,14.41,oral_cavity,Fresh
SAMP_2551,4.29,23.8,51.2,102.09,oral_cavity,Bloat
SAMP_2552,1.18,18.8,87.0,22.12,soil_interface,Fresh
SAMP_2553,16.51,25.7,64.3,424.43,oral_cavity,Advanced Decay
SAMP_2554,29.51,26.7,62.3,787.79,skin_surface,Dry Remains
SAMP_2555,0.75,18.0,79.0,13.51,skin_surface,Fresh
SAMP_2556,30.0,20.0,75.7,600.0,skin_surface,Dry Remains
SAMP_2557,7.39,19.9,70.4,147.13,oral_cavity,Bloat
SAMP_2558,3.56,32.0,86.8,113.94,skin_surface,Bloat
SAMP_2559,0.8,20.3,61.1,16.24,oral_cavity,Fresh
SAMP_2560,6.94,28.7,80.4,199.29,soil_interface,Active Decay
SAMP_2561,15.82,16.9,59.0,267.42,oral_cavity,Active Decay
SAMP_2562,12.28,18.0,81.9,221.02,oral_cavity,Active Decay
SAMP_2563,0.52,19.3,53.0,9.95,oral_cavity,Fresh
SAMP_2564,0.76,18.6,54.5,14.08,soil_interface,Fresh
SAMP_2565,5.16,20.9,73.9,107.77,oral_cavity,Bloat
SAMP_2566,3.5,19.2,50.6,67.19,skin_surface,Bloat
SAMP_2567,2.64,18.7,51.5,49.46,oral_cavity,Bloat
SAMP_2568,3.3,26.6,55.3,87.75,oral_cavity,Bloat
SAMP_2569,16.27,26.9,73.9,437.66,skin_surface,Advanced Decay
SAMP_2570,26.48,25.8,84.5,683.26,oral_cavity,Dry Remains
SAMP_2571,5.19,24.1,73.7,125.17,skin_surface,Bloat
SAMP_2572,23.66,22.4,81.4,529.9,skin_surface,Advanced Decay
SAMP_2573,3.88,20.0,67.2,77.57,soil_interface,Bloat
SAMP_2574,6.47,18.2,43.4,117.77,oral_cavity,Bloat
SAMP_2575,2.56,23.5,45.0,60.21,skin_surface,Bloat
SAMP_2576,10.23,17.3,67.7,176.97,soil_interface,Active Decay
SAMP_2577,30.0,18.0,56.4,540.0,skin_surface,Advanced Decay
SAMP_2578,9.25,26.6,51.0,246.07,oral_cavity,Active Decay
SAMP_2579,4.43,29.6,63.3,131.09,skin_surface,Bloat
SAMP_2580,10.44,23.6,73.3,246.29,soil_interface,Active Decay
SAMP_2581,1.31,26.4,59.2,34.63,skin_surface,Fresh
SAMP_2582,21.95,21.0,80.1,460.98,soil_interface,Advanced Decay
SAMP_2583,6.99,16.6,76.9,116.09,skin_surface,Bloat
SAMP_2584,5.97,24.4,76.7,145.58,oral_cavity,Bloat
SAMP_2585,8.82,24.3,89.3,214.22,oral_cavity,Active Decay
SAMP_2586,9.8,22.3,54.8,218.6,oral_cavity,Active Decay
SAMP_2587,0.74,21.0,72.2,15.64,oral_cavity,Fresh
SAMP_2588,11.48,25.8,82.8,296.09,soil_interface,Active Decay
SAMP_2589,2.77,18.1,69.0,50.13,skin_surface,Bloat
SAMP_2590,12.52,18.9,79.5,236.55,skin_surface,Active Decay
SAMP_2591,17.29,18.0,60.7,311.22,skin_surface,Active Decay
SAMP_2592,16.29,22.3,69.5,363.36,oral_cavity,Advanced Decay
SAMP_2593,8.04,17.6,42.8,141.52,oral_cavity,Bloat
SAMP_2594,7.34,19.3,89.3,141.72,soil_interface,Bloat
SAMP_2595,1.54,19.2,80.0,29.6,skin_surface,Fresh
SAMP_2596,14.93,21.0,83.4,313.57,skin_surface,Active Decay
SAMP_2597,3.17,16.1,74.7,50.98,soil_interface,Bloat
SAMP_2598,6.87,22.3,49.3,153.1,oral_cavity,Active Decay
SAMP_2599,3.34,27.0,41.6,90.3,soil_interface,Bloat
SAMP_2600,1.44,22.5,83.2,32.33,soil_interface,Fresh
SAMP_2601,9.93,28.2,59.8,280.04,oral_cavity,Active Decay
SAMP_2602,0.56,27.3,53.2,15.25,oral_cavity,Fresh
SAMP_2603,13.81,25.1,68.1,346.6,soil_interface,Active Decay
SAMP_2604,3.82,22.3,61.0,85.21,skin_surface,Bloat
SAMP_2605,0.1,22.1,72.6,2.21,oral_cavity,Fresh
SAMP_2606,7.16,25.1,64.2,179.63,skin_surface,Active Decay
SAMP_2607,0.48,20.4,74.9,9.79,skin_surface,Fresh
SAMP_2608,3.23,14.5,82.7,46.86,skin_surface,Bloat
SAMP_2609,12.28,24.0,49.8,294.6,soil_interface,Active Decay
SAMP_2610,0.65,17.5,56.5,11.33,soil_interface,Fresh
SAMP_2611,18.28,18.2,61.8,332.78,soil_interface,Active Decay
SAMP_2612,0.1,22.0,88.1,2.2,oral_cavity,Fresh
SAMP_2613,2.83,21.6,58.3,61.23,skin_surface,Bloat
SAMP_2614,13.51,16.4,59.1,221.49,oral_cavity,Active Decay
SAMP_2615,3.8,22.7,72.7,86.3,oral_cavity,Bloat
SAMP_2616,1.07,25.9,61.0,27.83,soil_interface,Fresh
SAMP_2617,4.47,17.5,87.6,78.16,skin_surface,Bloat
SAMP_2618,3.15,27.1,84.7,85.43,soil_interface,Bloat
SAMP_2619,18.5,15.8,65.7,292.25,oral_cavity,Active Decay
SAMP_2620,3.76,30.5,72.2,114.66,soil_interface,Bloat
SAMP_2621,15.56,20.4,42.9,317.34,oral_cavity,Active Decay
SAMP_2622,22.24,22.6,74.8,502.72,oral_cavity,Advanced Decay
SAMP_2623,5.69,14.4,75.4,81.91,skin_surface,Bloat
SAMP_2624,24.07,21.8,58.0,524.79,oral_cavity,Advanced Decay
SAMP_2625,4.74,22.9,51.0,108.48,skin_surface,Bloat
SAMP_2626,30.0,21.7,85.8,651.0,soil_interface,Dry Remains
SAMP_2627,0.94,19.7,61.3,18.43,skin_surface,Fresh
SAMP_2628,11.62,18.2,72.7,211.41,oral_cavity,Active Decay
SAMP_2629,6.81,26.5,41.7,180.43,oral_cavity,Active Decay
SAMP_2630,4.9,22.1,60.7,108.39,skin_surface,Bloat
SAMP_2631,10.02,28.2,80.9,282.45,skin_surface,Active Decay
SAMP_2632,12.17,19.9,59.4,242.17,skin_surface,Active Decay
SAMP_2633,0.1,20.3,70.2,2.03,oral_cavity,Fresh
SAMP_2634,1.83,25.3,50.5,46.21,skin_surface,Bloat
SAMP_2635,12.48,15.5,60.8,193.51,oral_cavity,Active Decay
SAMP_2636,10.98,17.1,86.4,187.72,skin_surface,Active Decay
SAMP_2637,30.0,26.4,68.3,792.0,skin_surface,Dry Remains
SAMP_2638,14.31,17.3,85.1,247.64,oral_cavity,Active Decay
SAMP_2639,30.0,14.7,85.1,441.0,soil_interface,Advanced Decay
SAMP_2640,12.12,29.5,87.2,357.68,skin_surface,Advanced Decay
SAMP_2641,3.54,16.4,84.8,58.04,skin_surface,Bloat
SAMP_2642,1.11,22.7,40.2,25.27,skin_surface,Fresh
SAMP_2643,15.22,22.3,86.7,339.51,soil_interface,Active Decay
SAMP_2644,10.33,12.0,46.9,123.99,skin_surface,Bloat
SAMP_2645,0.49,20.9,42.0,10.32,oral_cavity,Fresh
SAMP_2646,4.46,23.8,42.8,106.24,oral_cavity,Bloat
SAMP_2647,30.0,23.4,57.4,702.0,oral_cavity,Dry Remains
SAMP_2648,6.94,25.6,71.0,177.65,oral_cavity,Active Decay
SAMP_2649,5.67,20.5,60.1,116.22,soil_interface,Bloat
SAMP_2650,6.12,24.9,41.3,152.37,skin_surface,Active Decay
SAMP_2651,2.34,19.2,63.8,44.99,soil_interface,Bloat
SAMP_2652,4.6,16.4,62.1,75.44,oral_cavity,Bloat
SAMP_2653,4.62,16.8,77.8,77.57,skin_surface,Bloat
SAMP_2654,0.54,16.2,54.0,8.71,soil_interface,Fresh
SAMP_2655,14.59,26.0,50.9,379.38,oral_cavity,Advanced Decay
SAMP_2656,5.39,15.9,52.8,85.66,skin_surface,Bloat
SAMP_2657,17.27,23.1,55.2,398.93,soil_interface,Advanced Decay
SAMP_2658,18.99,20.9,70.0,396.98,soil_interface,Advanced Decay
SAMP_2659,2.38,21.6,63.6,51.46,soil_interface,Bloat
SAMP_2660,10.71,27.5,56.8,294.54,soil_interface,Active Decay
SAMP_2661,6.39,20.2,58.7,129.12,skin_surface,Bloat
SAMP_2662,21.22,24.4,58.5,517.66,oral_cavity,Advanced Decay
SAMP_2663,2.43,22.2,88.6,53.95,skin_surface,Bloat
SAMP_2664,11.33,21.4,51.6,242.38,soil_interface,Active Decay
SAMP_2665,9.36,31.2,80.9,291.99,skin_surface,Active Decay
SAMP_2666,3.5,16.2,75.4,56.7,oral_cavity,Bloat
SAMP_2667,1.47,27.2,40.3,39.95,skin_surface,Bloat
SAMP_2668,10.55,24.6,89.7,259.41,skin_surface,Active Decay
SAMP_2669,13.42,20.1,77.8,269.68,oral_cavity,Active Decay
SAMP_2670,3.79,28.5,74.1,108.09,skin_surface,Bloat
SAMP_2671,10.35,14.6,60.3,151.13,skin_surface,Active Decay
SAMP_2672,5.03,19.9,67.8,100.05,skin_surface,Bloat
SAMP_2673,12.49,17.2,52.7,214.83,oral_cavity,Active Decay
SAMP_2674,2.22,23.6,41.8,52.43,oral_cavity,Bloat
SAMP_2675,22.09,17.5,81.8,386.62,skin_surface,Advanced Decay
SAMP_2676,3.39,23.7,84.8,80.31,skin_surface,Bloat
SAMP_2677,4.59,21.3,48.1,97.67,oral_cavity,Bloat
SAMP_2678,0.6,20.1,79.4,12.03,oral_cavity,Fresh
SAMP_2679,1.18,23.6,77.1,27.9,oral_cavity,Fresh
SAMP_2680,7.25,20.9,48.9,151.61,skin_surface,Active Decay
SAMP_2681,3.11,17.6,61.1,54.81,soil_interface,Bloat
SAMP_2682,18.05,32.0,61.1,577.51,skin_surface,Advanced Decay
SAMP_2683,0.15,20.1,78.0,2.98,soil_interface,Fresh
SAMP_2684,4.77,13.1,81.9,62.43,skin_surface,Bloat
SAMP_2685,4.12,18.6,44.7,76.54,skin_surface,Bloat
SAMP_2686,0.2,16.9,68.1,3.3,oral_cavity,Fresh
SAMP_2687,1.33,25.3,78.1,33.6,skin_surface,Fresh
SAMP_2688,5.34,23.3,79.3,124.38,skin_surface,Bloat
SAMP_2689,6.79,23.6,47.4,160.24,skin_surface,Active Decay
SAMP_2690,5.18,20.5,66.3,106.19,skin_surface,Bloat
SAMP_2691,7.57,20.9,82.9,158.22,oral_cavity,Active Decay
SAMP_2692,9.04,20.5,55.9,185.36,oral_cavity,Active Decay
SAMP_2693,0.1,21.7,61.3,2.17,soil_interface,Fresh
SAMP_2694,6.24,25.3,80.2,157.82,oral_cavity,Active Decay
SAMP_2695,30.0,23.3,44.5,699.0,oral_cavity,Dry Remains
SAMP_2696,7.32,24.0,83.0,175.67,soil_interface,Active Decay
SAMP_2697,11.32,24.0,55.6,271.63,skin_surface,Active Decay
SAMP_2698,3.74,25.5,40.1,95.31,oral_cavity,Bloat
SAMP_2699,14.87,23.2,51.7,345.03,oral_cavity,Active Decay
SAMP_2700,14.82,23.4,44.5,346.9,oral_cavity,Active Decay
SAMP_2701,7.37,26.8,44.6,197.43,skin_surface,Active Decay
SAMP_2702,30.0,19.3,74.6,579.0,skin_surface,Advanced Decay
SAMP_2703,1.34,18.6,50.7,24.95,oral_cavity,Fresh
SAMP_2704,0.17,17.3,86.7,2.96,soil_interface,Fresh
SAMP_2705,14.7,22.7,65.8,333.77,oral_cavity,Active Decay
SAMP_2706,16.46,14.6,63.0,240.3,oral_cavity,Active Decay
SAMP_2707,1.28,23.8,61.7,30.48,soil_interface,Fresh
SAMP_2708,3.09,21.6,74.6,66.67,oral_cavity,Bloat
SAMP_2709,0.18,26.5,62.6,4.69,soil_interface,Fresh
SAMP_2710,3.47,19.3,46.4,67.0,skin_surface,Bloat
SAMP_2711,14.83,21.2,84.0,314.49,oral_cavity,Active Decay
SAMP_2712,7.3,26.5,61.4,193.38,skin_surface,Active Decay
SAMP_2713,4.28,27.5,43.7,117.66,skin_surface,Bloat
SAMP_2714,4.65,19.3,66.5,89.71,soil_interface,Bloat
SAMP_2715,0.1,22.7,72.4,2.27,skin_surface,Fresh
SAMP_2716,3.56,23.2,53.8,82.68,skin_surface,Bloat
SAMP_2717,10.4,23.5,80.0,244.34,oral_cavity,Active Decay
SAMP_2718,30.0,20.9,73.5,627.0,skin_surface,Dry Remains
SAMP_2719,18.78,27.1,72.5,508.86,oral_cavity,Advanced Decay
SAMP_2720,0.24,14.4,61.0,3.44,oral_cavity,Fresh
SAMP_2721,22.88,20.3,88.1,464.52,soil_interface,Advanced Decay
SAMP_2722,15.29,23.8,53.7,363.85,oral_cavity,Advanced Decay
SAMP_2723,15.16,23.8,68.9,360.77,oral_cavity,Advanced Decay
SAMP_2724,6.12,27.4,55.5,167.82,skin_surface,Active Decay
SAMP_2725,5.08,26.8,77.2,136.01,soil_interface,Bloat
SAMP_2726,3.61,20.9,42.4,75.42,oral_cavity,Bloat
SAMP_2727,0.68,27.2,42.3,18.48,oral_cavity,Fresh
SAMP_2728,2.59,19.1,80.5,49.48,oral_cavity,Bloat
SAMP_2729,2.83,25.7,61.7,72.77,oral_cavity,Bloat
SAMP_2730,6.62,29.2,57.1,193.24,skin_surface,Active Decay
SAMP_2731,13.76,26.9,70.4,370.18,skin_surface,Advanced Decay
SAMP_2732,6.42,22.4,75.1,143.83,skin_surface,Bloat
SAMP_2733,0.6,20.7,50.1,12.33,skin_surface,Fresh
SAMP_2734,30.0,15.9,49.3,477.0,soil_interface,Advanced Decay
SAMP_2735,28.6,23.2,87.9,663.49,skin_surface,Dry Remains
SAMP_2736,15.38,17.5,69.5,269.15,soil_interface,Active Decay
SAMP_2737,30.0,18.8,59.5,564.0,skin_surface,Advanced Decay
SAMP_2738,7.86,17.2,80.1,135.25,skin_surface,Bloat
SAMP_2739,30.0,20.2,66.3,606.0,skin_surface,Dry Remains
SAMP_2740,0.79,21.9,52.1,17.22,skin_surface,Fresh
SAMP_2741,4.55,23.1,50.3,105.15,soil_interface,Bloat
SAMP_2742,2.55,19.6,59.8,50.06,oral_cavity,Bloat
SAMP_2743,2.18,26.3,83.0,57.32,skin_surface,Bloat
SAMP_2744,1.52,21.2,43.1,32.17,skin_surface,Fresh
SAMP_2745,9.74,18.8,50.9,183.1,skin_surface,Active Decay
SAMP_2746,15.2,22.9,84.7,348.12,skin_surface,Active Decay
SAMP_2747,8.63,29.9,46.1,258.17,skin_surface,Active Decay
SAMP_2748,1.59,23.3,71.5,37.04,oral_cavity,Bloat
SAMP_2749,16.67,20.5,50.7,341.67,soil_interface,Active Decay
SAMP_2750,10.1,15.9,70.3,160.67,oral_cavity,Active Decay
SAMP_2751,4.91,21.1,59.2,103.66,skin_surface,Bloat
SAMP_2752,11.21,22.9,45.1,256.77,oral_cavity,Active Decay
SAMP_2753,3.01,20.4,69.1,61.4,oral_cavity,Bloat
SAMP_2754,4.23,15.3,74.2,64.78,oral_cavity,Bloat
SAMP_2755,24.95,18.6,74.0,464.03,skin_surface,Advanced Decay
SAMP_2756,3.43,27.8,71.9,95.41,oral_cavity,Bloat
SAMP_2757,6.35,27.7,65.0,175.86,oral_cavity,Active Decay
SAMP_2758,22.09,18.5,66.0,408.58,oral_cavity,Advanced Decay
SAMP_2759,12.3,24.7,71.8,303.82,oral_cavity,Active Decay
SAMP_2760,0.64,17.3,74.5,11.11,oral_cavity,Fresh
SAMP_2761,1.59,27.6,72.7,43.98,oral_cavity,Bloat
SAMP_2762,0.1,23.0,69.3,2.3,skin_surface,Fresh
SAMP_2763,9.97,25.8,47.8,257.16,skin_surface,Active Decay
SAMP_2764,5.94,15.1,50.5,89.64,skin_surface,Bloat
SAMP_2765,1.44,24.7,53.0,35.61,soil_interface,Bloat
SAMP_2766,30.0,22.0,86.0,660.0,skin_surface,Dry Remains
SAMP_2767,7.54,25.4,78.0,191.59,soil_interface,Active Decay
SAMP_2768,2.77,25.7,67.6,71.17,oral_cavity,Bloat
SAMP_2769,6.94,22.3,52.6,154.84,skin_surface,Active Decay
SAMP_2770,11.38,19.6,45.5,223.1,oral_cavity,Active Decay
SAMP_2771,0.79,25.1,84.9,19.9,skin_surface,Fresh
SAMP_2772,3.21,21.8,84.6,70.02,skin_surface,Bloat
SAMP_2773,16.45,18.5,45.5,304.3,oral_cavity,Active Decay
SAMP_2774,6.16,18.3,79.9,112.65,skin_surface,Bloat
SAMP_2775,7.91,16.1,62.3,127.34,skin_surface,Bloat
SAMP_2776,5.67,20.0,56.2,113.41,oral_cavity,Bloat
SAMP_2777,0.45,26.4,77.0,11.85,skin_surface,Fresh
SAMP_2778,1.81,22.7,70.7,41.14,skin_surface,Bloat
SAMP_2779,5.9,19.9,79.0,117.36,oral_cavity,Bloat
SAMP_2780,2.35,25.2,43.7,59.14,oral_cavity,Bloat
SAMP_2781,0.51,18.7,55.9,9.59,soil_interface,Fresh
SAMP_2782,18.56,22.4,56.0,415.67,soil_interface,Advanced Decay
SAMP_2783,30.0,21.3,56.5,639.0,oral_cavity,Dry Remains
SAMP_2784,15.76,25.1,65.1,395.51,soil_interface,Advanced Decay
SAMP_2785,19.23,15.7,54.2,301.86,oral_cavity,Active Decay
SAMP_2786,2.77,18.6,62.2,51.53,soil_interface,Bloat
SAMP_2787,30.0,15.4,58.4,462.0,skin_surface,Advanced Decay
SAMP_2788,2.19,21.0,76.8,46.05,soil_interface,Bloat
SAMP_2789,30.0,26.8,70.2,804.0,skin_surface,Dry Remains
SAMP_2790,30.0,20.0,72.7,600.0,oral_cavity,Dry Remains
SAMP_2791,12.44,20.0,50.5,248.77,oral_cavity,Active Decay
SAMP_2792,30.0,25.5,56.3,765.0,skin_surface,Dry Remains
SAMP_2793,8.43,26.3,41.1,221.68,oral_cavity,Active Decay
SAMP_2794,3.0,21.6,45.4,64.9,skin_surface,Bloat
SAMP_2795,5.74,24.7,53.3,141.89,soil_interface,Bloat
SAMP_2796,9.0,17.7,43.3,159.36,oral_cavity,Active Decay
SAMP_2797,0.76,27.5,70.1,20.87,skin_surface,Fresh
SAMP_2798,9.74,30.6,89.9,297.97,oral_cavity,Active Decay
SAMP_2799,30.0,24.1,45.0,723.0,skin_surface,Dry Remains
SAMP_2800,2.11,13.7,81.1,28.89,oral_cavity,Fresh
SAMP_2801,15.73,19.8,45.9,311.47,oral_cavity,Active Decay
SAMP_2802,23.85,24.5,73.5,584.29,soil_interface,Advanced Decay
SAMP_2803,28.77,20.3,72.2,584.05,soil_interface,Advanced Decay
SAMP_2804,30.0,27.1,85.1,813.0,skin_surface,Dry Remains
SAMP_2805,7.37,24.4,45.7,179.83,skin_surface,Active Decay
SAMP_2806,30.0,19.2,55.8,576.0,skin_surface,Advanced Decay
SAMP_2807,14.16,22.1,44.5,312.93,skin_surface,Active Decay
SAMP_2808,1.76,18.4,60.4,32.45,oral_cavity,Fresh
SAMP_2809,6.48,21.3,85.6,138.02,oral_cavity,Bloat
SAMP_2810,12.67,19.8,79.1,250.87,oral_cavity,Active Decay
SAMP_2811,2.84,26.7,76.1,75.87,oral_cavity,Bloat
SAMP_2812,10.23,30.5,66.7,312.13,oral_cavity,Active Decay
SAMP_2813,10.98,16.3,84.2,179.04,oral_cavity,Active Decay
SAMP_2814,1.78,14.3,62.5,25.39,skin_surface,Fresh
SAMP_2815,8.33,21.0,47.5,174.85,oral_cavity,Active Decay
SAMP_2816,14.77,15.9,81.9,234.81,skin_surface,Active Decay
SAMP_2817,6.91,22.2,54.0,153.39,skin_surface,Active Decay
SAMP_2818,0.12,25.0,42.7,3.04,soil_interface,Fresh
SAMP_2819,0.1,28.0,46.3,2.8,oral_cavity,Fresh
SAMP_2820,4.42,22.8,70.5,100.7,skin_surface,Bloat
SAMP_2821,26.06,21.2,70.4,552.54,skin_surface,Advanced Decay
SAMP_2822,2.6,14.1,53.0,36.61,soil_interface,Bloat
SAMP_2823,10.06,22.1,76.4,222.35,oral_cavity,Active Decay
SAMP_2824,2.51,22.3,78.7,56.0,oral_cavity,Bloat
SAMP_2825,3.88,24.6,86.0,95.48,oral_cavity,Bloat
SAMP_2826,18.84,19.2,69.2,361.76,oral_cavity,Advanced Decay
SAMP_2827,13.05,20.3,79.0,264.94,skin_surface,Active Decay
SAMP_2828,1.0,16.1,77.7,16.14,soil_interface,Fresh
SAMP_2829,5.6,12.8,52.9,71.66,oral_cavity,Bloat
SAMP_2830,0.3,17.6,55.5,5.21,oral_cavity,Fresh
SAMP_2831,6.56,15.7,63.9,102.94,oral_cavity,Bloat
SAMP_2832,10.86,23.3,41.0,253.04,oral_cavity,Active Decay
SAMP_2833,1.26,19.9,54.9,25.1,soil_interface,Fresh
SAMP_2834,3.41,19.8,63.7,67.5,soil_interface,Bloat
SAMP_2835,5.07,18.1,45.4,91.81,oral_cavity,Bloat
SAMP_2836,25.2,12.0,46.3,302.39,oral_cavity,Active Decay
SAMP_2837,30.0,28.0,63.2,840.0,soil_interface,Dry Remains
SAMP_2838,0.46,18.0,76.5,8.27,oral_cavity,Fresh
SAMP_2839,14.31,20.4,81.7,291.99,skin_surface,Active Decay
SAMP_2840,4.65,16.2,67.3,75.29,soil_interface,Bloat
SAMP_2841,4.98,25.9,63.7,129.07,skin_surface,Bloat
SAMP_2842,14.04,22.6,59.2,317.19,oral_cavity,Active Decay
SAMP_2843,25.06,18.7,49.6,468.67,oral_cavity,Advanced Decay
SAMP_2844,30.0,20.4,47.3,612.0,soil_interface,Dry Remains
SAMP_2845,8.61,28.7,79.6,247.01,oral_cavity,Active Decay
SAMP_2846,4.42,21.7,63.3,95.87,oral_cavity,Bloat
SAMP_2847,15.49,21.3,79.5,329.95,skin_surface,Active Decay
SAMP_2848,2.89,18.2,75.2,52.6,soil_interface,Bloat
SAMP_2849,8.3,14.4,49.7,119.56,skin_surface,Bloat
SAMP_2850,4.44,21.4,65.5,95.03,oral_cavity,Bloat
SAMP_2851,10.69,23.3,62.2,249.07,skin_surface,Active Decay
SAMP_2852,2.75,26.4,61.2,72.59,oral_cavity,Bloat
SAMP_2853,2.13,13.0,67.1,27.65,oral_cavity,Fresh
SAMP_2854,25.04,17.5,89.1,438.19,soil_interface,Advanced Decay
SAMP_2855,1.07,19.7,80.6,21.15,oral_cavity,Fresh
SAMP_2856,7.05,22.0,85.2,155.13,oral_cavity,Active Decay
SAMP_2857,2.5,21.4,41.5,53.4,oral_cavity,Bloat
SAMP_2858,0.4,21.5,47.0,8.54,skin_surface,Fresh
SAMP_2859,0.37,23.6,44.2,8.66,skin_surface,Fresh
SAMP_2860,1.93,18.4,53.2,35.45,skin_surface,Bloat
SAMP_2861,20.16,25.7,62.1,518.03,skin_surface,Advanced Decay
SAMP_2862,3.32,23.7,72.1,78.67,skin_surface,Bloat
SAMP_2863,30.0,20.7,65.0,621.0,skin_surface,Dry Remains
SAMP_2864,8.71,28.4,85.2,247.47,oral_cavity,Active Decay
SAMP_2865,5.74,28.2,87.0,161.81,oral_cavity,Active Decay
SAMP_2866,8.68,25.7,48.2,223.0,skin_surface,Active Decay
SAMP_2867,7.27,12.0,82.6,87.25,oral_cavity,Bloat
SAMP_2868,14.22,28.3,64.1,402.43,oral_cavity,Advanced Decay
SAMP_2869,3.32,25.2,62.7,83.66,skin_surface,Bloat
SAMP_2870,4.35,30.0,79.2,130.65,skin_surface,Bloat
SAMP_2871,22.45,26.9,44.7,603.96,skin_surface,Dry Remains
SAMP_2872,29.27,28.3,84.1,828.41,skin_surface,Dry Remains
SAMP_2873,22.31,25.5,73.5,568.86,skin_surface,Advanced Decay
SAMP_2874,5.44,27.4,83.8,148.99,soil_interface,Bloat
SAMP_2875,15.16,30.0,89.7,454.74,oral_cavity,Advanced Decay
SAMP_2876,6.47,22.9,65.9,148.14,skin_surface,Bloat
SAMP_2877,6.88,15.7,44.7,108.05,oral_cavity,Bloat
SAMP_2878,2.29,20.8,48.3,47.63,oral_cavity,Bloat
SAMP_2879,8.94,23.6,56.2,211.07,soil_interface,Active Decay
SAMP_2880,2.06,22.3,45.2,45.93,oral_cavity,Bloat
SAMP_2881,4.03,17.0,80.8,68.48,oral_cavity,Bloat
SAMP_2882,19.31,15.5,54.8,299.34,skin_surface,Active Decay
SAMP_2883,2.32,19.0,88.8,44.09,oral_cavity,Bloat
SAMP_2884,0.74,25.2,75.1,18.6,skin_surface,Fresh
SAMP_2885,0.72,28.3,48.7,20.24,oral_cavity,Fresh
SAMP_2886,28.27,25.7,63.8,726.43,oral_cavity,Dry Remains
SAMP_2887,7.07,26.2,63.3,185.26,skin_surface,Active Decay
SAMP_2888,5.27,21.7,64.6,114.28,skin_surface,Bloat
SAMP_2889,16.65,15.0,66.8,249.8,skin_surface,Active Decay
SAMP_2890,18.07,20.2,41.6,364.98,skin_surface,Advanced Decay
SAMP_2891,4.04,21.0,74.3,84.79,skin_surface,Bloat
SAMP_2892,11.83,20.0,64.4,236.58,skin_surface,Active Decay
SAMP_2893,14.75,22.2,79.5,327.35,oral_cavity,Active Decay
SAMP_2894,10.63,23.8,80.8,253.04,oral_cavity,Active Decay
SAMP_2895,1.64,25.4,51.5,41.76,oral_cavity,Bloat
SAMP_2896,20.87,20.9,42.4,436.09,oral_cavity,Advanced Decay
SAMP_2897,7.75,14.4,75.2,111.54,oral_cavity,Bloat
SAMP_2898,3.32,20.1,88.9,66.72,oral_cavity,Bloat
SAMP_2899,5.54,22.2,62.3,122.94,soil_interface,Bloat
SAMP_2900,0.38,26.9,53.0,10.3,skin_surface,Fresh
SAMP_2901,1.37,19.7,47.8,26.95,oral_cavity,Fresh
SAMP_2902,14.5,24.1,54.4,349.57,skin_surface,Active Decay
SAMP_2903,0.1,23.2,56.4,2.32,skin_surface,Fresh
SAMP_2904,5.39,22.2,61.2,119.62,oral_cavity,Bloat
SAMP_2905,7.39,25.7,72.8,189.98,skin_surface,Active Decay
SAMP_2906,0.56,19.4,53.7,10.9,oral_cavity,Fresh
SAMP_2907,30.0,19.7,42.5,591.0,skin_surface,Advanced Decay
SAMP_2908,2.56,22.0,58.7,56.4,oral_cavity,Bloat
SAMP_2909,3.63,19.4,82.8,70.36,skin_surface,Bloat
SAMP_2910,3.62,24.0,64.9,86.96,skin_surface,Bloat
SAMP_2911,2.62,19.1,88.2,50.02,skin_surface,Bloat
SAMP_2912,0.1,22.9,65.2,2.29,skin_surface,Fresh
SAMP_2913,13.07,21.6,53.8,282.29,skin_surface,Active Decay
SAMP_2914,30.0,22.9,49.7,687.0,oral_cavity,Dry Remains
SAMP_2915,2.54,20.2,74.7,51.3,skin_surface,Bloat
SAMP_2916,10.88,20.6,66.8,224.09,soil_interface,Active Decay
SAMP_2917,13.54,22.4,70.2,303.38,skin_surface,Active Decay
SAMP_2918,18.87,22.8,77.8,430.16,soil_interface,Advanced Decay
SAMP_2919,5.49,22.0,76.3,120.84,oral_cavity,Bloat
SAMP_2920,3.61,28.8,42.2,103.93,oral_cavity,Bloat
SAMP_2921,3.93,18.0,80.1,70.83,skin_surface,Bloat
SAMP_2922,12.47,21.7,66.6,270.59,oral_cavity,Active Decay
SAMP_2923,16.97,15.7,59.6,266.44,oral_cavity,Active Decay
SAMP_2924,2.0,23.5,66.9,47.1,skin_surface,Bloat
SAMP_2925,4.64,17.5,70.6,81.12,oral_cavity,Bloat
SAMP_2926,23.22,20.9,47.5,485.34,oral_cavity,Advanced Decay
SAMP_2927,16.43,20.5,60.9,336.91,soil_interface,Active Decay
SAMP_2928,30.0,23.1,56.8,693.0,oral_cavity,Dry Remains
SAMP_2929,14.03,19.8,57.5,277.88,oral_cavity,Active Decay
SAMP_2930,5.0,19.6,44.6,97.91,oral_cavity,Bloat
SAMP_2931,8.93,27.7,48.0,247.4,soil_interface,Active Decay
SAMP_2932,10.82,23.1,48.1,249.9,skin_surface,Active Decay
SAMP_2933,0.82,19.8,58.7,16.18,oral_cavity,Fresh
SAMP_2934,7.86,21.0,84.7,165.13,oral_cavity,Active Decay
SAMP_2935,12.36,28.6,50.3,353.36,skin_surface,Advanced Decay
SAMP_2936,1.83,21.1,60.8,38.64,oral_cavity,Bloat
SAMP_2937,15.17,19.2,55.6,291.26,soil_interface,Active Decay
SAMP_2938,8.77,19.3,79.4,169.17,skin_surface,Active Decay
SAMP_2939,30.0,19.8,42.5,594.0,oral_cavity,Advanced Decay
SAMP_2940,0.43,19.6,49.8,8.5,soil_interface,Fresh
SAMP_2941,3.08,16.9,50.5,52.11,oral_cavity,Bloat
SAMP_2942,9.2,17.5,89.6,161.03,oral_cavity,Active Decay
SAMP_2943,3.52,18.7,68.5,65.78,oral_cavity,Bloat
SAMP_2944,12.53,24.4,46.9,305.79,skin_surface,Active Decay
SAMP_2945,14.23,20.5,53.6,291.71,oral_cavity,Active Decay
SAMP_2946,1.08,21.2,48.4,22.93,oral_cavity,Fresh
SAMP_2947,7.21,27.1,46.2,195.46,oral_cavity,Active Decay
SAMP_2948,7.11,27.2,79.9,193.42,soil_interface,Active Decay
SAMP_2949,4.61,20.9,64.8,96.33,oral_cavity,Bloat
SAMP_2950,27.02,19.5,71.6,526.88,oral_cavity,Advanced Decay
SAMP_2951,17.57,18.5,56.6,325.12,skin_surface,Active Decay
SAMP_2952,11.95,24.8,67.7,296.29,skin_surface,Active Decay
SAMP_2953,12.53,21.2,52.9,265.62,soil_interface,Active Decay
SAMP_2954,6.19,20.5,55.4,126.97,oral_cavity,Bloat
SAMP_2955,25.38,18.7,72.6,474.65,soil_interface,Advanced Decay
SAMP_2956,11.86,18.9,47.5,224.18,skin_surface,Active Decay
SAMP_2957,13.06,23.3,70.9,304.2,oral_cavity,Active Decay
SAMP_2958,19.78,16.7,82.6,330.37,soil_interface,Active Decay
SAMP_2959,3.2,26.0,46.0,83.28,skin_surface,Bloat
SAMP_2960,16.45,19.9,84.9,327.44,skin_surface,Active Decay
SAMP_2961,2.17,21.4,44.0,46.48,soil_interface,Bloat
SAMP_2962,4.24,16.7,57.4,70.75,skin_surface,Bloat
SAMP_2963,4.09,22.0,70.5,89.96,oral_cavity,Bloat
SAMP_2964,30.0,20.7,68.0,621.0,soil_interface,Dry Remains
SAMP_2965,19.42,21.8,44.8,423.29,oral_cavity,Advanced Decay
SAMP_2966,12.08,27.9,79.9,337.0,skin_surface,Active Decay
SAMP_2967,12.98,22.7,88.7,294.76,oral_cavity,Active Decay
SAMP_2968,8.26,18.8,49.1,155.23,oral_cavity,Active Decay
SAMP_2969,29.39,19.2,84.8,564.32,skin_surface,Advanced Decay
SAMP_2970,6.86,24.4,67.8,167.31,skin_surface,Active Decay
SAMP_2971,4.79,27.2,86.8,130.25,skin_surface,Bloat
SAMP_2972,1.78,23.1,48.8,41.11,soil_interface,Bloat
SAMP_2973,15.43,24.8,79.6,382.6,oral_cavity,Advanced Decay
SAMP_2974,13.26,24.4,43.0,323.53,skin_surface,Active Decay
SAMP_2975,4.85,27.7,84.2,134.37,skin_surface,Bloat
SAMP_2976,0.26,14.2,73.7,3.62,skin_surface,Fresh
SAMP_2977,18.26,24.7,58.5,451.1,skin_surface,Advanced Decay
SAMP_2978,0.11,25.9,49.5,2.97,oral_cavity,Fresh
SAMP_2979,12.16,16.6,80.8,201.92,skin_surface,Active Decay
SAMP_2980,30.0,18.5,70.2,555.0,skin_surface,Advanced Decay
SAMP_2981,5.76,18.6,58.0,107.07,oral_cavity,Bloat
SAMP_2982,2.68,19.1,62.2,51.16,skin_surface,Bloat
SAMP_2983,12.2,20.1,81.3,245.29,oral_cavity,Active Decay
SAMP_2984,16.99,23.0,56.9,390.76,soil_interface,Advanced Decay
SAMP_2985,7.91,25.5,44.5,201.6,skin_surface,Active Decay
SAMP_2986,30.0,26.3,85.6,789.0,oral_cavity,Dry Remains
SAMP_2987,0.53,18.6,59.4,9.87,oral_cavity,Fresh
SAMP_2988,7.03,18.6,57.4,130.72,skin_surface,Bloat
SAMP_2989,12.67,27.3,50.2,346.02,skin_surface,Active Decay
SAMP_2990,19.85,24.6,84.9,488.35,soil_interface,Advanced Decay
SAMP_2991,1.98,22.3,50.9,44.05,oral_cavity,Bloat
SAMP_2992,16.09,23.9,71.8,384.66,oral_cavity,Advanced Decay
SAMP_2993,8.05,21.9,84.0,176.19,soil_interface,Active Decay
SAMP_2994,5.05,24.1,41.7,121.73,oral_cavity,Bloat
SAMP_2995,1.41,20.7,81.4,29.24,skin_surface,Fresh
SAMP_2996,20.05,23.1,60.5,463.08,oral_cavity,Advanced Decay
SAMP_2997,1.71,16.0,72.9,27.38,skin_surface,Fresh
SAMP_2998,3.71,19.2,58.6,71.19,oral_cavity,Bloat
SAMP_2999,3.43,19.3,74.8,66.11,skin_surface,Bloat
SAMP_3000,20.51,20.5,52.7,420.49,skin_surface,Advanced Decay
SAMP_3001,11.17,18.3,41.1,204.39,soil_interface,Active Decay
SAMP_3002,15.93,19.9,87.4,317.0,oral_cavity,Active Decay
SAMP_3003,2.88,15.9,40.8,45.84,oral_cavity,Bloat
SAMP_3004,9.8,24.2,81.2,237.28,oral_cavity,Active Decay
SAMP_3005,8.48,21.7,48.5,184.02,soil_interface,Active Decay
SAMP_3006,17.89,15.2,59.6,271.89,skin_surface,Active Decay
SAMP_3007,23.65,18.7,81.1,442.33,skin_surface,Advanced Decay
SAMP_3008,0.12,23.3,50.3,2.85,oral_cavity,Fresh
SAMP_3009,11.21,19.8,83.3,221.94,skin_surface,Active Decay
SAMP_3010,0.53,19.2,64.9,10.22,oral_cavity,Fresh
SAMP_3011,7.96,21.7,58.3,172.73,oral_cavity,Active Decay
SAMP_3012,3.39,23.4,73.1,79.36,skin_surface,Bloat
SAMP_3013,3.66,16.3,57.1,59.72,oral_cavity,Bloat
SAMP_3014,4.35,24.2,57.4,105.35,skin_surface,Bloat
SAMP_3015,9.71,18.8,76.7,182.55,soil_interface,Active Decay
SAMP_3016,4.07,21.9,55.5,89.03,soil_interface,Bloat
SAMP_3017,13.19,21.9,50.0,288.94,skin_surface,Active Decay
SAMP_3018,5.18,19.9,80.4,103.16,oral_cavity,Bloat
SAMP_3019,0.71,17.9,80.3,12.67,skin_surface,Fresh
SAMP_3020,15.31,20.9,64.9,320.06,oral_cavity,Active Decay
SAMP_3021,3.37,28.5,66.3,95.91,oral_cavity,Bloat
SAMP_3022,5.67,16.6,74.8,94.12,skin_surface,Bloat
SAMP_3023,11.57,28.8,65.5,333.1,soil_interface,Active Decay
SAMP_3024,4.04,21.0,60.9,84.87,oral_cavity,Bloat
SAMP_3025,0.58,22.1,89.7,12.87,oral_cavity,Fresh
SAMP_3026,4.68,17.7,47.4,82.89,skin_surface,Bloat
SAMP_3027,28.9,18.9,69.6,546.29,oral_cavity,Advanced Decay
SAMP_3028,10.26,20.0,84.3,205.3,skin_surface,Active Decay
SAMP_3029,11.13,17.8,74.4,198.14,oral_cavity,Active Decay
SAMP_3030,10.0,21.2,84.0,212.09,oral_cavity,Active Decay
SAMP_3031,2.22,20.4,56.8,45.26,skin_surface,Bloat
SAMP_3032,5.42,29.4,53.6,159.31,soil_interface,Active Decay
SAMP_3033,13.9,17.3,82.6,240.48,skin_surface,Active Decay
SAMP_3034,1.07,22.4,59.7,23.94,soil_interface,Fresh
SAMP_3035,3.26,23.0,75.5,74.87,oral_cavity,Bloat
SAMP_3036,3.23,17.7,47.4,57.24,soil_interface,Bloat
SAMP_3037,5.66,24.7,77.8,139.72,oral_cavity,Bloat
SAMP_3038,30.0,20.4,67.4,612.0,soil_interface,Dry Remains
SAMP_3039,0.7,12.0,53.4,8.39,skin_surface,Fresh
SAMP_3040,7.31,24.6,64.7,179.89,oral_cavity,Active Decay
SAMP_3041,1.98,17.5,74.8,34.59,oral_cavity,Fresh
SAMP_3042,30.0,17.8,40.6,534.0,skin_surface,Advanced Decay
SAMP_3043,1.2,24.8,71.9,29.82,oral_cavity,Fresh
SAMP_3044,5.17,20.6,67.1,106.47,soil_interface,Bloat
SAMP_3045,13.39,25.7,51.0,344.12,oral_cavity,Active Decay
SAMP_3046,12.19,26.8,77.6,326.76,oral_cavity,Active Decay
SAMP_3047,5.49,19.4,55.2,106.59,oral_cavity,Bloat
SAMP_3048,4.25,25.2,53.8,107.21,oral_cavity,Bloat
SAMP_3049,5.07,19.0,63.6,96.3,skin_surface,Bloat
SAMP_3050,3.07,30.9,73.8,94.83,skin_surface,Bloat
SAMP_3051,2.3,19.2,86.4,44.13,soil_interface,Bloat
SAMP_3052,6.6,26.1,47.1,172.2,oral_cavity,Active Decay
SAMP_3053,3.13,25.4,59.8,79.43,soil_interface,Bloat
SAMP_3054,3.39,23.3,43.3,78.97,oral_cavity,Bloat
SAMP_3055,10.69,19.3,77.9,206.38,soil_interface,Active Decay
SAMP_3056,30.0,21.4,62.4,642.0,oral_cavity,Dry Remains
SAMP_3057,9.25,13.4,75.3,124.01,skin_surface,Bloat
SAMP_3058,0.8,22.9,56.1,18.34,skin_surface,Fresh
SAMP_3059,0.79,23.4,82.2,18.39,oral_cavity,Fresh
SAMP_3060,30.0,22.5,66.7,675.0,oral_cavity,Dry Remains
SAMP_3061,3.53,12.0,87.2,42.34,skin_surface,Bloat
SAMP_3062,0.97,16.9,43.9,16.32,oral_cavity,Fresh
SAMP_3063,9.14,19.0,65.7,173.64,skin_surface,Active Decay
SAMP_3064,9.77,23.2,78.3,226.72,skin_surface,Active Decay
SAMP_3065,10.46,23.2,70.0,242.57,skin_surface,Active Decay
SAMP_3066,3.11,21.3,41.2,66.28,soil_interface,Bloat
SAMP_3067,0.15,24.5,88.6,3.73,oral_cavity,Fresh
SAMP_3068,30.0,17.9,54.9,537.0,oral_cavity,Advanced Decay
SAMP_3069,2.89,24.4,52.5,70.49,oral_cavity,Bloat
SAMP_3070,11.27,23.9,64.3,269.38,skin_surface,Active Decay
SAMP_3071,12.26,23.5,67.1,288.19,soil_interface,Active Decay
SAMP_3072,9.42,21.3,78.3,200.57,soil_interface,Active Decay
SAMP_3073,3.75,29.3,59.7,109.96,soil_interface,Bloat
SAMP_3074,3.16,24.0,62.0,75.89,soil_interface,Bloat
SAMP_3075,9.1,18.1,66.7,164.8,soil_interface,Active Decay
SAMP_3076,20.11,23.0,59.7,462.44,oral_cavity,Advanced Decay
SAMP_3077,29.32,25.0,85.7,733.11,soil_interface,Dry Remains
SAMP_3078,1.12,19.6,82.6,21.94,skin_surface,Fresh
SAMP_3079,1.68,26.4,62.7,44.41,oral_cavity,Bloat
SAMP_3080,28.96,23.5,40.0,680.47,oral_cavity,Dry Remains
SAMP_3081,13.34,12.6,85.0,168.06,oral_cavity,Active Decay
SAMP_3082,21.46,23.2,46.2,497.76,skin_surface,Advanced Decay
SAMP_3083,2.26,20.4,52.2,46.19,skin_surface,Bloat
SAMP_3084,8.86,24.1,47.6,213.46,oral_cavity,Active Decay
SAMP_3085,12.08,25.8,49.0,311.61,skin_surface,Active Decay
SAMP_3086,11.4,22.8,80.1,259.87,oral_cavity,Active Decay
SAMP_3087,5.25,28.7,69.0,150.53,soil_interface,Active Decay
SAMP_3088,0.16,21.3,87.8,3.3,skin_surface,Fresh
SAMP_3089,8.74,24.5,51.6,214.25,soil_interface,Active Decay
SAMP_3090,2.92,25.2,64.3,73.54,oral_cavity,Bloat
SAMP_3091,5.98,21.6,88.9,129.23,soil_interface,Bloat
SAMP_3092,30.0,25.1,81.3,753.0,oral_cavity,Dry Remains
SAMP_3093,5.09,19.6,76.4,99.81,skin_surface,Bloat
SAMP_3094,18.31,20.3,49.4,371.76,skin_surface,Advanced Decay
SAMP_3095,2.09,16.8,78.5,35.1,skin_surface,Bloat
SAMP_3096,11.16,23.0,57.4,256.71,soil_interface,Active Decay
SAMP_3097,30.0,23.3,66.5,699.0,skin_surface,Dry Remains
SAMP_3098,1.07,26.7,70.5,28.69,soil_interface,Fresh
SAMP_3099,0.1,25.2,70.5,2.52,oral_cavity,Fresh
SAMP_3100,5.68,20.9,76.3,118.8,oral_cavity,Bloat
SAMP_3101,0.97,17.3,73.1,16.82,skin_surface,Fresh
SAMP_3102,13.8,23.7,43.4,327.03,oral_cavity,Active Decay
SAMP_3103,24.6,26.4,62.9,649.39,soil_interface,Dry Remains
SAMP_3104,5.69,25.0,73.2,142.3,skin_surface,Bloat
SAMP_3105,2.99,26.3,54.8,78.73,skin_surface,Bloat
SAMP_3106,5.7,21.2,55.7,120.81,skin_surface,Bloat
SAMP_3107,12.85,20.1,46.2,258.36,skin_surface,Active Decay
SAMP_3108,0.1,19.1,60.9,1.91,oral_cavity,Fresh
SAMP_3109,8.9,21.8,89.3,194.08,skin_surface,Active Decay
SAMP_3110,9.5,21.7,54.3,206.17,skin_surface,Active Decay
SAMP_3111,10.15,22.8,66.6,231.48,soil_interface,Active Decay
SAMP_3112,2.77,21.5,77.2,59.58,oral_cavity,Bloat
SAMP_3113,12.52,21.5,40.7,269.17,skin_surface,Active Decay
SAMP_3114,0.96,18.9,85.0,18.11,oral_cavity,Fresh
SAMP_3115,2.22,25.8,59.3,57.34,oral_cavity,Bloat
SAMP_3116,20.99,22.3,83.5,468.17,skin_surface,Advanced Decay
SAMP_3117,13.42,21.3,41.9,285.88,oral_cavity,Active Decay
SAMP_3118,0.14,19.0,47.3,2.63,skin_surface,Fresh
SAMP_3119,2.86,16.7,56.1,47.68,skin_surface,Bloat
SAMP_3120,2.41,27.2,57.3,65.64,oral_cavity,Bloat
SAMP_3121,3.16,24.2,82.4,76.43,skin_surface,Bloat
SAMP_3122,2.84,15.5,40.6,44.09,oral_cavity,Bloat
SAMP_3123,0.65,25.1,72.1,16.21,soil_interface,Fresh
SAMP_3124,6.14,25.7,46.6,157.86,oral_cavity,Active Decay
SAMP_3125,13.2,22.5,81.2,296.89,oral_cavity,Active Decay
SAMP_3126,9.33,28.4,78.9,265.05,skin_surface,Active Decay
SAMP_3127,11.17,22.9,65.0,255.89,soil_interface,Active Decay
SAMP_3128,0.85,16.3,50.6,13.79,soil_interface,Fresh
SAMP_3129,30.0,23.5,71.7,705.0,oral_cavity,Dry Remains
SAMP_3130,18.23,23.0,47.8,419.34,oral_cavity,Advanced Decay
SAMP_3131,16.35,19.6,49.5,320.5,skin_surface,Active Decay
SAMP_3132,17.32,24.3,71.3,420.76,soil_interface,Advanced Decay
SAMP_3133,26.99,15.3,89.6,412.91,oral_cavity,Advanced Decay
SAMP_3134,7.86,26.0,84.6,204.31,skin_surface,Active Decay
SAMP_3135,2.23,18.5,69.7,41.35,oral_cavity,Bloat
SAMP_3136,9.59,18.1,66.9,173.61,oral_cavity,Active Decay
SAMP_3137,13.58,21.5,89.9,292.02,skin_surface,Active Decay
SAMP_3138,13.39,23.7,67.4,317.37,oral_cavity,Active Decay
SAMP_3139,7.37,22.7,61.0,167.3,oral_cavity,Active Decay
SAMP_3140,0.71,19.0,85.5,13.47,oral_cavity,Fresh
SAMP_3141,4.64,20.0,51.7,92.76,skin_surface,Bloat
SAMP_3142,25.35,17.5,44.9,443.69,oral_cavity,Advanced Decay
SAMP_3143,8.78,21.1,71.7,185.29,skin_surface,Active Decay
SAMP_3144,7.73,26.3,44.8,203.28,soil_interface,Active Decay
SAMP_3145,3.13,22.0,58.7,68.89,oral_cavity,Bloat
SAMP_3146,4.6,25.4,61.2,116.73,skin_surface,Bloat
SAMP_3147,22.57,27.8,67.4,627.47,soil_interface,Dry Remains
SAMP_3148,10.98,19.6,89.6,215.21,oral_cavity,Active Decay
SAMP_3149,15.48,21.3,51.0,329.78,oral_cavity,Active Decay
SAMP_3150,6.06,30.7,58.8,185.97,oral_cavity,Active Decay
SAMP_3151,9.95,27.8,46.6,276.59,skin_surface,Active Decay
SAMP_3152,2.86,15.3,70.4,43.69,skin_surface,Bloat
SAMP_3153,12.22,23.5,76.4,287.25,oral_cavity,Active Decay
SAMP_3154,5.58,22.0,64.1,122.74,soil_interface,Bloat
SAMP_3155,5.84,25.3,52.3,147.85,skin_surface,Bloat
SAMP_3156,10.48,19.0,71.0,199.1,oral_cavity,Active Decay
SAMP_3157,27.53,18.6,67.0,512.11,skin_surface,Advanced Decay
SAMP_3158,0.66,19.3,48.6,12.77,oral_cavity,Fresh
SAMP_3159,17.42,19.7,60.3,343.08,skin_surface,Active Decay
SAMP_3160,3.46,25.3,61.8,87.5,oral_cavity,Bloat
SAMP_3161,5.87,17.3,89.1,101.52,skin_surface,Bloat
SAMP_3162,0.22,19.5,82.5,4.32,oral_cavity,Fresh
SAMP_3163,3.58,14.8,76.7,53.01,skin_surface,Bloat
SAMP_3164,6.98,26.0,84.4,181.59,oral_cavity,Active Decay
SAMP_3165,0.58,27.1,76.8,15.67,skin_surface,Fresh
SAMP_3166,6.75,20.7,85.2,139.83,oral_cavity,Bloat
SAMP_3167,26.19,20.8,42.7,544.71,oral_cavity,Advanced Decay
SAMP_3168,1.11,23.8,62.8,26.51,oral_cavity,Fresh
SAMP_3169,14.46,27.9,77.3,403.38,oral_cavity,Advanced Decay
SAMP_3170,5.27,23.6,69.2,124.39,skin_surface,Bloat
SAMP_3171,10.65,19.2,48.8,204.43,soil_interface,Active Decay
SAMP_3172,3.01,15.5,57.0,46.72,skin_surface,Bloat
SAMP_3173,1.74,17.5,55.9,30.41,soil_interface,Fresh
SAMP_3174,1.75,22.3,53.1,39.0,oral_cavity,Bloat
SAMP_3175,0.73,19.4,57.2,14.18,oral_cavity,Fresh
SAMP_3176,2.05,22.8,65.7,46.82,skin_surface,Bloat
SAMP_3177,10.91,19.8,82.7,216.08,soil_interface,Active Decay
SAMP_3178,21.34,17.8,77.1,379.93,skin_surface,Advanced Decay
SAMP_3179,16.83,17.3,81.8,291.1,oral_cavity,Active Decay
SAMP_3180,11.56,28.2,84.2,325.88,oral_cavity,Active Decay
SAMP_3181,1.17,25.6,60.8,29.96,oral_cavity,Fresh
SAMP_3182,3.41,28.9,57.3,98.65,oral_cavity,Bloat
SAMP_3183,3.71,24.2,42.9,89.73,skin_surface,Bloat
SAMP_3184,2.88,20.3,86.5,58.39,oral_cavity,Bloat
SAMP_3185,7.24,27.3,43.3,197.55,soil_interface,Active Decay
SAMP_3186,7.67,21.9,77.1,167.95,soil_interface,Active Decay
SAMP_3187,4.41,22.9,58.9,101.09,soil_interface,Bloat
SAMP_3188,4.37,21.8,87.4,95.19,soil_interface,Bloat
SAMP_3189,17.63,12.0,61.0,211.62,oral_cavity,Active Decay
SAMP_3190,15.57,28.4,80.8,442.27,soil_interface,Advanced Decay
SAMP_3191,3.68,24.0,54.1,88.29,oral_cavity,Bloat
SAMP_3192,24.51,23.3,55.0,571.07,soil_interface,Advanced Decay
SAMP_3193,30.0,21.8,69.8,654.0,oral_cavity,Dry Remains
SAMP_3194,3.96,22.7,89.9,89.81,skin_surface,Bloat
SAMP_3195,4.38,19.6,65.9,85.77,oral_cavity,Bloat
SAMP_3196,7.04,24.5,86.8,172.6,oral_cavity,Active Decay
SAMP_3197,28.32,16.8,79.3,475.82,soil_interface,Advanced Decay
SAMP_3198,20.9,22.7,79.8,474.44,soil_interface,Advanced Decay
SAMP_3199,1.08,24.2,61.8,26.19,skin_surface,Fresh
SAMP_3200,4.99,21.2,59.3,105.74,skin_surface,Bloat
SAMP_3201,8.06,23.5,49.6,189.42,skin_surface,Active Decay
SAMP_3202,6.99,18.0,88.2,125.9,oral_cavity,Bloat
SAMP_3203,2.16,18.1,88.0,39.01,skin_surface,Bloat
SAMP_3204,19.58,22.9,77.4,448.31,skin_surface,Advanced Decay
SAMP_3205,11.3,24.7,54.8,279.09,skin_surface,Active Decay
SAMP_3206,18.2,14.5,52.3,263.84,soil_interface,Active Decay
SAMP_3207,19.57,24.1,89.4,471.72,skin_surface,Advanced Decay
SAMP_3208,13.8,19.8,43.3,273.19,skin_surface,Active Decay
SAMP_3209,5.78,21.2,82.2,122.62,soil_interface,Bloat
SAMP_3210,9.43,16.6,57.8,156.54,soil_interface,Active Decay
SAMP_3211,1.75,18.6,60.9,32.51,soil_interface,Fresh
SAMP_3212,11.2,25.9,81.6,290.02,skin_surface,Active Decay
SAMP_3213,1.98,22.1,44.5,43.66,oral_cavity,Bloat
SAMP_3214,11.84,20.5,57.7,242.72,oral_cavity,Active Decay
SAMP_3215,2.61,21.5,87.6,56.08,oral_cavity,Bloat
SAMP_3216,1.25,24.0,75.0,30.01,skin_surface,Fresh
SAMP_3217,1.81,23.8,77.7,43.0,oral_cavity,Bloat
SAMP_3218,0.1,21.7,77.9,2.17,skin_surface,Fresh
SAMP_3219,12.68,26.4,43.0,334.88,soil_interface,Active Decay
SAMP_3220,13.18,25.9,50.2,341.43,soil_interface,Active Decay
SAMP_3221,7.23,23.7,64.6,171.46,oral_cavity,Active Decay
SAMP_3222,1.76,22.2,58.4,39.07,oral_cavity,Bloat
SAMP_3223,0.87,24.6,60.5,21.46,soil_interface,Fresh
SAMP_3224,0.19,23.3,79.1,4.5,skin_surface,Fresh
SAMP_3225,1.81,26.2,40.7,47.48,soil_interface,Bloat
SAMP_3226,22.15,25.6,73.0,567.06,soil_interface,Advanced Decay
SAMP_3227,2.76,17.9,40.0,49.49,skin_surface,Bloat
SAMP_3228,4.37,17.7,43.2,77.42,oral_cavity,Bloat
SAMP_3229,1.11,19.2,60.4,21.37,skin_surface,Fresh
SAMP_3230,2.51,25.9,82.0,65.14,skin_surface,Bloat
SAMP_3231,7.32,15.7,47.2,114.98,oral_cavity,Bloat
SAMP_3232,9.36,23.6,67.7,220.86,skin_surface,Active Decay
SAMP_3233,2.82,23.5,73.9,66.15,soil_interface,Bloat
SAMP_3234,0.59,26.7,51.5,15.88,oral_cavity,Fresh
SAMP_3235,4.96,22.7,65.6,112.59,soil_interface,Bloat
SAMP_3236,2.67,16.6,85.6,44.3,skin_surface,Bloat
SAMP_3237,2.48,18.2,65.6,45.12,soil_interface,Bloat
SAMP_3238,30.0,17.3,47.9,519.0,oral_cavity,Advanced Decay
SAMP_3239,9.58,19.8,71.4,189.66,oral_cavity,Active Decay
SAMP_3240,8.14,21.3,69.6,173.36,oral_cavity,Active Decay
SAMP_3241,5.37,17.3,41.3,92.98,oral_cavity,Bloat
SAMP_3242,5.6,27.9,44.5,156.31,oral_cavity,Active Decay
SAMP_3243,7.78,16.7,47.8,130.01,soil_interface,Bloat
SAMP_3244,11.92,27.4,46.8,326.65,skin_surface,Active Decay
SAMP_3245,12.11,26.7,53.0,323.38,soil_interface,Active Decay
SAMP_3246,1.88,25.6,62.7,48.22,skin_surface,Bloat
SAMP_3247,6.93,19.2,58.6,133.13,oral_cavity,Bloat
SAMP_3248,5.31,23.4,84.5,124.24,skin_surface,Bloat
SAMP_3249,20.44,16.9,70.6,345.48,soil_interface,Active Decay
SAMP_3250,9.98,25.6,83.8,255.51,skin_surface,Active Decay
SAMP_3251,7.6,21.7,66.4,165.0,oral_cavity,Active Decay
SAMP_3252,1.23,20.4,44.5,25.01,soil_interface,Fresh
SAMP_3253,9.3,17.1,63.2,159.11,oral_cavity,Active Decay
SAMP_3254,1.25,12.1,81.1,15.08,skin_surface,Fresh
SAMP_3255,4.11,17.8,49.7,73.21,skin_surface,Bloat
SAMP_3256,1.54,26.5,44.6,40.85,oral_cavity,Bloat
SAMP_3257,11.78,20.4,56.5,240.29,oral_cavity,Active Decay
SAMP_3258,2.31,21.3,59.4,49.2,soil_interface,Bloat
SAMP_3259,4.97,24.6,55.3,122.35,soil_interface,Bloat
SAMP_3260,22.6,29.2,46.8,659.99,skin_surface,Dry Remains
SAMP_3261,2.29,27.3,52.5,62.4,oral_cavity,Bloat
SAMP_3262,7.09,18.1,74.1,128.31,oral_cavity,Bloat
SAMP_3263,5.43,14.2,59.3,77.17,oral_cavity,Bloat
SAMP_3264,0.18,31.4,71.6,5.74,skin_surface,Fresh
SAMP_3265,15.74,31.1,66.8,489.47,oral_cavity,Advanced Decay
SAMP_3266,0.72,22.8,67.5,16.31,oral_cavity,Fresh
SAMP_3267,6.43,16.9,52.4,108.66,skin_surface,Bloat
SAMP_3268,8.23,25.9,66.1,213.03,skin_surface,Active Decay
SAMP_3269,9.9,21.6,41.2,213.84,soil_interface,Active Decay
SAMP_3270,11.67,21.5,61.6,250.86,skin_surface,Active Decay
SAMP_3271,2.92,25.6,68.6,74.77,skin_surface,Bloat
SAMP_3272,0.1,23.3,49.1,2.34,oral_cavity,Fresh
SAMP_3273,12.85,17.3,52.8,222.36,skin_surface,Active Decay
SAMP_3274,7.67,20.7,51.0,158.8,skin_surface,Active Decay
SAMP_3275,18.09,24.6,43.5,444.92,skin_surface,Advanced Decay
SAMP_3276,17.23,24.0,57.4,413.41,skin_surface,Advanced Decay
SAMP_3277,18.54,23.0,88.9,426.33,skin_surface,Advanced Decay
SAMP_3278,6.64,25.7,57.7,170.59,soil_interface,Active Decay
SAMP_3279,4.06,20.6,63.0,83.62,skin_surface,Bloat
SAMP_3280,15.68,22.7,72.7,355.96,skin_surface,Advanced Decay
SAMP_3281,6.0,12.0,72.4,72.02,skin_surface,Bloat
SAMP_3282,2.03,20.2,87.5,40.94,oral_cavity,Bloat
SAMP_3283,19.31,25.1,82.9,484.64,skin_surface,Advanced Decay
SAMP_3284,21.42,20.4,79.7,436.93,soil_interface,Advanced Decay
SAMP_3285,6.28,20.1,87.6,126.22,oral_cavity,Bloat
SAMP_3286,0.79,17.8,51.5,14.01,oral_cavity,Fresh
SAMP_3287,4.91,26.0,70.9,127.59,skin_surface,Bloat
SAMP_3288,16.27,24.2,84.4,393.8,oral_cavity,Advanced Decay
SAMP_3289,23.2,25.3,71.2,587.08,skin_surface,Advanced Decay
SAMP_3290,2.27,15.1,88.9,34.35,oral_cavity,Fresh
SAMP_3291,0.69,21.4,45.0,14.83,skin_surface,Fresh
SAMP_3292,20.98,20.9,62.0,438.57,skin_surface,Advanced Decay
SAMP_3293,4.93,20.9,88.9,103.1,skin_surface,Bloat
SAMP_3294,7.8,19.5,59.0,152.17,oral_cavity,Active Decay
SAMP_3295,30.0,20.6,77.0,618.0,oral_cavity,Dry Remains
SAMP_3296,0.69,25.4,41.5,17.5,oral_cavity,Fresh
SAMP_3297,10.45,14.3,74.7,149.44,skin_surface,Bloat
SAMP_3298,0.77,29.1,86.7,22.41,oral_cavity,Fresh
SAMP_3299,4.71,23.9,59.1,112.51,skin_surface,Bloat
SAMP_3300,16.29,21.8,41.1,355.06,skin_surface,Advanced Decay
SAMP_3301,5.68,25.6,41.4,145.47,oral_cavity,Bloat
SAMP_3302,30.0,16.2,84.6,486.0,oral_cavity,Advanced Decay
SAMP_3303,8.19,19.3,76.1,158.04,oral_cavity,Active Decay
SAMP_3304,3.87,21.5,45.3,83.29,skin_surface,Bloat
SAMP_3305,2.49,27.5,42.7,68.37,oral_cavity,Bloat
SAMP_3306,4.32,21.8,80.2,94.09,oral_cavity,Bloat
SAMP_3307,4.66,23.8,80.5,110.92,oral_cavity,Bloat
SAMP_3308,0.71,19.6,46.0,13.95,soil_interface,Fresh
SAMP_3309,4.61,23.9,55.1,110.26,skin_surface,Bloat
SAMP_3310,6.24,28.7,79.0,179.11,soil_interface,Active Decay
SAMP_3311,12.83,26.0,66.3,333.53,oral_cavity,Active Decay
SAMP_3312,10.69,21.7,87.8,232.02,oral_cavity,Active Decay
SAMP_3313,12.34,24.7,64.1,304.71,oral_cavity,Active Decay
SAMP_3314,0.1,24.3,73.8,2.43,soil_interface,Fresh
SAMP_3315,2.45,24.0,65.5,58.91,oral_cavity,Bloat
SAMP_3316,10.84,26.4,87.1,286.12,skin_surface,Active Decay
SAMP_3317,6.62,26.4,59.9,174.67,oral_cavity,Active Decay
SAMP_3318,0.1,21.5,51.5,2.15,skin_surface,Fresh
SAMP_3319,16.32,24.6,56.3,401.51,oral_cavity,Advanced Decay
SAMP_3320,14.82,20.5,82.6,303.8,skin_surface,Active Decay
SAMP_3321,7.95,18.3,64.9,145.49,soil_interface,Bloat
SAMP_3322,0.69,20.9,57.7,14.37,skin_surface,Fresh
SAMP_3323,14.55,21.7,67.2,315.66,skin_surface,Active Decay
SAMP_3324,8.76,15.4,46.7,134.96,skin_surface,Bloat
SAMP_3325,15.23,25.4,40.3,386.86,soil_interface,Advanced Decay
SAMP_3326,13.93,12.0,54.0,167.2,oral_cavity,Active Decay
SAMP_3327,16.25,32.0,70.3,519.86,oral_cavity,Advanced Decay
SAMP_3328,7.3,28.0,75.6,204.35,skin_surface,Active Decay
SAMP_3329,1.51,21.0,81.3,31.75,skin_surface,Fresh
SAMP_3330,11.12,22.0,86.3,244.68,soil_interface,Active Decay
SAMP_3331,9.69,23.2,60.6,224.77,skin_surface,Active Decay
SAMP_3332,13.56,19.6,77.0,265.73,skin_surface,Active Decay
SAMP_3333,1.86,22.8,43.7,42.45,oral_cavity,Bloat
SAMP_3334,2.17,21.4,42.9,46.41,skin_surface,Bloat
SAMP_3335,22.11,21.6,46.2,477.58,skin_surface,Advanced Decay
SAMP_3336,13.86,22.7,62.4,314.67,skin_surface,Active Decay
SAMP_3337,23.88,16.7,50.6,398.87,oral_cavity,Advanced Decay
SAMP_3338,14.22,22.2,54.3,315.63,soil_interface,Active Decay
SAMP_3339,9.09,22.7,72.4,206.39,oral_cavity,Active Decay
SAMP_3340,10.62,22.5,57.9,238.88,oral_cavity,Active Decay
SAMP_3341,21.99,21.1,67.9,464.07,soil_interface,Advanced Decay
SAMP_3342,8.65,26.6,60.6,230.0,skin_surface,Active Decay
SAMP_3343,10.01,20.6,48.4,206.15,skin_surface,Active Decay
SAMP_3344,1.7,22.9,43.7,38.97,soil_interface,Bloat
SAMP_3345,6.42,27.2,51.8,174.71,oral_cavity,Active Decay
SAMP_3346,12.6,21.7,42.9,273.46,oral_cavity,Active Decay
SAMP_3347,3.16,22.9,70.9,72.36,skin_surface,Bloat
SAMP_3348,2.26,21.6,79.8,48.81,oral_cavity,Bloat
SAMP_3349,3.77,26.9,57.0,101.31,soil_interface,Bloat
SAMP_3350,2.76,21.0,59.4,58.05,soil_interface,Bloat
SAMP_3351,2.42,27.1,80.8,65.57,oral_cavity,Bloat
SAMP_3352,5.53,21.6,51.1,119.48,soil_interface,Bloat
SAMP_3353,23.84,18.6,46.0,443.46,oral_cavity,Advanced Decay
SAMP_3354,7.07,24.7,65.1,174.72,skin_surface,Active Decay
SAMP_3355,2.08,20.8,72.3,43.3,soil_interface,Bloat
SAMP_3356,0.8,24.5,70.0,19.62,soil_interface,Fresh
SAMP_3357,11.91,12.0,75.7,142.95,oral_cavity,Bloat
SAMP_3358,4.83,22.0,42.8,106.16,oral_cavity,Bloat
SAMP_3359,17.25,20.2,61.4,348.45,oral_cavity,Active Decay
SAMP_3360,10.77,17.7,51.9,190.69,skin_surface,Active Decay
SAMP_3361,15.91,19.8,78.0,314.98,skin_surface,Active Decay
SAMP_3362,3.17,19.7,83.6,62.52,oral_cavity,Bloat
SAMP_3363,11.79,21.8,54.1,256.98,skin_surface,Active Decay
SAMP_3364,3.07,16.5,44.8,50.59,soil_interface,Bloat
SAMP_3365,27.98,23.3,52.7,651.94,skin_surface,Dry Remains
SAMP_3366,10.12,27.5,45.2,278.2,oral_cavity,Active Decay
SAMP_3367,3.92,23.1,56.1,90.63,soil_interface,Bloat
SAMP_3368,3.14,25.2,66.9,79.14,oral_cavity,Bloat
SAMP_3369,2.12,26.4,88.7,55.93,skin_surface,Bloat
SAMP_3370,11.86,26.9,60.0,319.11,oral_cavity,Active Decay
SAMP_3371,2.47,29.5,51.0,72.81,skin_surface,Bloat
SAMP_3372,9.05,20.0,48.3,180.92,skin_surface,Active Decay
SAMP_3373,3.07,19.1,48.7,58.71,skin_surface,Bloat
SAMP_3374,10.85,25.1,49.6,272.24,skin_surface,Active Decay
SAMP_3375,16.87,24.8,78.1,418.39,oral_cavity,Advanced Decay
SAMP_3376,15.05,25.1,43.1,377.8,skin_surface,Advanced Decay
SAMP_3377,14.31,29.6,89.9,423.48,skin_surface,Advanced Decay
SAMP_3378,2.08,22.0,66.1,45.74,oral_cavity,Bloat
SAMP_3379,0.93,23.7,67.2,21.93,soil_interface,Fresh
SAMP_3380,12.0,18.1,57.9,217.29,soil_interface,Active Decay
SAMP_3381,4.59,30.5,74.5,140.12,soil_interface,Bloat
SAMP_3382,5.66,20.7,63.6,117.21,skin_surface,Bloat
SAMP_3383,0.32,20.8,56.5,6.58,oral_cavity,Fresh
SAMP_3384,3.01,20.6,53.3,61.91,skin_surface,Bloat
SAMP_3385,0.34,19.4,86.3,6.65,soil_interface,Fresh
SAMP_3386,21.14,19.1,54.5,403.68,oral_cavity,Advanced Decay
SAMP_3387,2.79,19.9,61.8,55.5,skin_surface,Bloat
SAMP_3388,8.15,16.5,57.5,134.47,oral_cavity,Bloat
SAMP_3389,0.4,18.9,44.3,7.51,oral_cavity,Fresh
SAMP_3390,10.99,29.8,49.3,327.55,oral_cavity,Active Decay
SAMP_3391,3.9,24.9,49.5,97.14,soil_interface,Bloat
SAMP_3392,22.82,25.7,74.7,586.47,skin_surface,Advanced Decay
SAMP_3393,21.9,26.7,60.3,584.81,oral_cavity,Advanced Decay
SAMP_3394,3.93,29.3,79.1,115.29,skin_surface,Bloat
SAMP_3395,23.12,14.9,75.4,344.52,oral_cavity,Active Decay
SAMP_3396,30.0,17.1,49.6,513.0,skin_surface,Advanced Decay
SAMP_3397,17.45,18.8,68.1,328.13,soil_interface,Active Decay
SAMP_3398,18.64,20.1,77.1,374.56,skin_surface,Advanced Decay
SAMP_3399,2.86,20.8,71.7,59.56,skin_surface,Bloat
SAMP_3400,8.6,20.2,70.0,173.66,skin_surface,Active Decay
SAMP_3401,0.7,22.9,77.0,15.94,skin_surface,Fresh
SAMP_3402,1.0,22.1,42.8,22.04,skin_surface,Fresh
SAMP_3403,30.0,19.1,76.6,573.0,soil_interface,Advanced Decay
SAMP_3404,3.95,13.3,53.6,52.6,skin_surface,Bloat
SAMP_3405,13.79,18.0,68.6,248.23,soil_interface,Active Decay
SAMP_3406,16.43,19.8,52.1,325.38,soil_interface,Active Decay
SAMP_3407,19.52,21.0,81.9,409.94,skin_surface,Advanced Decay
SAMP_3408,30.0,17.5,64.0,525.0,soil_interface,Advanced Decay
SAMP_3409,2.76,20.0,72.1,55.28,oral_cavity,Bloat
SAMP_3410,0.41,17.5,79.7,7.21,skin_surface,Fresh
SAMP_3411,5.3,21.5,84.8,113.88,skin_surface,Bloat
SAMP_3412,1.39,17.7,76.6,24.67,skin_surface,Fresh
SAMP_3413,0.23,18.6,47.4,4.22,soil_interface,Fresh
SAMP_3414,4.47,16.8,82.7,75.09,oral_cavity,Bloat
SAMP_3415,15.31,21.4,70.9,327.69,oral_cavity,Active Decay
SAMP_3416,8.35,18.5,70.5,154.5,soil_interface,Active Decay
SAMP_3417,3.75,25.6,86.1,96.03,oral_cavity,Bloat
SAMP_3418,10.62,23.6,52.4,250.7,oral_cavity,Active Decay
SAMP_3419,2.64,21.7,52.0,57.29,oral_cavity,Bloat
SAMP_3420,0.14,18.8,65.7,2.72,skin_surface,Fresh
SAMP_3421,14.45,23.5,77.5,339.67,skin_surface,Active Decay
SAMP_3422,9.77,24.8,62.4,242.42,soil_interface,Active Decay
SAMP_3423,14.37,22.6,71.7,324.71,oral_cavity,Active Decay
SAMP_3424,0.4,28.4,62.6,11.28,soil_interface,Fresh
SAMP_3425,18.15,23.8,70.5,431.91,oral_cavity,Advanced Decay
SAMP_3426,9.66,25.7,81.1,248.35,oral_cavity,Active Decay
SAMP_3427,8.29,22.5,49.0,186.46,skin_surface,Active Decay
SAMP_3428,9.8,24.7,74.8,242.01,oral_cavity,Active Decay
SAMP_3429,19.98,18.8,79.4,375.68,oral_cavity,Advanced Decay
SAMP_3430,8.84,20.2,62.4,178.6,oral_cavity,Active Decay
SAMP_3431,8.7,23.4,56.2,203.53,oral_cavity,Active Decay
SAMP_3432,30.0,23.4,40.7,702.0,soil_interface,Dry Remains
SAMP_3433,14.14,24.0,79.9,339.26,oral_cavity,Active Decay
SAMP_3434,5.84,26.4,56.4,154.16,soil_interface,Active Decay
SAMP_3435,12.29,16.3,57.9,200.32,soil_interface,Active Decay
SAMP_3436,4.93,18.1,56.8,89.24,oral_cavity,Bloat
SAMP_3437,2.6,22.9,64.9,59.52,skin_surface,Bloat
SAMP_3438,9.08,19.1,75.1,173.51,skin_surface,Active Decay
SAMP_3439,26.34,32.0,78.6,842.76,soil_interface,Dry Remains
SAMP_3440,26.47,24.1,59.6,637.94,soil_interface,Dry Remains
SAMP_3441,4.18,21.7,73.2,90.79,skin_surface,Bloat
SAMP_3442,7.5,19.9,76.0,149.27,oral_cavity,Bloat
SAMP_3443,2.38,20.1,54.8,47.8,skin_surface,Bloat
SAMP_3444,30.0,22.1,44.8,663.0,soil_interface,Dry Remains
SAMP_3445,30.0,22.4,84.7,672.0,skin_surface,Dry Remains
SAMP_3446,10.48,20.2,73.9,211.78,soil_interface,Active Decay
SAMP_3447,16.32,20.9,72.4,341.04,skin_surface,Active Decay
SAMP_3448,12.56,27.4,42.9,344.04,oral_cavity,Active Decay
SAMP_3449,8.99,27.5,80.9,247.32,soil_interface,Active Decay
SAMP_3450,0.55,23.0,68.3,12.61,soil_interface,Fresh
SAMP_3451,6.07,16.6,82.4,100.69,oral_cavity,Bloat
SAMP_3452,11.23,24.2,88.7,271.83,oral_cavity,Active Decay
SAMP_3453,11.32,28.2,87.9,319.15,skin_surface,Active Decay
SAMP_3454,4.67,27.5,82.8,128.43,skin_surface,Bloat
SAMP_3455,28.42,24.9,40.5,707.66,oral_cavity,Dry Remains
SAMP_3456,1.83,27.7,84.3,50.73,oral_cavity,Bloat
SAMP_3457,6.94,22.2,43.8,154.04,skin_surface,Active Decay
SAMP_3458,11.74,24.5,82.6,287.64,oral_cavity,Active Decay
SAMP_3459,11.94,19.3,54.0,230.53,oral_cavity,Active Decay
SAMP_3460,10.46,23.2,70.5,242.66,skin_surface,Active Decay
SAMP_3461,3.22,27.3,41.9,87.9,soil_interface,Bloat
SAMP_3462,1.7,19.6,78.6,33.29,skin_surface,Fresh
SAMP_3463,10.1,18.6,45.6,187.94,skin_surface,Active Decay
SAMP_3464,9.15,22.4,60.5,204.86,skin_surface,Active Decay
SAMP_3465,1.98,21.1,80.9,41.71,skin_surface,Bloat
SAMP_3466,12.21,24.6,74.8,300.43,oral_cavity,Active Decay
SAMP_3467,6.07,20.2,40.3,122.67,oral_cavity,Bloat
SAMP_3468,11.02,28.9,60.2,318.45,oral_cavity,Active Decay
SAMP_3469,18.16,16.8,42.1,305.13,soil_interface,Active Decay
SAMP_3470,1.86,27.0,73.7,50.22,soil_interface,Bloat
SAMP_3471,0.19,18.9,88.4,3.65,skin_surface,Fresh
SAMP_3472,15.1,14.8,72.8,223.49,soil_interface,Active Decay
SAMP_3473,9.41,23.0,51.2,216.39,soil_interface,Active Decay
SAMP_3474,12.03,21.0,57.8,252.58,soil_interface,Active Decay
SAMP_3475,18.21,17.6,88.8,320.52,oral_cavity,Active Decay
SAMP_3476,16.24,15.3,51.2,248.41,skin_surface,Active Decay
SAMP_3477,30.0,22.0,68.1,660.0,skin_surface,Dry Remains
SAMP_3478,7.68,25.9,60.0,198.84,skin_surface,Active Decay
SAMP_3479,6.7,24.3,78.4,162.91,oral_cavity,Active Decay
SAMP_3480,5.14,22.2,83.4,114.1,skin_surface,Bloat
SAMP_3481,1.67,23.9,57.0,39.88,skin_surface,Bloat
SAMP_3482,8.5,21.9,73.0,186.16,soil_interface,Active Decay
SAMP_3483,3.24,16.3,67.5,52.87,skin_surface,Bloat
SAMP_3484,25.42,16.3,53.9,414.38,oral_cavity,Advanced Decay
SAMP_3485,8.75,21.2,53.6,185.53,oral_cavity,Active Decay
SAMP_3486,8.99,21.4,66.9,192.29,skin_surface,Active Decay
SAMP_3487,4.38,25.4,47.7,111.35,skin_surface,Bloat
SAMP_3488,0.53,25.0,80.5,13.35,skin_surface,Fresh
SAMP_3489,0.32,24.4,43.5,7.87,skin_surface,Fresh
SAMP_3490,5.5,20.9,44.7,115.05,soil_interface,Bloat
SAMP_3491,0.88,16.5,57.1,14.58,oral_cavity,Fresh
SAMP_3492,9.34,23.6,45.9,220.32,skin_surface,Active Decay
SAMP_3493,21.28,24.1,63.8,512.95,soil_interface,Advanced Decay
SAMP_3494,21.45,12.4,60.0,265.96,soil_interface,Active Decay
SAMP_3495,10.76,18.7,76.1,201.21,oral_cavity,Active Decay
SAMP_3496,2.37,19.2,87.7,45.56,oral_cavity,Bloat
SAMP_3497,19.88,22.5,77.7,447.24,oral_cavity,Advanced Decay
SAMP_3498,21.72,18.8,49.0,408.41,soil_interface,Advanced Decay
SAMP_3499,2.19,21.8,86.8,47.74,skin_surface,Bloat
SAMP_3500,13.37,21.2,59.6,283.49,skin_surface,Active Decay
SAMP_3501,3.38,21.4,63.7,72.25,oral_cavity,Bloat
SAMP_3502,16.23,19.1,61.1,309.94,oral_cavity,Active Decay
SAMP_3503,30.0,19.4,54.0,582.0,skin_surface,Advanced Decay
SAMP_3504,0.3,17.7,84.8,5.4,skin_surface,Fresh
SAMP_3505,22.77,23.5,56.6,535.0,skin_surface,Advanced Decay
SAMP_3506,9.75,24.3,68.9,236.81,oral_cavity,Active Decay
SAMP_3507,30.0,18.9,52.0,567.0,oral_cavity,Advanced Decay
SAMP_3508,6.26,28.1,79.9,175.77,soil_interface,Active Decay
SAMP_3509,18.8,20.7,78.7,389.13,oral_cavity,Advanced Decay
SAMP_3510,0.64,28.1,54.8,18.1,soil_interface,Fresh
SAMP_3511,4.08,19.4,74.1,79.23,oral_cavity,Bloat
SAMP_3512,0.69,13.9,75.2,9.64,oral_cavity,Fresh
SAMP_3513,30.0,23.6,68.1,708.0,skin_surface,Dry Remains
SAMP_3514,16.98,23.0,70.0,390.57,soil_interface,Advanced Decay
SAMP_3515,19.14,22.1,68.7,423.05,oral_cavity,Advanced Decay
SAMP_3516,27.8,19.4,44.1,539.33,skin_surface,Advanced Decay
SAMP_3517,0.89,21.9,73.5,19.48,skin_surface,Fresh
SAMP_3518,4.87,20.0,63.5,97.42,oral_cavity,Bloat
SAMP_3519,0.74,20.8,61.9,15.33,oral_cavity,Fresh
SAMP_3520,2.37,25.4,83.0,60.13,soil_interface,Bloat
SAMP_3521,2.61,22.7,41.2,59.14,oral_cavity,Bloat
SAMP_3522,6.33,24.4,52.6,154.5,skin_surface,Active Decay
SAMP_3523,3.13,21.1,46.1,65.99,soil_interface,Bloat
SAMP_3524,1.06,20.6,41.8,21.93,oral_cavity,Fresh
SAMP_3525,1.83,17.4,53.8,31.9,oral_cavity,Fresh
SAMP_3526,1.59,20.5,89.4,32.66,oral_cavity,Fresh
SAMP_3527,30.0,12.0,53.5,360.0,oral_cavity,Advanced Decay
SAMP_3528,14.24,19.6,73.2,279.14,oral_cavity,Active Decay
SAMP_3529,30.0,21.7,45.9,651.0,skin_surface,Dry Remains
SAMP_3530,5.79,24.3,70.1,140.78,skin_surface,Bloat
SAMP_3531,3.26,20.9,89.2,68.18,skin_surface,Bloat
SAMP_3532,16.01,23.4,54.6,374.62,soil_interface,Advanced Decay
SAMP_3533,3.95,13.3,82.4,52.52,oral_cavity,Bloat
SAMP_3534,3.56,21.8,89.9,77.56,oral_cavity,Bloat
SAMP_3535,2.65,15.3,69.4,40.49,oral_cavity,Bloat
SAMP_3536,1.39,17.2,55.5,23.89,oral_cavity,Fresh
SAMP_3537,2.96,21.3,73.7,63.12,oral_cavity,Bloat
SAMP_3538,4.39,27.1,82.2,118.97,skin_surface,Bloat
SAMP_3539,11.21,23.5,48.6,263.4,soil_interface,Active Decay
SAMP_3540,0.65,22.1,62.6,14.28,soil_interface,Fresh
SAMP_3541,2.36,21.9,56.0,51.76,oral_cavity,Bloat
SAMP_3542,16.56,19.1,54.2,316.22,soil_interface,Active Decay
SAMP_3543,1.59,19.8,83.0,31.46,soil_interface,Fresh
SAMP_3544,4.2,23.7,61.1,99.43,oral_cavity,Bloat
SAMP_3545,20.0,16.5,57.0,329.99,oral_cavity,Active Decay
SAMP_3546,1.68,24.4,70.2,41.07,soil_interface,Bloat
SAMP_3547,0.86,20.4,51.0,17.62,skin_surface,Fresh
SAMP_3548,6.63,25.3,51.5,167.66,soil_interface,Active Decay
SAMP_3549,3.6,25.8,66.0,92.92,skin_surface,Bloat
SAMP_3550,8.29,15.3,60.5,126.8,oral_cavity,Bloat
SAMP_3551,16.29,19.7,54.7,320.84,oral_cavity,Active Decay
SAMP_3552,1.48,18.6,42.7,27.44,soil_interface,Fresh
SAMP_3553,8.69,14.7,66.0,127.77,oral_cavity,Bloat
SAMP_3554,7.04,17.9,80.8,126.06,oral_cavity,Bloat
SAMP_3555,1.56,31.8,82.6,49.47,skin_surface,Bloat
SAMP_3556,9.78,24.4,51.8,238.67,oral_cavity,Active Decay
SAMP_3557,3.2,29.7,70.0,94.95,oral_cavity,Bloat
SAMP_3558,6.69,25.3,82.8,169.28,skin_surface,Active Decay
SAMP_3559,0.86,19.0,60.4,16.31,oral_cavity,Fresh
SAMP_3560,6.15,20.5,86.6,126.16,skin_surface,Bloat
SAMP_3561,3.66,24.4,85.1,89.29,oral_cavity,Bloat
SAMP_3562,17.28,23.8,50.4,411.29,skin_surface,Advanced Decay
SAMP_3563,0.59,19.7,52.9,11.56,oral_cavity,Fresh
SAMP_3564,5.42,16.0,49.0,86.77,oral_cavity,Bloat
SAMP_3565,6.13,32.0,49.8,196.25,skin_surface,Active Decay
SAMP_3566,12.91,21.4,85.4,276.28,oral_cavity,Active Decay
SAMP_3567,8.54,20.7,86.6,176.78,oral_cavity,Active Decay
SAMP_3568,11.0,22.5,42.6,247.56,skin_surface,Active Decay
SAMP_3569,15.01,21.0,69.7,315.17,oral_cavity,Active Decay
SAMP_3570,19.82,22.5,68.2,445.94,oral_cavity,Advanced Decay
SAMP_3571,3.77,27.1,59.5,102.08,skin_surface,Bloat
SAMP_3572,7.72,21.5,71.6,166.03,skin_surface,Active Decay
SAMP_3573,18.33,17.3,87.4,317.15,skin_surface,Active Decay
SAMP_3574,30.0,21.4,48.5,642.0,skin_surface,Dry Remains
SAMP_3575,22.03,20.1,46.0,442.79,skin_surface,Advanced Decay
SAMP_3576,4.64,27.7,41.7,128.63,skin_surface,Bloat
SAMP_3577,2.17,26.7,58.2,57.97,oral_cavity,Bloat
SAMP_3578,6.72,22.4,56.9,150.56,oral_cavity,Active Decay
SAMP_3579,13.53,16.9,61.5,228.73,skin_surface,Active Decay
SAMP_3580,6.78,17.1,65.2,116.01,skin_surface,Bloat
SAMP_3581,6.6,22.1,77.9,145.87,skin_surface,Bloat
SAMP_3582,18.22,23.3,59.6,424.43,oral_cavity,Advanced Decay
SAMP_3583,4.48,20.5,56.5,91.94,oral_cavity,Bloat
SAMP_3584,19.65,20.1,81.3,394.89,soil_interface,Advanced Decay
SAMP_3585,5.22,19.6,82.5,102.36,skin_surface,Bloat
SAMP_3586,3.98,21.9,51.6,87.13,skin_surface,Bloat
SAMP_3587,6.05,12.5,55.7,75.64,oral_cavity,Bloat
SAMP_3588,14.37,17.6,81.3,252.98,oral_cavity,Active Decay
SAMP_3589,1.35,19.5,44.0,26.26,oral_cavity,Fresh
SAMP_3590,2.19,26.8,56.3,58.61,skin_surface,Bloat
SAMP_3591,30.0,18.7,62.4,561.0,soil_interface,Advanced Decay
SAMP_3592,1.93,22.7,49.4,43.8,soil_interface,Bloat
SAMP_3593,8.39,22.9,49.0,192.06,skin_surface,Active Decay
SAMP_3594,8.66,27.2,61.2,235.52,soil_interface,Active Decay
SAMP_3595,6.73,27.1,77.7,182.28,skin_surface,Active Decay
SAMP_3596,10.35,21.8,82.0,225.61,oral_cavity,Active Decay
SAMP_3597,2.61,20.1,89.0,52.49,oral_cavity,Bloat
SAMP_3598,8.04,19.3,43.7,155.26,skin_surface,Active Decay
SAMP_3599,4.65,21.0,50.8,97.75,oral_cavity,Bloat
SAMP_3600,10.84,20.3,77.8,220.0,skin_surface,Active Decay
SAMP_3601,1.52,24.2,67.0,36.84,soil_interface,Bloat
SAMP_3602,8.46,23.7,56.4,200.51,oral_cavity,Active Decay
SAMP_3603,2.05,24.4,50.3,50.0,oral_cavity,Bloat
SAMP_3604,3.27,27.0,54.0,88.19,oral_cavity,Bloat
SAMP_3605,2.47,29.5,61.5,72.81,skin_surface,Bloat
SAMP_3606,2.02,22.5,48.9,45.43,oral_cavity,Bloat
SAMP_3607,17.47,26.4,88.2,461.22,skin_surface,Advanced Decay
SAMP_3608,3.36,20.6,45.4,69.31,oral_cavity,Bloat
SAMP_3609,26.19,26.7,89.3,699.27,skin_surface,Dry Remains
SAMP_3610,30.0,26.2,82.1,786.0,oral_cavity,Dry Remains
SAMP_3611,8.47,26.0,61.2,220.2,soil_interface,Active Decay
SAMP_3612,1.54,22.4,77.0,34.57,skin_surface,Fresh
SAMP_3613,4.69,19.3,73.6,90.57,skin_surface,Bloat
SAMP_3614,15.98,16.4,50.7,262.1,skin_surface,Active Decay
SAMP_3615,4.58,21.8,57.0,99.82,skin_surface,Bloat
SAMP_3616,0.91,28.1,65.7,25.58,oral_cavity,Fresh
SAMP_3617,8.14,20.8,71.9,169.25,skin_surface,Active Decay
SAMP_3618,18.65,25.1,67.1,468.14,skin_surface,Advanced Decay
SAMP_3619,15.89,25.4,63.6,403.68,skin_surface,Advanced Decay
SAMP_3620,1.93,20.9,62.2,40.24,oral_cavity,Bloat
SAMP_3621,11.17,27.3,64.9,304.96,oral_cavity,Active Decay
SAMP_3622,2.49,12.0,61.7,29.89,oral_cavity,Fresh
SAMP_3623,2.46,17.1,67.1,42.09,oral_cavity,Bloat
SAMP_3624,20.72,18.3,84.4,379.18,soil_interface,Advanced Decay
SAMP_3625,2.87,18.7,71.6,53.71,oral_cavity,Bloat
SAMP_3626,3.06,23.3,76.1,71.18,oral_cavity,Bloat
SAMP_3627,0.1,23.2,69.9,2.32,skin_surface,Fresh
SAMP_3628,20.45,23.6,72.2,482.71,soil_interface,Advanced Decay
SAMP_3629,15.73,24.4,68.9,383.83,skin_surface,Advanced Decay
SAMP_3630,9.87,18.2,41.3,179.64,oral_cavity,Active Decay
SAMP_3631,13.87,17.1,90.0,237.24,oral_cavity,Active Decay
SAMP_3632,1.65,23.6,41.7,38.92,skin_surface,Bloat
SAMP_3633,6.13,19.5,59.8,119.55,oral_cavity,Bloat
SAMP_3634,4.33,15.7,45.3,67.93,oral_cavity,Bloat
SAMP_3635,0.98,25.9,44.8,25.5,oral_cavity,Fresh
SAMP_3636,6.66,27.6,79.7,183.76,soil_interface,Active Decay
SAMP_3637,25.35,28.2,61.3,714.87,oral_cavity,Dry Remains
SAMP_3638,0.41,22.7,80.1,9.28,skin_surface,Fresh
SAMP_3639,3.45,24.5,53.6,84.41,soil_interface,Bloat
SAMP_3640,2.33,27.5,52.8,63.97,skin_surface,Bloat
SAMP_3641,2.72,19.4,52.6,52.77,oral_cavity,Bloat
SAMP_3642,23.91,26.4,70.8,631.15,oral_cavity,Dry Remains
SAMP_3643,6.31,23.1,80.7,145.82,soil_interface,Bloat
SAMP_3644,6.28,25.7,62.6,161.38,oral_cavity,Active Decay
SAMP_3645,14.3,22.7,59.0,324.5,skin_surface,Active Decay
SAMP_3646,1.68,27.2,88.7,45.65,soil_interface,Bloat
SAMP_3647,6.68,22.9,45.8,152.97,oral_cavity,Active Decay
SAMP_3648,5.62,16.1,64.3,90.5,skin_surface,Bloat
SAMP_3649,9.09,27.8,60.4,252.59,soil_interface,Active Decay
SAMP_3650,30.0,18.2,44.9,546.0,skin_surface,Advanced Decay
SAMP_3651,14.67,27.0,53.4,396.17,skin_surface,Advanced Decay
SAMP_3652,5.07,21.6,41.4,109.57,soil_interface,Bloat
SAMP_3653,17.58,26.7,83.8,469.3,skin_surface,Advanced Decay
SAMP_3654,1.87,26.5,70.4,49.6,skin_surface,Bloat
SAMP_3655,0.31,23.7,80.8,7.33,skin_surface,Fresh
SAMP_3656,2.29,24.0,66.1,54.89,oral_cavity,Bloat
SAMP_3657,4.16,23.7,70.0,98.62,oral_cavity,Bloat
SAMP_3658,7.15,13.9,75.0,99.32,oral_cavity,Bloat
SAMP_3659,9.55,22.5,85.4,214.84,oral_cavity,Active Decay
SAMP_3660,24.15,17.5,44.6,422.57,oral_cavity,Advanced Decay
SAMP_3661,7.13,22.7,56.5,161.86,skin_surface,Active Decay
SAMP_3662,6.96,17.4,75.5,121.05,oral_cavity,Bloat
SAMP_3663,0.52,17.3,87.9,8.92,soil_interface,Fresh
SAMP_3664,0.36,28.4,89.0,10.09,skin_surface,Fresh
SAMP_3665,8.01,26.3,71.9,210.69,skin_surface,Active Decay
SAMP_3666,5.77,22.0,49.7,126.85,skin_surface,Bloat
SAMP_3667,18.27,22.7,46.0,414.84,oral_cavity,Advanced Decay
SAMP_3668,1.75,21.0,87.3,36.78,skin_surface,Bloat
SAMP_3669,0.25,24.3,61.7,6.15,skin_surface,Fresh
SAMP_3670,5.96,19.3,49.7,115.05,skin_surface,Bloat
SAMP_3671,2.71,26.0,86.7,70.49,oral_cavity,Bloat
SAMP_3672,0.51,21.0,45.2,10.69,skin_surface,Fresh
SAMP_3673,12.9,20.3,76.5,261.77,skin_surface,Active Decay
SAMP_3674,1.18,22.1,71.3,26.15,skin_surface,Fresh
SAMP_3675,9.37,19.6,44.4,183.71,oral_cavity,Active Decay
SAMP_3676,3.3,23.3,56.9,76.88,skin_surface,Bloat
SAMP_3677,1.91,19.9,47.5,37.92,skin_surface,Bloat
SAMP_3678,4.78,23.9,70.2,114.15,skin_surface,Bloat
SAMP_3679,16.17,26.9,63.9,434.89,skin_surface,Advanced Decay
SAMP_3680,4.98,19.1,40.2,95.07,oral_cavity,Bloat
SAMP_3681,13.89,21.5,88.8,298.72,oral_cavity,Active Decay
SAMP_3682,1.34,23.8,57.5,31.91,oral_cavity,Fresh
SAMP_3683,14.82,20.3,52.9,300.81,oral_cavity,Active Decay
SAMP_3684,2.7,23.9,51.1,64.63,oral_cavity,Bloat
SAMP_3685,11.31,24.2,47.9,273.78,oral_cavity,Active Decay
SAMP_3686,8.34,26.3,90.0,219.4,oral_cavity,Active Decay
SAMP_3687,26.47,19.6,54.8,518.83,skin_surface,Advanced Decay
SAMP_3688,4.9,18.2,60.3,89.16,soil_interface,Bloat
SAMP_3689,0.68,20.8,83.6,14.24,oral_cavity,Fresh
SAMP_3690,0.19,18.1,72.1,3.5,oral_cavity,Fresh
SAMP_3691,17.54,24.3,58.4,426.14,soil_interface,Advanced Decay
SAMP_3692,7.44,17.4,84.9,129.44,skin_surface,Bloat
SAMP_3693,14.93,31.3,77.5,467.23,oral_cavity,Advanced Decay
SAMP_3694,2.67,27.2,51.4,72.66,skin_surface,Bloat
SAMP_3695,4.23,22.1,72.2,93.54,oral_cavity,Bloat
SAMP_3696,0.31,25.5,86.1,7.79,skin_surface,Fresh
SAMP_3697,30.0,15.5,64.8,465.0,soil_interface,Advanced Decay
SAMP_3698,11.02,32.0,76.7,352.71,oral_cavity,Advanced Decay
SAMP_3699,27.06,19.6,88.6,530.4,soil_interface,Advanced Decay
SAMP_3700,3.09,21.5,74.5,66.34,oral_cavity,Bloat
SAMP_3701,9.45,14.6,45.1,138.02,skin_surface,Bloat
SAMP_3702,11.35,23.9,52.2,271.21,skin_surface,Active Decay
SAMP_3703,3.82,17.6,69.8,67.24,skin_surface,Bloat
SAMP_3704,18.85,22.4,53.8,422.15,oral_cavity,Advanced Decay
SAMP_3705,29.41,19.8,87.9,582.22,skin_surface,Advanced Decay
SAMP_3706,21.62,17.7,60.3,382.6,skin_surface,Advanced Decay
SAMP_3707,13.43,18.8,62.9,252.58,skin_surface,Active Decay
SAMP_3708,3.25,22.9,75.1,74.42,oral_cavity,Bloat
SAMP_3709,3.31,16.9,66.2,55.9,oral_cavity,Bloat
SAMP_3710,30.0,19.0,59.1,570.0,skin_surface,Advanced Decay
SAMP_3711,0.1,24.7,43.8,2.55,soil_interface,Fresh
SAMP_3712,12.59,32.0,69.8,402.87,skin_surface,Advanced Decay
SAMP_3713,12.25,23.9,83.4,292.78,skin_surface,Active Decay
SAMP_3714,9.75,18.3,74.3,178.37,oral_cavity,Active Decay
SAMP_3715,30.0,20.5,59.1,615.0,skin_surface,Dry Remains
SAMP_3716,3.74,22.1,46.4,82.61,oral_cavity,Bloat
SAMP_3717,4.15,20.6,80.8,85.59,skin_surface,Bloat
SAMP_3718,0.82,25.6,87.1,21.05,soil_interface,Fresh
SAMP_3719,5.85,22.9,59.4,133.93,soil_interface,Bloat
SAMP_3720,3.03,25.6,76.4,77.45,oral_cavity,Bloat
SAMP_3721,4.21,20.7,60.5,87.08,skin_surface,Bloat
SAMP_3722,17.99,27.3,65.1,491.19,oral_cavity,Advanced Decay
SAMP_3723,27.41,21.3,81.8,583.8,oral_cavity,Advanced Decay
SAMP_3724,2.05,18.1,44.2,37.19,oral_cavity,Bloat
SAMP_3725,4.66,30.7,66.5,143.07,oral_cavity,Bloat
SAMP_3726,26.4,14.7,50.7,388.06,skin_surface,Advanced Decay
SAMP_3727,0.64,19.0,57.0,12.12,skin_surface,Fresh
SAMP_3728,0.97,19.5,72.2,18.9,soil_interface,Fresh
SAMP_3729,1.78,32.0,41.4,56.86,oral_cavity,Bloat
SAMP_3730,9.04,29.2,69.7,264.08,oral_cavity,Active Decay
SAMP_3731,1.63,28.0,54.2,45.66,oral_cavity,Bloat
SAMP_3732,30.0,20.7,73.5,621.0,oral_cavity,Dry Remains
SAMP_3733,5.92,31.7,47.1,187.63,soil_interface,Active Decay
SAMP_3734,6.96,23.5,76.8,163.6,oral_cavity,Active Decay
SAMP_3735,2.83,25.9,72.3,73.36,soil_interface,Bloat
SAMP_3736,6.37,22.7,88.6,144.53,oral_cavity,Bloat
SAMP_3737,10.84,21.8,85.6,236.41,oral_cavity,Active Decay
SAMP_3738,13.91,21.0,54.2,292.11,oral_cavity,Active Decay
SAMP_3739,14.02,21.2,41.4,297.2,soil_interface,Active Decay
SAMP_3740,8.62,24.4,72.8,210.45,oral_cavity,Active Decay
SAMP_3741,23.47,23.5,70.1,551.58,soil_interface,Advanced Decay
SAMP_3742,17.01,21.9,41.4,372.41,skin_surface,Advanced Decay
SAMP_3743,14.15,28.0,46.1,396.17,oral_cavity,Advanced Decay
SAMP_3744,0.57,12.0,69.2,6.87,skin_surface,Fresh
SAMP_3745,0.1,24.0,85.6,2.4,oral_cavity,Fresh
SAMP_3746,2.39,24.9,85.3,59.47,oral_cavity,Bloat
SAMP_3747,10.89,26.6,47.6,289.73,soil_interface,Active Decay
SAMP_3748,5.3,21.7,59.2,114.94,skin_surface,Bloat
SAMP_3749,5.15,22.8,42.2,117.38,skin_surface,Bloat
SAMP_3750,21.59,25.9,63.5,559.24,oral_cavity,Advanced Decay
SAMP_3751,22.59,28.0,77.7,632.57,oral_cavity,Dry Remains
SAMP_3752,23.99,20.8,79.5,498.96,oral_cavity,Advanced Decay
SAMP_3753,3.77,23.1,64.9,87.02,skin_surface,Bloat
SAMP_3754,11.75,28.7,44.8,337.11,skin_surface,Active Decay
SAMP_3755,3.17,13.5,59.1,42.79,skin_surface,Bloat
SAMP_3756,2.11,19.2,86.6,40.6,skin_surface,Bloat
SAMP_3757,2.04,27.9,51.5,56.95,oral_cavity,Bloat
SAMP_3758,4.19,26.4,56.0,110.54,oral_cavity,Bloat
SAMP_3759,5.62,24.1,77.3,135.45,oral_cavity,Bloat
SAMP_3760,17.78,20.2,76.7,359.07,skin_surface,Advanced Decay
SAMP_3761,1.28,18.5,85.6,23.63,skin_surface,Fresh
SAMP_3762,13.28,19.6,59.4,260.24,oral_cavity,Active Decay
SAMP_3763,7.58,28.2,65.7,213.79,oral_cavity,Active Decay
SAMP_3764,3.4,19.5,63.4,66.22,skin_surface,Bloat
SAMP_3765,6.79,22.4,86.4,152.07,soil_interface,Active Decay
SAMP_3766,3.57,19.0,78.5,67.75,skin_surface,Bloat
SAMP_3767,9.07,25.4,81.6,230.26,oral_cavity,Active Decay
SAMP_3768,5.69,19.8,46.7,112.64,skin_surface,Bloat
SAMP_3769,1.8,21.6,79.6,38.8,skin_surface,Bloat
SAMP_3770,1.24,15.3,61.6,18.97,oral_cavity,Fresh
SAMP_3771,7.91,15.5,41.2,122.63,skin_surface,Bloat
SAMP_3772,23.27,22.0,43.0,511.94,oral_cavity,Advanced Decay
SAMP_3773,4.22,16.7,73.9,70.4,oral_cavity,Bloat
SAMP_3774,13.21,30.4,58.6,401.43,soil_interface,Advanced Decay
SAMP_3775,10.75,13.8,83.4,148.33,soil_interface,Bloat
SAMP_3776,26.82,18.8,76.7,504.16,skin_surface,Advanced Decay
SAMP_3777,17.2,22.1,41.1,380.18,oral_cavity,Advanced Decay
SAMP_3778,8.36,20.5,74.3,171.4,skin_surface,Active Decay
SAMP_3779,10.7,17.6,49.6,188.34,oral_cavity,Active Decay
SAMP_3780,22.87,18.2,61.1,416.16,oral_cavity,Advanced Decay
SAMP_3781,5.1,18.0,71.2,91.8,oral_cavity,Bloat
SAMP_3782,3.96,20.9,83.6,82.7,skin_surface,Bloat
SAMP_3783,0.11,29.8,62.8,3.24,oral_cavity,Fresh
SAMP_3784,17.52,22.3,80.4,390.67,skin_surface,Advanced Decay
SAMP_3785,16.14,26.7,79.1,431.03,oral_cavity,Advanced Decay
SAMP_3786,1.1,24.0,60.7,26.48,soil_interface,Fresh
SAMP_3787,8.6,26.5,65.0,227.91,soil_interface,Active Decay
SAMP_3788,6.24,12.0,75.0,74.83,skin_surface,Bloat
SAMP_3789,1.26,20.8,41.6,26.28,skin_surface,Fresh
SAMP_3790,30.0,27.2,84.5,816.0,oral_cavity,Dry Remains
SAMP_3791,2.42,19.7,78.5,47.61,skin_surface,Bloat
SAMP_3792,0.7,29.0,52.5,20.18,soil_interface,Fresh
SAMP_3793,9.03,27.9,89.1,252.07,oral_cavity,Active Decay
SAMP_3794,13.43,20.1,49.0,269.89,skin_surface,Active Decay
SAMP_3795,0.33,20.0,85.7,6.6,oral_cavity,Fresh
SAMP_3796,10.75,17.9,56.2,192.43,oral_cavity,Active Decay
SAMP_3797,7.6,19.5,78.2,148.18,skin_surface,Bloat
SAMP_3798,1.09,17.1,62.8,18.64,soil_interface,Fresh
SAMP_3799,1.89,23.7,76.8,44.88,oral_cavity,Bloat
SAMP_3800,8.39,16.2,47.8,135.96,skin_surface,Bloat
SAMP_3801,3.51,24.4,53.5,85.76,soil_interface,Bloat
SAMP_3802,27.86,24.5,45.0,682.5,skin_surface,Dry Remains
SAMP_3803,17.08,15.4,83.3,263.0,soil_interface,Active Decay
SAMP_3804,30.0,28.2,54.8,846.0,oral_cavity,Dry Remains
SAMP_3805,3.01,24.1,74.7,72.46,soil_interface,Bloat
SAMP_3806,30.0,25.0,81.0,750.0,oral_cavity,Dry Remains
SAMP_3807,5.64,19.0,85.1,107.21,soil_interface,Bloat
SAMP_3808,4.27,24.5,45.3,104.61,oral_cavity,Bloat
SAMP_3809,0.52,26.5,84.7,13.69,skin_surface,Fresh
SAMP_3810,0.54,21.6,49.9,11.71,oral_cavity,Fresh
SAMP_3811,11.78,30.0,76.8,353.31,skin_surface,Advanced Decay
SAMP_3812,6.12,22.2,76.4,135.94,oral_cavity,Bloat
SAMP_3813,2.57,26.6,40.4,68.32,soil_interface,Bloat
SAMP_3814,9.52,23.2,51.0,220.83,oral_cavity,Active Decay
SAMP_3815,2.92,24.3,64.6,70.83,skin_surface,Bloat
SAMP_3816,8.62,15.3,61.0,131.87,oral_cavity,Bloat
SAMP_3817,4.45,23.5,85.9,104.59,soil_interface,Bloat
SAMP_3818,17.35,19.1,58.0,331.33,skin_surface,Active Decay
SAMP_3819,17.19,18.6,86.8,319.67,soil_interface,Active Decay
SAMP_3820,6.49,29.0,63.0,188.16,skin_surface,Active Decay
SAMP_3821,4.32,21.1,88.2,91.16,oral_cavity,Bloat
SAMP_3822,4.5,18.0,76.9,81.05,oral_cavity,Bloat
SAMP_3823,16.38,20.6,81.5,337.52,skin_surface,Active Decay
SAMP_3824,3.98,16.8,45.2,66.82,skin_surface,Bloat
SAMP_3825,2.35,27.7,69.3,64.97,skin_surface,Bloat
SAMP_3826,0.88,19.2,47.1,16.99,oral_cavity,Fresh
SAMP_3827,6.29,24.1,54.9,151.51,skin_surface,Active Decay
SAMP_3828,6.58,27.4,71.2,180.3,soil_interface,Active Decay
SAMP_3829,18.38,20.0,76.3,367.66,oral_cavity,Advanced Decay
SAMP_3830,2.5,24.1,42.0,60.26,oral_cavity,Bloat
SAMP_3831,4.8,17.9,66.5,85.85,skin_surface,Bloat
SAMP_3832,16.52,31.8,68.3,525.46,oral_cavity,Advanced Decay
SAMP_3833,17.35,25.7,43.9,445.93,skin_surface,Advanced Decay
SAMP_3834,4.86,21.2,65.0,102.93,skin_surface,Bloat
SAMP_3835,6.15,18.9,75.7,116.15,soil_interface,Bloat
SAMP_3836,3.61,21.5,42.7,77.7,soil_interface,Bloat
SAMP_3837,26.96,20.6,78.0,555.47,skin_surface,Advanced Decay
SAMP_3838,1.26,29.8,68.8,37.64,oral_cavity,Bloat
SAMP_3839,27.14,17.1,81.7,464.15,oral_cavity,Advanced Decay
SAMP_3840,11.52,22.5,50.9,259.11,soil_interface,Active Decay
SAMP_3841,7.58,21.9,81.7,166.08,skin_surface,Active Decay
SAMP_3842,0.33,21.5,44.7,7.14,skin_surface,Fresh
SAMP_3843,6.45,21.6,60.2,139.43,skin_surface,Bloat
SAMP_3844,5.24,21.5,50.0,112.62,oral_cavity,Bloat
SAMP_3845,1.76,25.5,83.8,44.83,oral_cavity,Bloat
SAMP_3846,10.68,24.4,75.2,260.67,oral_cavity,Active Decay
SAMP_3847,30.0,23.7,41.3,711.0,skin_surface,Dry Remains
SAMP_3848,8.26,12.0,40.5,99.12,skin_surface,Bloat
SAMP_3849,12.54,23.2,54.6,291.02,oral_cavity,Active Decay
SAMP_3850,0.71,15.4,47.2,10.92,skin_surface,Fresh
SAMP_3851,5.41,24.6,71.5,133.02,soil_interface,Bloat
SAMP_3852,1.24,27.9,73.2,34.51,skin_surface,Fresh
SAMP_3853,9.49,18.3,87.1,173.63,skin_surface,Active Decay
SAMP_3854,27.88,21.0,87.6,585.57,oral_cavity,Advanced Decay
SAMP_3855,10.84,19.6,72.9,212.47,soil_interface,Active Decay
SAMP_3856,0.8,26.9,40.3,21.5,skin_surface,Fresh
SAMP_3857,4.38,22.4,57.9,98.11,soil_interface,Bloat
SAMP_3858,8.0,28.9,65.7,231.2,skin_surface,Active Decay
SAMP_3859,5.16,23.7,65.0,122.34,soil_interface,Bloat
SAMP_3860,17.94,23.0,70.2,412.53,soil_interface,Advanced Decay
SAMP_3861,16.86,22.3,88.0,375.89,skin_surface,Advanced Decay
SAMP_3862,9.46,25.3,84.3,239.42,oral_cavity,Active Decay
SAMP_3863,4.68,15.0,45.4,70.13,oral_cavity,Bloat
SAMP_3864,2.95,22.3,53.3,65.75,oral_cavity,Bloat
SAMP_3865,1.12,21.7,81.7,24.28,oral_cavity,Fresh
SAMP_3866,4.38,24.9,81.2,109.15,oral_cavity,Bloat
SAMP_3867,5.33,21.2,53.8,113.0,skin_surface,Bloat
SAMP_3868,11.26,17.8,76.5,200.51,oral_cavity,Active Decay
SAMP_3869,10.73,22.0,73.6,236.15,skin_surface,Active Decay
SAMP_3870,0.73,17.7,63.7,12.87,soil_interface,Fresh
SAMP_3871,5.03,14.3,50.1,71.92,skin_surface,Bloat
SAMP_3872,2.01,24.9,84.4,49.96,soil_interface,Bloat
SAMP_3873,1.71,24.3,73.9,41.45,oral_cavity,Bloat
SAMP_3874,17.56,23.9,48.4,419.73,skin_surface,Advanced Decay
SAMP_3875,0.43,27.2,75.2,11.65,oral_cavity,Fresh
SAMP_3876,5.43,19.3,77.1,104.86,skin_surface,Bloat
SAMP_3877,1.84,16.3,84.3,30.02,skin_surface,Fresh
SAMP_3878,21.15,21.7,51.1,458.89,oral_cavity,Advanced Decay
SAMP_3879,8.14,20.6,89.4,167.74,oral_cavity,Active Decay
SAMP_3880,2.63,18.6,47.7,48.95,skin_surface,Bloat
SAMP_3881,6.98,21.7,70.0,151.47,skin_surface,Active Decay
SAMP_3882,13.15,19.6,72.9,257.71,skin_surface,Active Decay
SAMP_3883,30.0,14.7,60.9,441.0,oral_cavity,Advanced Decay
SAMP_3884,2.49,20.2,63.8,50.3,skin_surface,Bloat
SAMP_3885,21.73,17.5,84.5,380.3,oral_cavity,Advanced Decay
SAMP_3886,27.23,22.9,72.3,623.5,soil_interface,Dry Remains
SAMP_3887,24.82,19.4,64.9,481.5,soil_interface,Advanced Decay
SAMP_3888,10.09,26.4,46.4,266.37,oral_cavity,Active Decay
SAMP_3889,9.94,28.4,40.4,282.23,oral_cavity,Active Decay
SAMP_3890,5.16,24.7,46.2,127.5,skin_surface,Bloat
SAMP_3891,13.96,15.8,87.8,220.56,oral_cavity,Active Decay
SAMP_3892,7.58,28.0,78.2,212.18,soil_interface,Active Decay
SAMP_3893,11.31,28.3,88.4,320.2,skin_surface,Active Decay
SAMP_3894,5.59,22.1,41.8,123.63,oral_cavity,Bloat
SAMP_3895,13.15,27.3,74.0,358.97,oral_cavity,Advanced Decay
SAMP_3896,17.4,19.8,42.2,344.51,skin_surface,Active Decay
SAMP_3897,1.58,14.5,79.1,22.96,skin_surface,Fresh
SAMP_3898,17.89,19.0,59.0,339.97,skin_surface,Active Decay
SAMP_3899,7.77,28.9,44.8,224.6,oral_cavity,Active Decay
SAMP_3900,18.62,16.0,68.4,297.95,oral_cavity,Active Decay
SAMP_3901,5.64,22.0,54.0,124.17,skin_surface,Bloat
SAMP_3902,4.76,22.1,73.0,105.3,skin_surface,Bloat
SAMP_3903,24.66,19.9,72.9,490.7,oral_cavity,Advanced Decay
SAMP_3904,2.89,20.2,75.3,58.43,oral_cavity,Bloat
SAMP_3905,18.59,22.3,89.6,414.62,skin_surface,Advanced Decay
SAMP_3906,6.62,19.8,59.3,131.01,skin_surface,Bloat
SAMP_3907,7.22,16.3,63.3,117.64,oral_cavity,Bloat
SAMP_3908,3.69,22.9,80.2,84.47,skin_surface,Bloat
SAMP_3909,8.51,26.3,68.9,223.83,oral_cavity,Active Decay
SAMP_3910,3.93,25.5,41.9,100.31,oral_cavity,Bloat
SAMP_3911,0.4,18.8,82.2,7.53,skin_surface,Fresh
SAMP_3912,3.17,17.0,42.6,53.97,skin_surface,Bloat
SAMP_3913,0.1,20.9,48.5,2.09,oral_cavity,Fresh
SAMP_3914,30.0,28.3,45.1,849.0,oral_cavity,Dry Remains
SAMP_3915,30.0,24.6,43.9,738.0,oral_cavity,Dry Remains
SAMP_3916,5.03,24.8,41.3,124.69,soil_interface,Bloat
SAMP_3917,13.03,25.6,42.8,333.65,oral_cavity,Active Decay
SAMP_3918,4.24,23.7,62.1,100.57,oral_cavity,Bloat
SAMP_3919,11.12,22.5,52.6,250.2,oral_cavity,Active Decay
SAMP_3920,16.37,24.6,46.3,402.69,skin_surface,Advanced Decay
SAMP_3921,29.33,19.8,72.9,580.71,skin_surface,Advanced Decay
SAMP_3922,5.11,16.3,51.3,83.32,oral_cavity,Bloat
SAMP_3923,15.29,24.9,40.9,380.78,skin_surface,Advanced Decay
SAMP_3924,3.09,27.0,60.9,83.47,oral_cavity,Bloat
SAMP_3925,30.0,17.5,55.5,525.0,skin_surface,Advanced Decay
SAMP_3926,0.26,25.3,55.9,6.61,oral_cavity,Fresh
SAMP_3927,9.25,28.7,62.3,265.52,oral_cavity,Active Decay
SAMP_3928,10.77,22.0,73.4,237.02,oral_cavity,Active Decay
SAMP_3929,11.65,18.7,70.8,217.84,skin_surface,Active Decay
SAMP_3930,1.28,22.5,86.9,28.86,skin_surface,Fresh
SAMP_3931,27.89,19.8,65.9,552.26,skin_surface,Advanced Decay
SAMP_3932,2.0,19.5,63.6,38.98,oral_cavity,Bloat
SAMP_3933,9.75,23.7,50.7,231.04,oral_cavity,Active Decay
SAMP_3934,2.52,15.6,77.8,39.3,skin_surface,Bloat
SAMP_3935,3.67,16.2,47.0,59.46,soil_interface,Bloat
SAMP_3936,7.91,22.1,64.6,174.74,soil_interface,Active Decay
SAMP_3937,5.4,21.9,61.1,118.24,skin_surface,Bloat
SAMP_3938,1.75,23.4,72.9,40.86,oral_cavity,Bloat
SAMP_3939,1.87,29.5,85.9,55.3,skin_surface,Bloat
SAMP_3940,5.42,22.4,87.3,121.3,oral_cavity,Bloat
SAMP_3941,14.16,24.4,48.4,345.47,skin_surface,Active Decay
SAMP_3942,22.82,18.1,53.1,413.12,oral_cavity,Advanced Decay
SAMP_3943,0.88,25.1,80.6,22.06,oral_cavity,Fresh
SAMP_3944,4.99,19.9,65.9,99.38,oral_cavity,Bloat
SAMP_3945,1.06,22.3,62.7,23.56,skin_surface,Fresh
SAMP_3946,0.17,21.6,75.5,3.61,skin_surface,Fresh
SAMP_3947,10.84,26.1,70.1,282.89,skin_surface,Active Decay
SAMP_3948,9.22,16.8,88.5,154.97,soil_interface,Active Decay
SAMP_3949,1.78,12.9,69.2,22.96,soil_interface,Fresh
SAMP_3950,2.66,21.1,63.3,56.2,oral_cavity,Bloat
SAMP_3951,0.24,23.9,67.1,5.73,skin_surface,Fresh
SAMP_3952,18.01,22.6,80.4,407.14,skin_surface,Advanced Decay
SAMP_3953,30.0,26.9,70.6,807.0,soil_interface,Dry Remains
SAMP_3954,1.46,23.7,72.4,34.5,oral_cavity,Fresh
SAMP_3955,2.63,19.7,88.6,51.87,oral_cavity,Bloat
SAMP_3956,20.28,12.7,70.9,257.56,oral_cavity,Active Decay
SAMP_3957,26.1,21.1,59.0,550.71,soil_interface,Advanced Decay
SAMP_3958,5.44,26.1,74.6,142.01,soil_interface,Bloat
SAMP_3959,0.52,20.4,73.0,10.6,oral_cavity,Fresh
SAMP_3960,0.4,22.1,40.7,8.88,soil_interface,Fresh
SAMP_3961,8.53,23.7,63.4,202.21,oral_cavity,Active Decay
SAMP_3962,4.99,17.9,77.1,89.33,oral_cavity,Bloat
SAMP_3963,0.29,24.5,65.0,7.12,skin_surface,Fresh
SAMP_3964,8.75,28.5,79.0,249.45,oral_cavity,Active Decay
SAMP_3965,0.11,21.3,62.5,2.42,oral_cavity,Fresh
SAMP_3966,15.48,17.5,89.2,270.94,soil_interface,Active Decay
SAMP_3967,3.66,21.7,54.6,79.4,skin_surface,Bloat
SAMP_3968,0.41,13.1,44.6,5.38,soil_interface,Fresh
SAMP_3969,8.88,23.3,61.5,206.81,oral_cavity,Active Decay
SAMP_3970,5.07,23.8,67.1,120.66,oral_cavity,Bloat
SAMP_3971,30.0,28.7,57.5,861.0,oral_cavity,Dry Remains
SAMP_3972,7.86,21.2,52.1,166.57,soil_interface,Active Decay
SAMP_3973,3.22,23.6,73.6,75.97,oral_cavity,Bloat
SAMP_3974,12.36,18.6,58.9,229.89,oral_cavity,Active Decay
SAMP_3975,3.17,20.6,71.6,65.25,oral_cavity,Bloat
SAMP_3976,23.46,15.9,79.0,373.01,skin_surface,Advanced Decay
SAMP_3977,4.7,21.2,78.1,99.55,oral_cavity,Bloat
SAMP_3978,7.98,20.8,58.8,166.03,oral_cavity,Active Decay
SAMP_3979,0.52,23.2,68.4,12.04,skin_surface,Fresh
SAMP_3980,5.55,19.5,62.5,108.29,oral_cavity,Bloat
SAMP_3981,17.86,22.3,83.5,398.27,oral_cavity,Advanced Decay
SAMP_3982,16.38,20.7,83.9,339.08,oral_cavity,Active Decay
SAMP_3983,2.54,20.7,57.2,52.58,soil_interface,Bloat
SAMP_3984,2.56,22.3,44.6,57.15,oral_cavity,Bloat
SAMP_3985,17.0,22.2,48.4,377.39,oral_cavity,Advanced Decay
SAMP_3986,26.65,25.0,58.4,666.24,oral_cavity,Dry Remains
SAMP_3987,1.0,21.5,68.2,21.55,soil_interface,Fresh
SAMP_3988,5.98,20.6,72.8,123.18,oral_cavity,Bloat
SAMP_3989,4.12,21.3,56.6,87.68,soil_interface,Bloat
SAMP_3990,20.46,19.1,73.4,390.7,soil_interface,Advanced Decay
SAMP_3991,0.87,20.6,86.9,17.97,oral_cavity,Fresh
SAMP_3992,2.37,30.1,72.6,71.38,oral_cavity,Bloat
SAMP_3993,13.96,18.3,47.9,255.51,skin_surface,Active Decay
SAMP_3994,0.53,20.9,69.0,11.01,skin_surface,Fresh
SAMP_3995,6.78,20.5,67.1,139.06,skin_surface,Bloat
SAMP_3996,5.84,21.0,83.5,122.55,soil_interface,Bloat
SAMP_3997,4.07,20.7,57.5,84.26,oral_cavity,Bloat
SAMP_3998,5.02,23.1,61.1,115.92,skin_surface,Bloat
SAMP_3999,7.55,15.2,69.9,114.74,oral_cavity,Bloat
SAMP_4000,1.76,26.1,66.2,45.93,skin_surface,Bloat
SAMP_4001,8.49,24.5,76.0,207.91,skin_surface,Active Decay
SAMP_4002,16.37,17.0,42.0,278.29,oral_cavity,Active Decay
SAMP_4003,14.28,12.9,68.2,184.18,oral_cavity,Active Decay
SAMP_4004,1.67,18.1,46.1,30.25,oral_cavity,Fresh
SAMP_4005,1.62,21.0,55.8,33.94,skin_surface,Fresh
SAMP_4006,3.12,32.0,73.1,99.91,soil_interface,Bloat
SAMP_4007,4.48,24.2,47.9,108.41,skin_surface,Bloat
SAMP_4008,5.25,14.8,55.4,77.7,skin_surface,Bloat
SAMP_4009,11.38,19.2,75.2,218.59,oral_cavity,Active Decay
SAMP_4010,0.58,21.8,72.5,12.72,oral_cavity,Fresh
SAMP_4011,0.35,23.0,44.6,8.12,oral_cavity,Fresh
SAMP_4012,4.97,16.7,68.9,83.07,oral_cavity,Bloat
SAMP_4013,11.95,21.5,47.4,256.83,skin_surface,Active Decay
SAMP_4014,2.15,19.1,52.6,41.06,soil_interface,Bloat
SAMP_4015,10.26,17.6,63.0,180.55,skin_surface,Active Decay
SAMP_4016,3.01,23.0,45.5,69.2,skin_surface,Bloat
SAMP_4017,21.72,25.1,89.7,545.25,oral_cavity,Advanced Decay
SAMP_4018,22.6,25.4,48.3,574.14,oral_cavity,Advanced Decay
SAMP_4019,3.53,24.3,79.1,85.73,oral_cavity,Bloat
SAMP_4020,2.61,20.0,81.5,52.27,skin_surface,Bloat
SAMP_4021,5.3,24.9,89.7,131.93,skin_surface,Bloat
SAMP_4022,2.75,23.2,61.4,63.83,oral_cavity,Bloat
SAMP_4023,11.16,22.5,83.7,251.08,skin_surface,Active Decay
SAMP_4024,17.49,19.6,87.9,342.82,skin_surface,Active Decay
SAMP_4025,11.18,20.0,48.6,223.62,oral_cavity,Active Decay
SAMP_4026,17.39,22.3,64.0,387.86,skin_surface,Advanced Decay
SAMP_4027,5.06,31.8,43.0,160.85,skin_surface,Active Decay
SAMP_4028,1.7,23.2,71.0,39.43,oral_cavity,Bloat
SAMP_4029,13.39,19.6,69.1,262.49,skin_surface,Active Decay
SAMP_4030,4.47,18.7,50.2,83.59,oral_cavity,Bloat
SAMP_4031,11.13,20.0,79.9,222.5,skin_surface,Active Decay
SAMP_4032,3.16,30.7,41.9,96.89,soil_interface,Bloat
SAMP_4033,0.85,20.4,80.3,17.28,skin_surface,Fresh
SAMP_4034,30.0,25.6,41.3,768.0,oral_cavity,Dry Remains
SAMP_4035,1.7,20.5,72.8,34.82,oral_cavity,Fresh
SAMP_4036,30.0,23.0,43.9,690.0,oral_cavity,Dry Remains
SAMP_4037,30.0,25.2,52.6,756.0,oral_cavity,Dry Remains
SAMP_4038,15.79,19.7,76.1,311.06,skin_surface,Active Decay
SAMP_4039,10.77,19.4,54.0,208.96,oral_cavity,Active Decay
SAMP_4040,8.62,28.6,65.6,246.62,oral_cavity,Active Decay
SAMP_4041,20.11,25.9,85.8,520.76,skin_surface,Advanced Decay
SAMP_4042,3.42,25.2,42.5,86.11,skin_surface,Bloat
SAMP_4043,6.31,25.1,80.6,158.26,oral_cavity,Active Decay
SAMP_4044,9.66,23.8,43.3,229.9,skin_surface,Active Decay
SAMP_4045,5.3,30.1,46.3,159.43,soil_interface,Active Decay
SAMP_4046,5.58,22.2,46.0,123.81,oral_cavity,Bloat
SAMP_4047,4.01,24.3,89.7,97.42,skin_surface,Bloat
SAMP_4048,8.31,16.2,49.0,134.56,skin_surface,Bloat
SAMP_4049,19.01,18.7,84.8,355.48,skin_surface,Advanced Decay
SAMP_4050,2.25,17.2,89.5,38.71,oral_cavity,Bloat
SAMP_4051,27.25,27.1,59.2,738.39,oral_cavity,Dry Remains
SAMP_4052,11.68,12.0,71.6,140.19,skin_surface,Bloat
SAMP_4053,17.33,20.4,79.0,353.56,soil_interface,Advanced Decay
SAMP_4054,8.12,12.0,59.6,97.48,skin_surface,Bloat
SAMP_4055,15.12,18.7,48.1,282.73,soil_interface,Active Decay
SAMP_4056,0.16,20.0,61.7,3.27,skin_surface,Fresh
SAMP_4057,17.06,27.5,78.6,469.11,soil_interface,Advanced Decay
SAMP_4058,0.41,23.6,79.0,9.67,skin_surface,Fresh
SAMP_4059,22.06,18.7,51.5,412.61,soil_interface,Advanced Decay
SAMP_4060,30.0,26.3,48.7,789.0,oral_cavity,Dry Remains
SAMP_4061,3.48,22.1,86.0,76.96,soil_interface,Bloat
SAMP_4062,2.36,22.2,42.2,52.42,oral_cavity,Bloat
SAMP_4063,14.5,17.2,76.7,249.35,oral_cavity,Active Decay
SAMP_4064,2.92,18.0,42.3,52.51,skin_surface,Bloat
SAMP_4065,20.07,18.7,81.9,375.24,oral_cavity,Advanced Decay
SAMP_4066,1.09,22.2,85.3,24.09,oral_cavity,Fresh
SAMP_4067,1.35,22.3,54.9,30.02,soil_interface,Fresh
SAMP_4068,30.0,28.2,43.7,846.0,skin_surface,Dry Remains
SAMP_4069,11.2,23.5,64.0,263.29,soil_interface,Active Decay
SAMP_4070,18.77,12.0,54.9,225.19,soil_interface,Active Decay
SAMP_4071,3.92,23.1,60.9,90.56,oral_cavity,Bloat
SAMP_4072,11.29,16.2,73.2,182.82,oral_cavity,Active Decay
SAMP_4073,9.02,18.1,50.5,163.26,oral_cavity,Active Decay
SAMP_4074,9.24,18.8,57.8,173.75,skin_surface,Active Decay
SAMP_4075,11.47,19.3,79.1,221.44,skin_surface,Active Decay
SAMP_4076,8.57,16.5,72.2,141.32,skin_surface,Bloat
SAMP_4077,5.6,22.8,56.3,127.79,oral_cavity,Bloat
SAMP_4078,3.23,16.4,73.2,52.95,oral_cavity,Bloat
SAMP_4079,14.64,23.4,78.3,342.47,skin_surface,Active Decay
SAMP_4080,2.57,30.9,69.6,79.27,oral_cavity,Bloat
SAMP_4081,11.79,16.7,52.0,196.86,soil_interface,Active Decay
SAMP_4082,2.66,20.9,40.0,55.53,oral_cavity,Bloat
SAMP_4083,9.82,12.0,80.1,117.81,oral_cavity,Bloat
SAMP_4084,13.75,20.8,81.1,285.93,oral_cavity,Active Decay
SAMP_4085,2.47,24.6,74.9,60.72,skin_surface,Bloat
SAMP_4086,0.62,24.9,43.8,15.39,oral_cavity,Fresh
SAMP_4087,1.4,22.3,69.3,31.31,oral_cavity,Fresh
SAMP_4088,9.31,25.6,81.1,238.44,skin_surface,Active Decay
SAMP_4089,18.93,32.0,59.5,605.9,soil_interface,Dry Remains
SAMP_4090,0.46,28.8,49.9,13.26,soil_interface,Fresh
SAMP_4091,13.25,19.9,69.4,263.64,oral_cavity,Active Decay
SAMP_4092,4.18,16.2,81.3,67.64,skin_surface,Bloat
SAMP_4093,6.51,20.4,42.4,132.82,oral_cavity,Bloat
SAMP_4094,26.43,18.2,69.8,481.04,oral_cavity,Advanced Decay
SAMP_4095,4.03,23.8,72.2,96.02,skin_surface,Bloat
SAMP_4096,6.26,17.3,70.1,108.32,oral_cavity,Bloat
SAMP_4097,0.14,21.7,72.5,2.99,skin_surface,Fresh
SAMP_4098,0.85,25.4,71.6,21.62,soil_interface,Fresh
SAMP_4099,2.99,21.6,46.5,64.63,oral_cavity,Bloat
SAMP_4100,0.28,18.2,51.7,5.14,oral_cavity,Fresh
SAMP_4101,9.98,26.7,70.9,266.46,skin_surface,Active Decay
SAMP_4102,5.56,14.5,40.9,80.59,skin_surface,Bloat
SAMP_4103,7.94,20.7,71.7,164.44,soil_interface,Active Decay
SAMP_4104,1.92,21.8,73.3,41.84,soil_interface,Bloat
SAMP_4105,3.51,22.1,52.0,77.54,skin_surface,Bloat
SAMP_4106,10.9,22.7,69.9,247.46,oral_cavity,Active Decay
SAMP_4107,30.0,24.4,66.7,732.0,skin_surface,Dry Remains
SAMP_4108,0.52,21.9,53.0,11.33,oral_cavity,Fresh
SAMP_4109,22.11,20.5,63.1,453.21,soil_interface,Advanced Decay
SAMP_4110,8.6,20.4,85.5,175.46,oral_cavity,Active Decay
SAMP_4111,8.3,19.6,61.3,162.67,skin_surface,Active Decay
SAMP_4112,6.94,25.2,71.5,174.81,oral_cavity,Active Decay
SAMP_4113,0.72,19.4,41.8,13.95,skin_surface,Fresh
SAMP_4114,0.94,25.4,43.9,23.92,skin_surface,Fresh
SAMP_4115,9.19,22.1,44.1,203.0,skin_surface,Active Decay
SAMP_4116,4.17,19.9,78.9,82.98,skin_surface,Bloat
SAMP_4117,24.92,24.5,57.5,610.58,skin_surface,Dry Remains
SAMP_4118,5.22,19.1,51.4,99.68,oral_cavity,Bloat
SAMP_4119,1.55,24.6,77.4,38.04,soil_interface,Bloat
SAMP_4120,12.54,22.9,48.5,287.23,soil_interface,Active Decay
SAMP_4121,3.47,19.6,52.3,68.06,oral_cavity,Bloat
SAMP_4122,7.45,24.1,61.5,179.65,soil_interface,Active Decay
SAMP_4123,11.97,24.2,56.6,289.62,soil_interface,Active Decay
SAMP_4124,23.05,26.6,69.3,613.19,skin_surface,Dry Remains
SAMP_4125,15.71,25.9,56.9,406.92,oral_cavity,Advanced Decay
SAMP_4126,11.28,24.0,59.6,270.75,skin_surface,Active Decay
SAMP_4127,11.38,17.5,83.1,199.2,oral_cavity,Active Decay
SAMP_4128,29.17,31.8,84.2,927.73,skin_surface,Dry Remains
SAMP_4129,3.51,16.4,81.4,57.52,skin_surface,Bloat
SAMP_4130,0.1,25.8,83.2,2.58,soil_interface,Fresh
SAMP_4131,3.17,23.7,68.5,75.22,skin_surface,Bloat
SAMP_4132,2.46,17.3,72.3,42.52,oral_cavity,Bloat
SAMP_4133,10.84,21.5,67.9,233.11,skin_surface,Active Decay
SAMP_4134,10.04,21.7,79.3,217.94,oral_cavity,Active Decay
SAMP_4135,9.0,27.2,67.6,244.82,oral_cavity,Active Decay
SAMP_4136,0.16,19.1,45.6,3.13,oral_cavity,Fresh
SAMP_4137,13.05,21.0,80.5,274.01,oral_cavity,Active Decay
SAMP_4138,3.91,12.7,78.0,49.64,soil_interface,Bloat
SAMP_4139,10.94,28.9,81.0,316.11,skin_surface,Active Decay
SAMP_4140,8.13,17.7,49.5,143.94,skin_surface,Bloat
SAMP_4141,4.2,23.3,53.6,97.78,oral_cavity,Bloat
SAMP_4142,1.45,21.6,54.8,31.22,skin_surface,Fresh
SAMP_4143,0.99,21.6,65.4,21.42,skin_surface,Fresh
SAMP_4144,17.81,25.2,46.7,448.79,skin_surface,Advanced Decay
SAMP_4145,25.06,28.7,59.3,719.19,soil_interface,Dry Remains
SAMP_4146,10.49,23.0,49.1,241.32,skin_surface,Active Decay
SAMP_4147,1.09,24.6,53.2,26.86,skin_surface,Fresh
SAMP_4148,5.14,23.3,75.3,119.81,oral_cavity,Bloat
SAMP_4149,13.05,26.1,82.7,340.71,oral_cavity,Active Decay
SAMP_4150,15.13,20.1,41.1,304.18,soil_interface,Active Decay
SAMP_4151,1.26,26.3,68.3,33.09,skin_surface,Fresh
SAMP_4152,0.1,26.4,41.8,2.64,skin_surface,Fresh
SAMP_4153,12.45,26.3,44.3,327.51,soil_interface,Active Decay
SAMP_4154,4.41,19.4,75.3,85.55,skin_surface,Bloat
SAMP_4155,2.94,21.3,76.8,62.55,skin_surface,Bloat
SAMP_4156,0.13,23.0,80.7,2.99,oral_cavity,Fresh
SAMP_4157,7.77,16.5,63.7,128.23,skin_surface,Bloat
SAMP_4158,19.05,28.4,83.0,540.97,oral_cavity,Advanced Decay
SAMP_4159,30.0,22.0,48.3,660.0,oral_cavity,Dry Remains
SAMP_4160,8.34,23.1,52.5,192.68,soil_interface,Active Decay
SAMP_4161,7.22,19.7,46.7,142.33,oral_cavity,Bloat
SAMP_4162,0.89,16.7,79.9,14.85,oral_cavity,Fresh
SAMP_4163,7.96,19.6,51.4,156.02,oral_cavity,Active Decay
SAMP_4164,4.78,22.9,47.8,109.46,oral_cavity,Bloat
SAMP_4165,9.34,24.7,71.2,230.77,oral_cavity,Active Decay
SAMP_4166,4.92,22.6,43.9,111.24,oral_cavity,Bloat
SAMP_4167,2.75,23.4,42.2,64.31,skin_surface,Bloat
SAMP_4168,1.0,20.7,45.3,20.65,skin_surface,Fresh
SAMP_4169,3.78,24.0,40.0,90.77,skin_surface,Bloat
SAMP_4170,1.02,27.9,74.8,28.36,soil_interface,Fresh
SAMP_4171,1.95,24.8,68.1,48.28,skin_surface,Bloat
SAMP_4172,30.0,25.2,50.5,756.0,oral_cavity,Dry Remains
SAMP_4173,5.87,23.2,51.7,136.22,oral_cavity,Bloat
SAMP_4174,7.59,16.0,80.5,121.44,skin_surface,Bloat
SAMP_4175,20.68,17.8,65.1,368.18,skin_surface,Advanced Decay
SAMP_4176,30.0,23.8,74.9,714.0,oral_cavity,Dry Remains
SAMP_4177,8.74,22.0,62.6,192.28,oral_cavity,Active Decay
SAMP_4178,16.74,23.8,51.9,398.37,skin_surface,Advanced Decay
SAMP_4179,3.96,28.7,88.5,113.63,skin_surface,Bloat
SAMP_4180,3.65,24.9,68.3,90.86,skin_surface,Bloat
SAMP_4181,5.15,27.0,46.5,139.14,oral_cavity,Bloat
SAMP_4182,11.16,22.4,60.3,250.05,skin_surface,Active Decay
SAMP_4183,11.46,18.8,56.5,215.51,skin_surface,Active Decay
SAMP_4184,3.79,21.8,50.7,82.55,soil_interface,Bloat
SAMP_4185,1.43,18.8,86.7,26.88,skin_surface,Fresh
SAMP_4186,10.01,28.2,84.0,282.21,skin_surface,Active Decay
SAMP_4187,1.37,25.2,50.0,34.61,skin_surface,Fresh
SAMP_4188,8.64,24.1,57.6,208.2,skin_surface,Active Decay
SAMP_4189,11.82,26.9,78.1,318.03,oral_cavity,Active Decay
SAMP_4190,12.06,13.9,50.4,167.64,soil_interface,Active Decay
SAMP_4191,14.0,24.4,69.6,341.67,skin_surface,Active Decay
SAMP_4192,20.62,16.8,75.0,346.49,skin_surface,Active Decay
SAMP_4193,6.93,22.0,72.7,152.47,soil_interface,Active Decay
SAMP_4194,13.1,20.8,75.3,272.53,soil_interface,Active Decay
SAMP_4195,9.65,24.6,75.3,237.49,skin_surface,Active Decay
SAMP_4196,2.07,22.9,88.2,47.31,oral_cavity,Bloat
SAMP_4197,0.26,27.4,57.3,7.13,oral_cavity,Fresh
SAMP_4198,3.35,19.6,83.9,65.63,soil_interface,Bloat
SAMP_4199,5.85,24.8,41.1,145.14,oral_cavity,Bloat
SAMP_4200,9.6,22.6,54.4,216.96,soil_interface,Active Decay
SAMP_4201,18.97,15.5,42.4,294.01,oral_cavity,Active Decay
SAMP_4202,2.18,18.3,72.6,39.98,skin_surface,Bloat
SAMP_4203,1.34,21.4,45.0,28.71,skin_surface,Fresh
SAMP_4204,30.0,26.4,82.3,792.0,oral_cavity,Dry Remains
SAMP_4205,1.14,23.9,72.3,27.33,soil_interface,Fresh
SAMP_4206,6.51,17.3,41.4,112.63,skin_surface,Bloat
SAMP_4207,8.81,21.4,75.7,188.5,oral_cavity,Active Decay
SAMP_4208,7.8,30.1,83.1,234.64,oral_cavity,Active Decay
SAMP_4209,0.9,22.4,73.1,20.15,skin_surface,Fresh
SAMP_4210,0.59,20.7,41.5,12.15,oral_cavity,Fresh
SAMP_4211,1.11,24.0,82.9,26.75,soil_interface,Fresh
SAMP_4212,8.81,25.1,76.6,221.1,oral_cavity,Active Decay
SAMP_4213,7.86,20.2,58.9,158.78,oral_cavity,Active Decay
SAMP_4214,2.66,24.0,56.4,63.9,oral_cavity,Bloat
SAMP_4215,10.15,20.7,64.0,210.21,oral_cavity,Active Decay
SAMP_4216,17.15,24.9,83.4,427.08,oral_cavity,Advanced Decay
SAMP_4217,0.42,22.7,52.6,9.64,soil_interface,Fresh
SAMP_4218,6.89,23.9,45.0,164.77,oral_cavity,Active Decay
SAMP_4219,11.69,19.0,83.2,222.1,oral_cavity,Active Decay
SAMP_4220,2.91,18.7,41.3,54.37,oral_cavity,Bloat
SAMP_4221,3.68,25.8,85.5,94.9,skin_surface,Bloat
SAMP_4222,9.51,21.7,55.3,206.36,skin_surface,Active Decay
SAMP_4223,22.82,23.1,65.4,527.18,skin_surface,Advanced Decay
SAMP_4224,16.6,20.8,46.6,345.35,oral_cavity,Active Decay
SAMP_4225,8.75,25.6,85.1,224.0,skin_surface,Active Decay
SAMP_4226,13.1,19.6,77.5,256.79,skin_surface,Active Decay
SAMP_4227,4.54,21.5,86.2,97.58,skin_surface,Bloat
SAMP_4228,10.24,25.1,74.2,257.11,oral_cavity,Active Decay
SAMP_4229,6.28,26.7,49.2,167.6,skin_surface,Active Decay
SAMP_4230,2.11,19.9,55.4,41.92,oral_cavity,Bloat
SAMP_4231,12.1,29.8,64.3,360.52,oral_cavity,Advanced Decay
SAMP_4232,8.13,23.3,70.4,189.42,oral_cavity,Active Decay
SAMP_4233,4.44,17.8,86.3,79.06,skin_surface,Bloat
SAMP_4234,24.23,23.5,59.2,569.39,oral_cavity,Advanced Decay
SAMP_4235,0.21,20.5,75.2,4.34,skin_surface,Fresh
SAMP_4236,3.79,23.7,88.1,89.93,soil_interface,Bloat
SAMP_4237,0.59,21.8,47.6,12.77,skin_surface,Fresh
SAMP_4238,14.55,22.3,83.1,324.4,skin_surface,Active Decay
SAMP_4239,12.11,18.4,61.0,222.83,skin_surface,Active Decay
SAMP_4240,4.02,26.0,76.6,104.65,skin_surface,Bloat
SAMP_4241,11.26,17.4,54.7,195.92,oral_cavity,Active Decay
SAMP_4242,5.04,17.6,56.7,88.72,skin_surface,Bloat
SAMP_4243,14.12,23.5,41.4,331.73,skin_surface,Active Decay
SAMP_4244,6.05,28.4,88.6,171.95,oral_cavity,Active Decay
SAMP_4245,5.32,20.6,80.7,109.49,oral_cavity,Bloat
SAMP_4246,27.29,24.8,44.7,676.85,oral_cavity,Dry Remains
SAMP_4247,2.89,26.3,90.0,75.97,soil_interface,Bloat
SAMP_4248,1.28,25.3,70.3,32.47,oral_cavity,Fresh
SAMP_4249,8.78,20.8,82.7,182.7,oral_cavity,Active Decay
SAMP_4250,30.0,17.6,43.3,528.0,skin_surface,Advanced Decay
SAMP_4251,4.75,13.2,59.5,62.64,soil_interface,Bloat
SAMP_4252,0.64,20.9,73.5,13.39,oral_cavity,Fresh
SAMP_4253,4.14,26.7,45.3,110.66,skin_surface,Bloat
SAMP_4254,7.05,17.5,64.4,123.39,skin_surface,Bloat
SAMP_4255,1.77,24.8,62.1,43.81,skin_surface,Bloat
SAMP_4256,10.73,18.2,50.8,195.33,soil_interface,Active Decay
SAMP_4257,30.0,22.4,55.0,672.0,oral_cavity,Dry Remains
SAMP_4258,6.01,24.8,88.4,149.05,soil_interface,Bloat
SAMP_4259,4.38,19.4,54.4,84.99,soil_interface,Bloat
SAMP_4260,5.12,22.7,50.7,116.22,soil_interface,Bloat
SAMP_4261,1.22,20.3,66.8,24.83,skin_surface,Fresh
SAMP_4262,21.48,24.8,73.5,532.68,soil_interface,Advanced Decay
SAMP_4263,5.36,22.9,76.3,122.71,oral_cavity,Bloat
SAMP_4264,4.9,22.2,77.7,108.74,oral_cavity,Bloat
SAMP_4265,10.78,28.2,41.8,303.97,oral_cavity,Active Decay
SAMP_4266,5.83,24.6,59.7,143.53,oral_cavity,Bloat
SAMP_4267,10.45,19.2,78.7,200.6,skin_surface,Active Decay
SAMP_4268,0.63,21.7,85.2,13.76,oral_cavity,Fresh
SAMP_4269,16.81,21.7,70.1,364.67,oral_cavity,Advanced Decay
SAMP_4270,28.22,22.3,42.6,629.27,skin_surface,Dry Remains
SAMP_4271,10.46,32.0,59.8,334.82,soil_interface,Active Decay
SAMP_4272,30.0,23.5,43.7,705.0,skin_surface,Dry Remains
SAMP_4273,1.64,13.9,77.4,22.82,soil_interface,Fresh
SAMP_4274,6.49,19.8,43.2,128.5,skin_surface,Bloat
SAMP_4275,9.21,14.3,49.3,131.68,soil_interface,Bloat
SAMP_4276,8.72,20.7,60.8,180.43,skin_surface,Active Decay
SAMP_4277,5.13,14.1,63.1,72.37,soil_interface,Bloat
SAMP_4278,4.13,18.5,60.3,76.33,oral_cavity,Bloat
SAMP_4279,1.36,15.9,63.2,21.56,soil_interface,Fresh
SAMP_4280,4.97,23.5,75.7,116.83,skin_surface,Bloat
SAMP_4281,1.78,22.0,58.5,39.06,skin_surface,Bloat
SAMP_4282,13.26,23.2,67.4,307.55,skin_surface,Active Decay
SAMP_4283,2.34,21.6,55.2,50.6,soil_interface,Bloat
SAMP_4284,0.6,16.4,57.7,9.9,soil_interface,Fresh
SAMP_4285,8.04,24.1,70.7,193.71,oral_cavity,Active Decay
SAMP_4286,9.04,29.7,64.5,268.62,oral_cavity,Active Decay
SAMP_4287,20.55,23.6,76.2,484.99,oral_cavity,Advanced Decay
SAMP_4288,8.6,20.3,68.0,174.65,oral_cavity,Active Decay
SAMP_4289,4.24,16.3,80.2,69.09,oral_cavity,Bloat
SAMP_4290,16.25,18.4,62.2,298.93,skin_surface,Active Decay
SAMP_4291,7.77,23.8,64.6,184.96,skin_surface,Active Decay
SAMP_4292,0.83,26.3,73.5,21.72,skin_surface,Fresh
SAMP_4293,8.34,23.0,51.1,191.9,skin_surface,Active Decay
SAMP_4294,23.86,25.2,59.3,601.31,skin_surface,Dry Remains
SAMP_4295,5.05,24.8,71.2,125.17,oral_cavity,Bloat
SAMP_4296,3.51,24.0,41.4,84.35,skin_surface,Bloat
SAMP_4297,1.55,19.4,61.8,30.04,skin_surface,Fresh
SAMP_4298,1.64,22.7,69.9,37.28,oral_cavity,Bloat
SAMP_4299,5.67,18.6,88.4,105.46,oral_cavity,Bloat
SAMP_4300,9.06,22.1,83.9,200.13,oral_cavity,Active Decay
SAMP_4301,0.84,23.3,54.0,19.58,soil_interface,Fresh
SAMP_4302,28.06,28.7,65.4,805.39,skin_surface,Dry Remains
SAMP_4303,14.07,16.8,42.8,236.38,skin_surface,Active Decay
SAMP_4304,8.83,23.9,52.0,211.13,oral_cavity,Active Decay
SAMP_4305,17.63,27.9,78.7,491.83,oral_cavity,Advanced Decay
SAMP_4306,0.84,25.0,46.2,20.9,oral_cavity,Fresh
SAMP_4307,6.48,25.3,52.9,163.91,oral_cavity,Active Decay
SAMP_4308,9.95,24.4,87.2,242.66,oral_cavity,Active Decay
SAMP_4309,17.64,27.2,81.2,479.83,oral_cavity,Advanced Decay
SAMP_4310,15.3,17.7,79.1,270.81,skin_surface,Active Decay
SAMP_4311,3.24,16.5,83.2,53.53,oral_cavity,Bloat
SAMP_4312,28.28,22.0,77.5,622.2,skin_surface,Dry Remains
SAMP_4313,1.33,13.4,46.0,17.79,skin_surface,Fresh
SAMP_4314,20.81,26.9,65.8,559.66,skin_surface,Advanced Decay
SAMP_4315,30.0,26.9,62.2,807.0,skin_surface,Dry Remains
SAMP_4316,1.95,20.3,55.6,39.58,oral_cavity,Bloat
SAMP_4317,12.8,20.5,81.7,262.48,soil_interface,Active Decay
SAMP_4318,0.41,21.7,63.2,8.92,soil_interface,Fresh
SAMP_4319,5.2,22.2,43.0,115.42,oral_cavity,Bloat
SAMP_4320,7.26,22.5,53.7,163.41,oral_cavity,Active Decay
SAMP_4321,8.69,24.2,51.4,210.31,soil_interface,Active Decay
SAMP_4322,27.48,21.3,84.4,585.3,soil_interface,Advanced Decay
SAMP_4323,11.16,25.8,72.4,287.8,oral_cavity,Active Decay
SAMP_4324,6.56,23.8,68.0,156.22,oral_cavity,Active Decay
SAMP_4325,16.59,19.6,65.3,325.17,soil_interface,Active Decay
SAMP_4326,30.0,27.3,72.5,819.0,oral_cavity,Dry Remains
SAMP_4327,0.22,16.6,77.7,3.7,soil_interface,Fresh
SAMP_4328,30.0,21.6,67.7,648.0,oral_cavity,Dry Remains
SAMP_4329,0.9,25.9,86.9,23.33,soil_interface,Fresh
SAMP_4330,16.84,19.1,88.8,321.66,oral_cavity,Active Decay
SAMP_4331,3.29,23.2,89.8,76.32,oral_cavity,Bloat
SAMP_4332,1.42,24.2,73.5,34.31,soil_interface,Fresh
SAMP_4333,5.8,18.6,86.6,107.8,oral_cavity,Bloat
SAMP_4334,10.33,21.7,60.2,224.1,oral_cavity,Active Decay
SAMP_4335,4.8,21.4,83.0,102.63,soil_interface,Bloat
SAMP_4336,0.56,19.8,85.5,11.11,oral_cavity,Fresh
SAMP_4337,9.15,31.2,85.2,285.46,oral_cavity,Active Decay
SAMP_4338,23.27,18.9,81.5,439.79,oral_cavity,Advanced Decay
SAMP_4339,4.83,26.0,60.3,125.64,skin_surface,Bloat
SAMP_4340,2.44,20.4,47.9,49.73,skin_surface,Bloat
SAMP_4341,5.84,17.7,56.7,103.44,soil_interface,Bloat
SAMP_4342,0.5,22.4,78.4,11.1,skin_surface,Fresh
SAMP_4343,17.18,24.6,51.6,422.51,oral_cavity,Advanced Decay
SAMP_4344,17.51,25.7,63.9,449.92,oral_cavity,Advanced Decay
SAMP_4345,8.87,28.2,68.3,250.06,soil_interface,Active Decay
SAMP_4346,4.36,32.0,70.2,139.38,skin_surface,Bloat
SAMP_4347,16.08,23.0,86.8,369.92,soil_interface,Advanced Decay
SAMP_4348,8.09,19.3,73.1,156.13,soil_interface,Active Decay
SAMP_4349,17.48,23.8,79.3,416.1,oral_cavity,Advanced Decay
SAMP_4350,9.98,20.9,69.1,208.62,skin_surface,Active Decay
SAMP_4351,15.34,25.7,81.7,394.33,skin_surface,Advanced Decay
SAMP_4352,9.13,16.8,53.2,153.33,oral_cavity,Active Decay
SAMP_4353,5.35,31.5,50.5,168.42,oral_cavity,Active Decay
SAMP_4354,30.0,25.4,86.3,762.0,soil_interface,Dry Remains
SAMP_4355,7.79,15.3,74.7,119.18,skin_surface,Bloat
SAMP_4356,9.29,19.2,73.6,178.39,skin_surface,Active Decay
SAMP_4357,2.49,25.3,63.4,63.02,skin_surface,Bloat
SAMP_4358,9.83,26.7,58.8,262.35,skin_surface,Active Decay
SAMP_4359,8.48,16.9,67.8,143.26,oral_cavity,Bloat
SAMP_4360,2.04,24.9,46.0,50.89,skin_surface,Bloat
SAMP_4361,0.61,14.2,62.7,8.72,skin_surface,Fresh
SAMP_4362,9.27,21.6,62.8,200.29,soil_interface,Active Decay
SAMP_4363,14.43,26.4,66.9,380.85,skin_surface,Advanced Decay
SAMP_4364,7.41,19.8,71.7,146.73,soil_interface,Bloat
SAMP_4365,2.57,16.0,87.9,41.15,oral_cavity,Bloat
SAMP_4366,10.98,22.6,72.6,248.19,soil_interface,Active Decay
SAMP_4367,0.83,19.6,84.2,16.37,soil_interface,Fresh
SAMP_4368,5.83,24.5,67.8,142.86,skin_surface,Bloat
SAMP_4369,1.78,18.5,71.3,33.0,oral_cavity,Fresh
SAMP_4370,2.04,18.9,43.5,38.54,oral_cavity,Bloat
SAMP_4371,2.26,13.9,46.7,31.42,skin_surface,Fresh
SAMP_4372,4.89,22.7,69.0,110.98,skin_surface,Bloat
SAMP_4373,0.53,21.4,59.8,11.24,skin_surface,Fresh
SAMP_4374,5.07,17.2,79.9,87.23,skin_surface,Bloat
SAMP_4375,7.17,22.8,67.2,163.44,skin_surface,Active Decay
SAMP_4376,6.6,26.1,84.1,172.33,oral_cavity,Active Decay
SAMP_4377,4.83,21.1,88.6,101.82,oral_cavity,Bloat
SAMP_4378,18.27,23.1,47.4,422.1,oral_cavity,Advanced Decay
SAMP_4379,1.57,23.1,59.7,36.28,oral_cavity,Bloat
SAMP_4380,7.05,17.2,73.2,121.19,skin_surface,Bloat
SAMP_4381,0.64,30.2,55.3,19.34,soil_interface,Fresh
SAMP_4382,0.74,20.1,53.4,14.84,oral_cavity,Fresh
SAMP_4383,8.53,24.6,80.7,209.84,oral_cavity,Active Decay
SAMP_4384,8.35,25.1,89.0,209.52,skin_surface,Active Decay
SAMP_4385,21.04,21.4,78.7,450.26,soil_interface,Advanced Decay
SAMP_4386,8.16,24.4,66.2,199.14,oral_cavity,Active Decay
SAMP_4387,30.0,23.0,62.1,690.0,soil_interface,Dry Remains
SAMP_4388,0.5,16.3,67.0,8.14,oral_cavity,Fresh
SAMP_4389,1.03,20.7,63.1,21.35,oral_cavity,Fresh
SAMP_4390,0.45,19.5,65.1,8.79,skin_surface,Fresh
SAMP_4391,2.05,20.2,50.2,41.39,skin_surface,Bloat
SAMP_4392,7.79,16.8,85.2,130.92,skin_surface,Bloat
SAMP_4393,10.37,26.5,77.7,274.87,soil_interface,Active Decay
SAMP_4394,0.47,28.4,74.0,13.25,oral_cavity,Fresh
SAMP_4395,29.18,25.9,87.5,755.82,skin_surface,Dry Remains
SAMP_4396,18.46,27.1,54.2,500.32,skin_surface,Advanced Decay
SAMP_4397,3.52,20.6,44.1,72.48,soil_interface,Bloat
SAMP_4398,0.8,19.5,81.3,15.66,skin_surface,Fresh
SAMP_4399,1.86,18.9,89.9,35.19,oral_cavity,Bloat
SAMP_4400,1.36,24.6,68.9,33.4,skin_surface,Fresh
SAMP_4401,1.32,22.9,42.9,30.13,soil_interface,Fresh
SAMP_4402,7.31,21.7,79.0,158.62,oral_cavity,Active Decay
SAMP_4403,2.82,27.2,43.7,76.75,oral_cavity,Bloat
SAMP_4404,4.43,23.6,67.0,104.64,oral_cavity,Bloat
SAMP_4405,30.0,18.6,53.9,558.0,skin_surface,Advanced Decay
SAMP_4406,11.53,19.3,85.8,222.53,oral_cavity,Active Decay
SAMP_4407,29.76,24.7,62.6,734.96,oral_cavity,Dry Remains
SAMP_4408,1.54,26.2,84.9,40.3,skin_surface,Bloat
SAMP_4409,4.81,24.2,55.0,116.52,oral_cavity,Bloat
SAMP_4410,8.09,29.6,59.4,239.49,oral_cavity,Active Decay
SAMP_4411,0.8,28.5,87.4,22.76,skin_surface,Fresh
SAMP_4412,0.1,23.8,50.1,2.38,oral_cavity,Fresh
SAMP_4413,11.1,18.6,68.9,206.46,oral_cavity,Active Decay
SAMP_4414,10.27,16.8,59.4,172.49,oral_cavity,Active Decay
SAMP_4415,5.29,20.5,78.7,108.44,oral_cavity,Bloat
SAMP_4416,6.73,25.0,46.5,168.16,skin_surface,Active Decay
SAMP_4417,5.37,29.3,61.9,157.31,skin_surface,Active Decay
SAMP_4418,0.24,23.7,74.9,5.76,skin_surface,Fresh
SAMP_4419,4.09,26.7,60.4,109.08,oral_cavity,Bloat
SAMP_4420,1.95,21.0,42.9,40.93,oral_cavity,Bloat
SAMP_4421,1.04,24.5,75.3,25.38,soil_interface,Fresh
SAMP_4422,30.0,25.3,65.2,759.0,oral_cavity,Dry Remains
SAMP_4423,9.15,14.1,40.6,128.97,oral_cavity,Bloat
SAMP_4424,13.04,20.3,70.6,264.79,soil_interface,Active Decay
SAMP_4425,3.79,25.8,86.0,97.75,skin_surface,Bloat
SAMP_4426,4.99,23.1,45.6,115.38,skin_surface,Bloat
SAMP_4427,2.7,17.2,69.5,46.51,skin_surface,Bloat
SAMP_4428,1.02,12.3,76.4,12.55,oral_cavity,Fresh
SAMP_4429,1.97,20.5,43.5,40.44,soil_interface,Bloat
SAMP_4430,15.97,21.7,41.1,346.57,soil_interface,Active Decay
SAMP_4431,11.32,18.5,63.2,209.38,oral_cavity,Active Decay
SAMP_4432,7.92,22.6,79.6,178.93,soil_interface,Active Decay
SAMP_4433,6.45,24.0,48.0,154.69,skin_surface,Active Decay
SAMP_4434,25.57,24.7,81.8,631.49,skin_surface,Dry Remains
SAMP_4435,0.76,12.6,72.8,9.51,oral_cavity,Fresh
SAMP_4436,3.29,16.7,56.6,55.0,skin_surface,Bloat
SAMP_4437,4.31,20.8,65.8,89.58,oral_cavity,Bloat
SAMP_4438,15.25,24.3,88.3,370.63,skin_surface,Advanced Decay
SAMP_4439,30.0,24.0,50.8,720.0,oral_cavity,Dry Remains
SAMP_4440,2.75,23.9,65.0,65.8,skin_surface,Bloat
SAMP_4441,20.74,20.5,71.2,425.15,skin_surface,Advanced Decay
SAMP_4442,17.76,20.7,46.9,367.55,soil_interface,Advanced Decay
SAMP_4443,2.54,19.1,42.2,48.6,oral_cavity,Bloat
SAMP_4444,5.1,25.1,40.7,127.94,soil_interface,Bloat
SAMP_4445,5.27,18.3,56.2,96.46,oral_cavity,Bloat
SAMP_4446,30.0,25.4,43.7,762.0,soil_interface,Dry Remains
SAMP_4447,2.0,22.8,80.2,45.49,skin_surface,Bloat
SAMP_4448,16.05,21.8,89.9,349.94,soil_interface,Active Decay
SAMP_4449,4.07,19.4,43.1,78.91,skin_surface,Bloat
SAMP_4450,13.13,16.6,61.6,217.89,skin_surface,Active Decay
SAMP_4451,5.45,19.4,41.3,105.68,oral_cavity,Bloat
SAMP_4452,8.64,20.7,46.7,178.77,soil_interface,Active Decay
SAMP_4453,17.87,12.5,56.1,223.43,soil_interface,Active Decay
SAMP_4454,16.3,21.2,59.7,345.66,oral_cavity,Active Decay
SAMP_4455,20.13,25.7,87.0,517.36,oral_cavity,Advanced Decay
SAMP_4456,0.61,24.3,59.8,14.94,skin_surface,Fresh
SAMP_4457,11.78,20.0,64.8,235.56,soil_interface,Active Decay
SAMP_4458,1.51,22.2,52.3,33.48,oral_cavity,Fresh
SAMP_4459,5.38,19.8,40.0,106.43,soil_interface,Bloat
SAMP_4460,7.95,22.6,85.0,179.75,oral_cavity,Active Decay
SAMP_4461,5.15,28.2,44.1,145.34,soil_interface,Bloat
SAMP_4462,7.33,25.9,88.2,189.89,skin_surface,Active Decay
SAMP_4463,30.0,24.1,46.5,723.0,oral_cavity,Dry Remains
SAMP_4464,1.45,20.0,70.2,29.06,oral_cavity,Fresh
SAMP_4465,11.25,25.0,90.0,281.33,skin_surface,Active Decay
SAMP_4466,5.04,15.3,46.9,77.14,skin_surface,Bloat
SAMP_4467,1.43,21.0,61.2,29.97,soil_interface,Fresh
SAMP_4468,1.73,24.3,79.0,42.0,skin_surface,Bloat
SAMP_4469,29.81,25.0,41.6,745.32,skin_surface,Dry Remains
SAMP_4470,21.17,24.7,74.5,522.89,soil_interface,Advanced Decay
SAMP_4471,23.76,23.2,44.0,551.14,skin_surface,Advanced Decay
SAMP_4472,30.0,21.2,51.8,636.0,soil_interface,Dry Remains
SAMP_4473,2.34,24.2,48.0,56.53,soil_interface,Bloat
SAMP_4474,4.39,18.2,85.4,79.93,soil_interface,Bloat
SAMP_4475,11.06,18.6,49.0,205.77,oral_cavity,Active Decay
SAMP_4476,6.61,22.2,42.0,146.8,skin_surface,Bloat
SAMP_4477,5.42,22.7,69.4,123.02,skin_surface,Bloat
SAMP_4478,4.43,14.7,57.3,65.1,skin_surface,Bloat
SAMP_4479,9.01,23.8,60.3,214.41,skin_surface,Active Decay
SAMP_4480,8.57,25.1,46.0,215.12,soil_interface,Active Decay
SAMP_4481,1.76,21.7,77.4,38.21,oral_cavity,Bloat
SAMP_4482,6.38,31.5,70.1,201.02,skin_surface,Active Decay
SAMP_4483,8.06,19.3,58.2,155.61,oral_cavity,Active Decay
SAMP_4484,8.45,20.6,48.6,174.0,oral_cavity,Active Decay
SAMP_4485,2.36,20.4,69.7,48.12,skin_surface,Bloat
SAMP_4486,13.56,21.7,78.9,294.22,oral_cavity,Active Decay
SAMP_4487,0.26,20.7,55.6,5.28,oral_cavity,Fresh
SAMP_4488,4.38,16.4,41.3,71.87,skin_surface,Bloat
SAMP_4489,15.15,19.8,50.7,299.99,oral_cavity,Active Decay
SAMP_4490,8.3,21.6,74.1,179.25,oral_cavity,Active Decay
SAMP_4491,3.03,26.9,89.5,81.42,soil_interface,Bloat
SAMP_4492,11.87,30.8,40.7,365.69,soil_interface,Advanced Decay
SAMP_4493,8.38,27.3,55.3,228.75,oral_cavity,Active Decay
SAMP_4494,15.91,18.9,43.1,300.67,oral_cavity,Active Decay
SAMP_4495,13.28,19.2,55.8,255.0,soil_interface,Active Decay
SAMP_4496,9.42,21.4,60.3,201.56,oral_cavity,Active Decay
SAMP_4497,6.7,29.1,86.0,194.91,skin_surface,Active Decay
SAMP_4498,1.43,21.3,44.0,30.44,skin_surface,Fresh
SAMP_4499,3.03,16.7,78.9,50.59,skin_surface,Bloat
SAMP_4500,5.43,20.0,59.8,108.64,soil_interface,Bloat
SAMP_4501,9.15,25.0,80.6,228.64,oral_cavity,Active Decay
SAMP_4502,7.21,24.8,65.7,178.79,skin_surface,Active Decay
SAMP_4503,3.4,21.2,42.0,72.07,skin_surface,Bloat
SAMP_4504,0.1,24.7,87.3,2.47,soil_interface,Fresh
SAMP_4505,6.86,12.9,44.1,88.45,soil_interface,Bloat
SAMP_4506,3.36,22.4,69.9,75.34,skin_surface,Bloat
SAMP_4507,13.27,25.4,83.9,336.94,soil_interface,Active Decay
SAMP_4508,0.24,18.7,44.0,4.53,oral_cavity,Fresh
SAMP_4509,8.79,18.7,67.7,164.38,oral_cavity,Active Decay
SAMP_4510,28.38,14.5,81.2,411.55,oral_cavity,Advanced Decay
SAMP_4511,1.92,28.4,89.3,54.43,oral_cavity,Bloat
SAMP_4512,6.38,19.1,76.2,121.86,skin_surface,Bloat
SAMP_4513,0.96,23.0,53.9,22.05,soil_interface,Fresh
SAMP_4514,9.83,24.4,75.0,239.77,skin_surface,Active Decay
SAMP_4515,8.0,28.0,75.3,223.91,skin_surface,Active Decay
SAMP_4516,5.23,21.4,75.0,111.96,oral_cavity,Bloat
SAMP_4517,7.37,19.8,82.7,145.89,skin_surface,Bloat
SAMP_4518,22.69,22.7,44.4,515.04,skin_surface,Advanced Decay
SAMP_4519,2.19,27.1,45.4,59.22,skin_surface,Bloat
SAMP_4520,0.23,21.3,72.0,4.86,oral_cavity,Fresh
SAMP_4521,19.78,18.2,87.7,360.01,skin_surface,Advanced Decay
SAMP_4522,8.61,15.8,63.3,135.98,skin_surface,Bloat
SAMP_4523,22.13,17.1,88.0,378.47,skin_surface,Advanced Decay
SAMP_4524,9.09,25.5,86.9,231.71,oral_cavity,Active Decay
SAMP_4525,16.62,20.7,85.1,343.95,oral_cavity,Active Decay
SAMP_4526,5.62,19.6,85.5,110.06,oral_cavity,Bloat
SAMP_4527,13.86,19.1,84.9,264.68,skin_surface,Active Decay
SAMP_4528,24.42,22.3,81.0,544.64,skin_surface,Advanced Decay
SAMP_4529,8.49,21.0,74.7,178.27,soil_interface,Active Decay
SAMP_4530,1.99,20.9,41.2,41.68,skin_surface,Bloat
SAMP_4531,3.13,27.4,46.6,85.78,oral_cavity,Bloat
SAMP_4532,2.21,28.2,46.7,62.45,skin_surface,Bloat
SAMP_4533,2.84,15.6,41.2,44.23,skin_surface,Bloat
SAMP_4534,3.66,23.3,45.8,85.25,oral_cavity,Bloat
SAMP_4535,8.1,18.9,86.0,153.09,skin_surface,Active Decay
SAMP_4536,8.87,21.0,73.2,186.21,oral_cavity,Active Decay
SAMP_4537,5.56,23.2,55.6,128.99,oral_cavity,Bloat
SAMP_4538,9.56,21.1,79.7,201.63,skin_surface,Active Decay
SAMP_4539,0.85,22.9,64.4,19.49,skin_surface,Fresh
SAMP_4540,0.92,24.7,47.1,22.7,skin_surface,Fresh
SAMP_4541,1.89,23.2,84.2,43.74,oral_cavity,Bloat
SAMP_4542,7.3,19.4,56.9,141.61,soil_interface,Bloat
SAMP_4543,2.41,19.5,74.9,46.95,skin_surface,Bloat
SAMP_4544,3.33,16.2,54.5,53.96,soil_interface,Bloat
SAMP_4545,5.11,18.6,65.0,95.11,skin_surface,Bloat
SAMP_4546,16.71,29.8,80.8,497.84,skin_surface,Advanced Decay
SAMP_4547,0.14,18.8,47.8,2.62,oral_cavity,Fresh
SAMP_4548,10.48,17.2,88.9,180.26,skin_surface,Active Decay
SAMP_4549,11.05,23.3,43.5,257.53,skin_surface,Active Decay
SAMP_4550,16.03,21.6,66.7,346.19,oral_cavity,Active Decay
SAMP_4551,26.99,21.2,85.8,572.27,skin_surface,Advanced Decay
SAMP_4552,0.2,27.6,87.3,5.61,skin_surface,Fresh
SAMP_4553,1.67,24.2,51.6,40.41,skin_surface,Bloat
SAMP_4554,21.73,19.9,47.2,432.44,oral_cavity,Advanced Decay
SAMP_4555,6.13,20.3,76.2,124.53,oral_cavity,Bloat
SAMP_4556,8.31,20.0,42.1,166.29,oral_cavity,Active Decay
SAMP_4557,10.88,25.5,64.3,277.38,skin_surface,Active Decay
SAMP_4558,11.37,20.8,79.8,236.4,oral_cavity,Active Decay
SAMP_4559,26.84,14.8,68.0,397.3,oral_cavity,Advanced Decay
SAMP_4560,30.0,21.8,49.4,654.0,soil_interface,Dry Remains
SAMP_4561,12.74,15.9,64.4,202.49,oral_cavity,Active Decay
SAMP_4562,3.39,30.7,86.1,103.95,skin_surface,Bloat
SAMP_4563,21.18,18.1,70.9,383.39,soil_interface,Advanced Decay
SAMP_4564,0.5,21.4,76.1,10.8,skin_surface,Fresh
SAMP_4565,2.63,23.0,56.8,60.44,skin_surface,Bloat
SAMP_4566,22.77,20.8,49.4,473.57,soil_interface,Advanced Decay
SAMP_4567,2.96,20.8,52.8,61.56,soil_interface,Bloat
SAMP_4568,2.49,23.7,66.7,59.08,skin_surface,Bloat
SAMP_4569,1.49,28.1,54.0,41.77,oral_cavity,Bloat
SAMP_4570,19.6,25.1,67.1,491.91,skin_surface,Advanced Decay
SAMP_4571,6.93,27.9,75.4,193.42,soil_interface,Active Decay
SAMP_4572,11.24,17.8,76.7,200.0,soil_interface,Active Decay
SAMP_4573,2.73,23.3,48.2,63.66,soil_interface,Bloat
SAMP_4574,14.19,22.6,77.5,320.69,skin_surface,Active Decay
SAMP_4575,14.27,23.4,73.6,333.95,skin_surface,Active Decay
SAMP_4576,3.75,27.5,40.6,103.08,oral_cavity,Bloat
SAMP_4577,5.29,21.1,42.9,111.57,oral_cavity,Bloat
SAMP_4578,2.35,20.4,72.3,48.01,skin_surface,Bloat
SAMP_4579,30.0,24.1,59.2,723.0,oral_cavity,Dry Remains
SAMP_4580,10.37,14.9,47.3,154.56,oral_cavity,Active Decay
SAMP_4581,27.26,21.1,42.2,575.27,soil_interface,Advanced Decay
SAMP_4582,3.62,21.5,48.0,77.73,oral_cavity,Bloat
SAMP_4583,15.23,18.3,87.9,278.67,soil_interface,Active Decay
SAMP_4584,14.52,26.2,76.4,380.38,oral_cavity,Advanced Decay
SAMP_4585,11.77,17.8,66.4,209.42,soil_interface,Active Decay
SAMP_4586,30.0,21.5,87.1,645.0,skin_surface,Dry Remains
SAMP_4587,5.0,23.2,71.0,116.03,oral_cavity,Bloat
SAMP_4588,1.4,27.4,76.3,38.38,skin_surface,Bloat
SAMP_4589,11.14,22.0,54.1,245.05,soil_interface,Active Decay
SAMP_4590,13.07,25.7,69.4,335.84,skin_surface,Active Decay
SAMP_4591,8.56,24.8,47.2,212.24,skin_surface,Active Decay
SAMP_4592,2.32,22.5,60.2,52.13,soil_interface,Bloat
SAMP_4593,7.02,17.6,41.7,123.57,oral_cavity,Bloat
SAMP_4594,3.74,16.3,50.8,61.0,soil_interface,Bloat
SAMP_4595,5.58,22.4,43.7,124.92,oral_cavity,Bloat
SAMP_4596,10.36,19.8,59.4,205.18,skin_surface,Active Decay
SAMP_4597,13.67,25.7,82.2,351.4,oral_cavity,Advanced Decay
SAMP_4598,2.64,25.0,58.9,66.06,skin_surface,Bloat
SAMP_4599,5.2,21.3,81.6,110.7,oral_cavity,Bloat
SAMP_4600,3.14,17.4,72.8,54.56,oral_cavity,Bloat
SAMP_4601,2.21,24.0,65.5,53.14,skin_surface,Bloat
SAMP_4602,15.3,17.9,51.8,273.81,skin_surface,Active Decay
SAMP_4603,24.0,19.0,86.1,455.94,skin_surface,Advanced Decay
SAMP_4604,4.62,18.1,42.7,83.7,skin_surface,Bloat
SAMP_4605,13.91,21.4,74.4,297.76,oral_cavity,Active Decay
SAMP_4606,22.73,26.7,71.1,606.89,soil_interface,Dry Remains
SAMP_4607,18.72,22.0,62.1,411.75,oral_cavity,Advanced Decay
SAMP_4608,2.02,20.2,52.0,40.78,oral_cavity,Bloat
SAMP_4609,30.0,15.9,61.5,477.0,skin_surface,Advanced Decay
SAMP_4610,4.73,24.2,83.6,114.39,skin_surface,Bloat
SAMP_4611,4.14,18.9,81.8,78.32,oral_cavity,Bloat
SAMP_4612,0.64,22.5,87.1,14.5,oral_cavity,Fresh
SAMP_4613,6.66,20.6,55.4,137.17,soil_interface,Bloat
SAMP_4614,1.15,25.4,59.4,29.32,skin_surface,Fresh
SAMP_4615,2.86,21.4,40.9,61.15,skin_surface,Bloat
SAMP_4616,3.81,21.8,87.1,83.1,soil_interface,Bloat
SAMP_4617,16.55,23.9,56.5,395.44,oral_cavity,Advanced Decay
SAMP_4618,20.83,30.4,60.2,633.34,skin_surface,Dry Remains
SAMP_4619,3.6,25.6,85.4,92.21,oral_cavity,Bloat
SAMP_4620,19.57,21.6,66.3,422.68,oral_cavity,Advanced Decay
SAMP_4621,19.47,22.0,68.3,428.24,oral_cavity,Advanced Decay
SAMP_4622,14.47,19.9,48.8,287.89,skin_surface,Active Decay
SAMP_4623,1.59,18.2,64.9,28.87,oral_cavity,Fresh
SAMP_4624,11.72,19.8,85.9,232.1,skin_surface,Active Decay
SAMP_4625,29.01,18.9,67.9,548.26,soil_interface,Advanced Decay
SAMP_4626,11.47,24.6,52.8,282.26,skin_surface,Active Decay
SAMP_4627,4.03,17.7,41.6,71.31,oral_cavity,Bloat
SAMP_4628,6.94,27.3,56.8,189.55,oral_cavity,Active Decay
SAMP_4629,10.38,25.0,68.6,259.42,skin_surface,Active Decay
SAMP_4630,7.15,22.1,42.1,157.91,oral_cavity,Active Decay
SAMP_4631,1.28,22.0,70.5,28.11,soil_interface,Fresh
SAMP_4632,3.74,19.8,66.2,74.06,soil_interface,Bloat
SAMP_4633,16.21,23.1,79.2,374.56,skin_surface,Advanced Decay
SAMP_4634,19.76,26.4,41.4,521.74,oral_cavity,Advanced Decay
SAMP_4635,1.48,19.2,79.0,28.36,soil_interface,Fresh
SAMP_4636,30.0,15.9,66.0,477.0,skin_surface,Advanced Decay
SAMP_4637,3.99,24.8,58.5,98.88,skin_surface,Bloat
SAMP_4638,10.86,23.3,88.3,252.95,oral_cavity,Active Decay
SAMP_4639,13.94,17.5,48.0,243.88,skin_surface,Active Decay
SAMP_4640,16.71,19.1,67.1,319.17,soil_interface,Active Decay
SAMP_4641,29.14,18.6,56.0,542.03,oral_cavity,Advanced Decay
SAMP_4642,3.75,19.1,66.4,71.68,soil_interface,Bloat
SAMP_4643,19.56,20.7,67.6,404.79,oral_cavity,Advanced Decay
SAMP_4644,1.41,20.9,44.5,29.51,soil_interface,Fresh
SAMP_4645,12.21,19.4,73.1,236.86,skin_surface,Active Decay
SAMP_4646,13.55,19.0,71.7,257.39,oral_cavity,Active Decay
SAMP_4647,11.32,21.1,78.5,238.92,oral_cavity,Active Decay
SAMP_4648,2.91,22.7,44.5,66.01,skin_surface,Bloat
SAMP_4649,20.64,20.7,54.9,427.23,oral_cavity,Advanced Decay
SAMP_4650,1.85,26.6,72.5,49.2,skin_surface,Bloat
SAMP_4651,0.55,24.0,46.8,13.23,oral_cavity,Fresh
SAMP_4652,12.64,15.6,73.9,197.18,oral_cavity,Active Decay
SAMP_4653,6.45,24.1,43.0,155.51,skin_surface,Active Decay
SAMP_4654,18.91,24.4,56.7,461.43,skin_surface,Advanced Decay
SAMP_4655,4.84,20.3,82.3,98.16,skin_surface,Bloat
SAMP_4656,1.84,16.0,78.7,29.48,skin_surface,Fresh
SAMP_4657,18.11,22.0,72.2,398.33,skin_surface,Advanced Decay
SAMP_4658,7.96,22.0,83.5,175.14,skin_surface,Active Decay
SAMP_4659,2.1,17.5,75.5,36.7,oral_cavity,Bloat
SAMP_4660,12.74,16.2,66.0,206.44,oral_cavity,Active Decay
SAMP_4661,7.16,21.6,89.0,154.58,oral_cavity,Active Decay
SAMP_4662,9.27,21.1,74.7,195.62,skin_surface,Active Decay
SAMP_4663,6.18,20.3,70.1,125.42,skin_surface,Bloat
SAMP_4664,17.64,21.7,60.4,382.87,skin_surface,Advanced Decay
SAMP_4665,17.69,17.6,85.1,311.41,skin_surface,Active Decay
SAMP_4666,12.36,20.3,54.8,250.86,oral_cavity,Active Decay
SAMP_4667,1.11,24.1,40.5,26.84,skin_surface,Fresh
SAMP_4668,18.25,20.6,49.8,376.04,oral_cavity,Advanced Decay
SAMP_4669,11.12,15.3,45.5,170.1,skin_surface,Active Decay
SAMP_4670,11.94,20.1,55.9,240.01,skin_surface,Active Decay
SAMP_4671,4.51,17.7,81.3,79.82,soil_interface,Bloat
SAMP_4672,21.14,23.1,72.6,488.4,soil_interface,Advanced Decay
SAMP_4673,12.92,23.3,48.4,301.11,skin_surface,Active Decay
SAMP_4674,1.19,15.4,79.4,18.4,soil_interface,Fresh
SAMP_4675,5.24,25.0,65.2,130.97,oral_cavity,Bloat
SAMP_4676,21.75,17.6,65.6,382.78,oral_cavity,Advanced Decay
SAMP_4677,0.48,28.2,58.1,13.63,soil_interface,Fresh
SAMP_4678,30.0,21.8,83.2,654.0,soil_interface,Dry Remains
SAMP_4679,11.37,17.0,55.9,193.26,skin_surface,Active Decay
SAMP_4680,9.98,17.4,44.7,173.65,oral_cavity,Active Decay
SAMP_4681,3.15,23.4,55.1,73.82,soil_interface,Bloat
SAMP_4682,2.86,20.4,75.8,58.36,oral_cavity,Bloat
SAMP_4683,28.48,21.6,72.9,615.24,oral_cavity,Dry Remains
SAMP_4684,3.54,28.5,49.4,100.95,skin_surface,Bloat
SAMP_4685,14.94,19.2,45.6,286.83,oral_cavity,Active Decay
SAMP_4686,4.99,22.2,73.0,110.87,oral_cavity,Bloat
SAMP_4687,1.5,27.7,73.8,41.54,soil_interface,Bloat
SAMP_4688,0.11,23.1,58.3,2.49,oral_cavity,Fresh
SAMP_4689,7.86,15.6,82.1,122.59,soil_interface,Bloat
SAMP_4690,30.0,24.0,88.9,720.0,soil_interface,Dry Remains
SAMP_4691,4.61,17.3,50.3,79.7,soil_interface,Bloat
SAMP_4692,4.42,27.6,68.9,121.97,soil_interface,Bloat
SAMP_4693,4.22,18.7,40.3,78.86,skin_surface,Bloat
SAMP_4694,7.35,32.0,75.7,235.23,skin_surface,Active Decay
SAMP_4695,5.81,27.9,60.7,162.1,soil_interface,Active Decay
SAMP_4696,21.2,18.8,49.7,398.48,skin_surface,Advanced Decay
SAMP_4697,7.04,22.1,77.6,155.64,skin_surface,Active Decay
SAMP_4698,7.09,25.0,80.5,177.2,skin_surface,Active Decay
SAMP_4699,1.49,25.1,45.6,37.38,skin_surface,Bloat
SAMP_4700,30.0,23.8,42.0,714.0,skin_surface,Dry Remains
SAMP_4701,2.88,27.0,56.7,77.66,skin_surface,Bloat
SAMP_4702,0.76,21.5,71.3,16.38,skin_surface,Fresh
SAMP_4703,10.88,20.5,79.7,223.06,skin_surface,Active Decay
SAMP_4704,9.05,20.6,67.3,186.38,skin_surface,Active Decay
SAMP_4705,5.36,25.4,69.0,136.24,oral_cavity,Bloat
SAMP_4706,5.49,23.5,80.0,128.9,skin_surface,Bloat
SAMP_4707,15.37,23.2,66.4,356.68,oral_cavity,Advanced Decay
SAMP_4708,2.18,25.2,70.6,54.89,soil_interface,Bloat
SAMP_4709,17.16,13.8,65.8,236.84,soil_interface,Active Decay
SAMP_4710,10.46,23.2,84.0,242.73,skin_surface,Active Decay
SAMP_4711,5.43,22.9,51.8,124.34,soil_interface,Bloat
SAMP_4712,6.13,28.7,53.2,175.8,skin_surface,Active Decay
SAMP_4713,2.97,15.9,46.4,47.16,oral_cavity,Bloat
SAMP_4714,13.95,28.2,81.0,393.33,skin_surface,Advanced Decay
SAMP_4715,7.19,22.3,60.6,160.39,oral_cavity,Active Decay
SAMP_4716,3.87,24.0,57.4,92.86,oral_cavity,Bloat
SAMP_4717,9.06,28.7,89.1,260.16,skin_surface,Active Decay
SAMP_4718,30.0,24.2,86.3,726.0,skin_surface,Dry Remains
SAMP_4719,5.71,23.6,88.6,134.85,skin_surface,Bloat
SAMP_4720,25.34,23.0,47.1,582.91,skin_surface,Advanced Decay
SAMP_4721,4.23,20.1,84.6,85.05,oral_cavity,Bloat
SAMP_4722,0.56,21.9,56.4,12.33,skin_surface,Fresh
SAMP_4723,2.28,19.1,40.6,43.64,oral_cavity,Bloat
SAMP_4724,5.42,21.8,59.6,118.26,oral_cavity,Bloat
SAMP_4725,2.48,12.7,65.5,31.5,skin_surface,Fresh
SAMP_4726,0.1,23.7,45.4,2.37,oral_cavity,Fresh
SAMP_4727,24.65,21.5,66.9,530.0,oral_cavity,Advanced Decay
SAMP_4728,18.57,20.7,81.0,384.43,oral_cavity,Advanced Decay
SAMP_4729,13.56,22.9,58.9,310.51,skin_surface,Active Decay
SAMP_4730,1.84,16.3,57.6,29.94,soil_interface,Fresh
SAMP_4731,1.28,29.7,56.9,38.09,soil_interface,Bloat
SAMP_4732,0.7,21.6,86.2,15.12,skin_surface,Fresh
SAMP_4733,12.87,21.4,42.4,275.52,skin_surface,Active Decay
SAMP_4734,26.42,18.1,62.3,478.27,oral_cavity,Advanced Decay
SAMP_4735,5.63,22.1,53.2,124.44,oral_cavity,Bloat
SAMP_4736,1.27,27.5,84.7,34.89,skin_surface,Fresh
SAMP_4737,7.18,26.1,44.8,187.46,skin_surface,Active Decay
SAMP_4738,4.29,25.4,60.6,108.96,skin_surface,Bloat
SAMP_4739,4.7,24.2,60.3,113.67,oral_cavity,Bloat
SAMP_4740,9.71,20.6,84.4,200.04,oral_cavity,Active Decay
SAMP_4741,12.68,16.2,50.8,205.48,oral_cavity,Active Decay
SAMP_4742,1.17,21.2,72.2,24.85,skin_surface,Fresh
SAMP_4743,0.36,21.1,46.7,7.65,oral_cavity,Fresh
SAMP_4744,30.0,26.2,87.7,786.0,skin_surface,Dry Remains
SAMP_4745,2.65,23.2,69.7,61.46,oral_cavity,Bloat
SAMP_4746,0.55,28.4,71.3,15.71,skin_surface,Fresh
SAMP_4747,2.11,26.8,61.7,56.43,oral_cavity,Bloat
SAMP_4748,0.4,20.2,57.1,8.03,oral_cavity,Fresh
SAMP_4749,4.97,14.8,50.6,73.6,oral_cavity,Bloat
SAMP_4750,16.22,27.5,70.2,445.92,oral_cavity,Advanced Decay
SAMP_4751,4.17,27.4,87.7,114.37,oral_cavity,Bloat
SAMP_4752,5.87,16.5,58.0,96.91,soil_interface,Bloat
SAMP_4753,11.26,28.0,84.2,315.21,oral_cavity,Active Decay
SAMP_4754,7.11,23.5,47.4,167.11,oral_cavity,Active Decay
SAMP_4755,19.76,22.6,86.8,446.69,skin_surface,Advanced Decay
SAMP_4756,20.1,28.5,57.5,572.9,skin_surface,Advanced Decay
SAMP_4757,0.1,27.4,59.0,2.74,oral_cavity,Fresh
SAMP_4758,15.05,24.6,63.1,370.3,skin_surface,Advanced Decay
SAMP_4759,6.18,23.9,75.9,147.59,skin_surface,Bloat
SAMP_4760,30.0,24.5,76.0,735.0,oral_cavity,Dry Remains
SAMP_4761,6.6,20.4,64.0,134.67,skin_surface,Bloat
SAMP_4762,30.0,21.8,66.2,654.0,oral_cavity,Dry Remains
SAMP_4763,14.05,18.4,41.5,258.47,oral_cavity,Active Decay
SAMP_4764,2.86,20.7,55.2,59.17,soil_interface,Bloat
SAMP_4765,7.73,20.5,57.3,158.47,oral_cavity,Active Decay
SAMP_4766,30.0,19.5,67.9,585.0,oral_cavity,Advanced Decay
SAMP_4767,19.49,22.5,67.9,438.44,soil_interface,Advanced Decay
SAMP_4768,1.02,20.7,75.5,21.2,skin_surface,Fresh
SAMP_4769,12.25,24.0,75.9,294.11,skin_surface,Active Decay
SAMP_4770,4.24,15.5,51.8,65.72,skin_surface,Bloat
SAMP_4771,0.1,21.5,78.5,2.15,skin_surface,Fresh
SAMP_4772,5.17,22.5,41.0,116.24,skin_surface,Bloat
SAMP_4773,2.68,20.8,75.8,55.65,oral_cavity,Bloat
SAMP_4774,17.09,21.3,45.1,363.92,skin_surface,Advanced Decay
SAMP_4775,4.11,15.7,76.5,64.6,oral_cavity,Bloat
SAMP_4776,17.57,23.4,66.4,411.25,oral_cavity,Advanced Decay
SAMP_4777,0.1,24.6,61.9,2.46,skin_surface,Fresh
SAMP_4778,3.68,24.0,74.5,88.3,skin_surface,Bloat
SAMP_4779,2.76,26.2,41.8,72.3,oral_cavity,Bloat
SAMP_4780,2.66,22.8,51.2,60.65,oral_cavity,Bloat
SAMP_4781,0.71,23.9,70.8,16.88,skin_surface,Fresh
SAMP_4782,2.07,22.6,82.4,46.82,skin_surface,Bloat
SAMP_4783,8.11,24.8,59.1,201.11,soil_interface,Active Decay
SAMP_4784,3.44,15.7,52.9,54.07,skin_surface,Bloat
SAMP_4785,5.4,18.4,65.9,99.41,soil_interface,Bloat
SAMP_4786,4.73,28.3,71.1,133.86,skin_surface,Bloat
SAMP_4787,20.87,12.2,61.0,254.58,skin_surface,Active Decay
SAMP_4788,23.57,21.4,83.8,504.4,soil_interface,Advanced Decay
SAMP_4789,6.79,26.7,66.2,181.34,soil_interface,Active Decay
SAMP_4790,4.01,21.6,41.8,86.55,skin_surface,Bloat
SAMP_4791,1.13,20.4,51.2,23.04,skin_surface,Fresh
SAMP_4792,30.0,22.5,62.5,675.0,oral_cavity,Dry Remains
SAMP_4793,0.62,20.6,74.9,12.8,soil_interface,Fresh
SAMP_4794,3.53,22.1,51.0,78.08,skin_surface,Bloat
SAMP_4795,3.54,19.3,88.8,68.31,soil_interface,Bloat
SAMP_4796,3.86,26.4,55.9,101.97,oral_cavity,Bloat
SAMP_4797,1.79,27.7,66.6,49.71,oral_cavity,Bloat
SAMP_4798,15.29,21.5,40.9,328.65,skin_surface,Active Decay
SAMP_4799,1.31,16.5,84.2,21.56,soil_interface,Fresh
SAMP_4800,10.08,19.9,79.4,200.51,soil_interface,Active Decay
SAMP_4801,1.32,21.3,49.8,28.16,oral_cavity,Fresh
SAMP_4802,0.73,24.0,86.7,17.56,skin_surface,Fresh
SAMP_4803,24.02,18.0,55.8,432.29,oral_cavity,Advanced Decay
SAMP_4804,2.11,18.9,74.6,39.86,skin_surface,Bloat
SAMP_4805,17.22,24.0,80.9,413.22,skin_surface,Advanced Decay
SAMP_4806,7.87,25.8,77.0,202.95,skin_surface,Active Decay
SAMP_4807,0.81,19.5,85.9,15.81,soil_interface,Fresh
SAMP_4808,30.0,16.7,83.2,501.0,oral_cavity,Advanced Decay
SAMP_4809,2.84,32.0,89.7,90.76,skin_surface,Bloat
SAMP_4810,19.64,25.1,49.1,492.86,skin_surface,Advanced Decay
SAMP_4811,1.85,20.9,55.2,38.64,oral_cavity,Bloat
SAMP_4812,19.24,25.5,71.8,490.56,soil_interface,Advanced Decay
SAMP_4813,0.13,21.5,76.7,2.86,soil_interface,Fresh
SAMP_4814,7.17,25.5,66.7,182.83,oral_cavity,Active Decay
SAMP_4815,14.67,22.6,43.7,331.6,skin_surface,Active Decay
SAMP_4816,27.3,22.4,82.1,611.57,oral_cavity,Dry Remains
SAMP_4817,23.99,21.5,88.0,515.81,skin_surface,Advanced Decay
SAMP_4818,17.13,16.2,60.3,277.46,skin_surface,Active Decay
SAMP_4819,21.91,29.8,51.2,652.91,oral_cavity,Dry Remains
SAMP_4820,2.22,18.2,41.0,40.43,soil_interface,Bloat
SAMP_4821,3.34,16.6,51.9,55.5,skin_surface,Bloat
SAMP_4822,3.41,21.1,75.0,71.96,soil_interface,Bloat
SAMP_4823,4.73,18.2,85.6,86.14,oral_cavity,Bloat
SAMP_4824,5.0,21.8,44.7,108.95,soil_interface,Bloat
SAMP_4825,7.86,24.8,67.7,195.05,skin_surface,Active Decay
SAMP_4826,1.74,26.0,74.8,45.29,oral_cavity,Bloat
SAMP_4827,11.75,25.3,53.8,297.33,oral_cavity,Active Decay
SAMP_4828,1.83,20.8,68.5,38.15,soil_interface,Bloat
SAMP_4829,3.72,22.2,75.8,82.48,skin_surface,Bloat
SAMP_4830,7.0,23.6,81.9,165.17,skin_surface,Active Decay
SAMP_4831,15.92,15.0,62.6,238.77,soil_interface,Active Decay
SAMP_4832,13.45,24.3,77.4,326.84,oral_cavity,Active Decay
SAMP_4833,10.37,16.2,55.1,168.02,skin_surface,Active Decay
SAMP_4834,1.69,30.2,50.7,51.14,skin_surface,Bloat
SAMP_4835,7.92,20.4,49.4,161.56,skin_surface,Active Decay
SAMP_4836,0.92,21.3,57.9,19.49,oral_cavity,Fresh
SAMP_4837,4.74,18.9,41.8,89.55,skin_surface,Bloat
SAMP_4838,5.34,19.5,54.1,104.05,skin_surface,Bloat
SAMP_4839,0.41,31.1,72.6,12.63,skin_surface,Fresh
SAMP_4840,3.2,25.8,72.4,82.61,skin_surface,Bloat
SAMP_4841,30.0,15.8,43.7,474.0,oral_cavity,Advanced Decay
SAMP_4842,30.0,28.0,54.4,840.0,soil_interface,Dry Remains
SAMP_4843,4.34,26.8,68.5,116.41,skin_surface,Bloat
SAMP_4844,0.44,20.9,55.9,9.21,soil_interface,Fresh
SAMP_4845,1.97,23.2,60.9,45.78,oral_cavity,Bloat
SAMP_4846,4.98,21.9,75.6,109.05,oral_cavity,Bloat
SAMP_4847,29.52,29.9,40.5,882.73,oral_cavity,Dry Remains
SAMP_4848,1.52,18.8,53.8,28.62,skin_surface,Fresh
SAMP_4849,14.42,22.6,47.1,325.86,oral_cavity,Active Decay
SAMP_4850,1.15,20.3,46.4,23.36,skin_surface,Fresh
SAMP_4851,30.0,16.3,88.0,489.0,soil_interface,Advanced Decay
SAMP_4852,4.81,30.8,58.8,148.04,oral_cavity,Bloat
SAMP_4853,14.93,17.3,66.4,258.24,oral_cavity,Active Decay
SAMP_4854,4.19,22.9,76.7,96.05,soil_interface,Bloat
SAMP_4855,9.88,15.0,42.4,148.2,oral_cavity,Bloat
SAMP_4856,2.13,20.4,52.1,43.5,skin_surface,Bloat
SAMP_4857,1.58,23.7,81.6,37.41,oral_cavity,Bloat
SAMP_4858,27.82,18.7,83.1,520.17,skin_surface,Advanced Decay
SAMP_4859,24.97,24.3,58.6,606.71,oral_cavity,Dry Remains
SAMP_4860,21.85,20.9,58.7,456.57,skin_surface,Advanced Decay
SAMP_4861,9.82,26.6,77.8,261.21,skin_surface,Active Decay
SAMP_4862,16.52,27.4,54.8,452.55,skin_surface,Advanced Decay
SAMP_4863,0.72,19.7,45.9,14.09,oral_cavity,Fresh
SAMP_4864,4.08,22.3,52.9,90.91,skin_surface,Bloat
SAMP_4865,3.76,22.7,59.4,85.45,oral_cavity,Bloat
SAMP_4866,10.1,24.5,42.6,247.36,soil_interface,Active Decay
SAMP_4867,4.4,22.1,63.9,97.24,skin_surface,Bloat
SAMP_4868,1.61,22.8,77.0,36.65,oral_cavity,Bloat
SAMP_4869,9.07,21.0,65.7,190.57,oral_cavity,Active Decay
SAMP_4870,16.84,22.5,43.6,378.92,oral_cavity,Advanced Decay
SAMP_4871,4.81,27.2,62.0,130.96,oral_cavity,Bloat
SAMP_4872,1.42,24.6,75.4,34.9,skin_surface,Fresh
SAMP_4873,2.19,24.8,42.9,54.32,oral_cavity,Bloat
SAMP_4874,2.71,24.9,43.0,67.51,soil_interface,Bloat
SAMP_4875,3.57,21.4,58.5,76.3,oral_cavity,Bloat
SAMP_4876,10.29,23.3,49.7,239.86,skin_surface,Active Decay
SAMP_4877,9.19,17.7,86.7,162.6,oral_cavity,Active Decay
SAMP_4878,11.91,27.1,69.1,322.76,oral_cavity,Active Decay
SAMP_4879,4.5,12.0,54.4,54.02,soil_interface,Bloat
SAMP_4880,17.37,21.7,75.2,376.98,soil_interface,Advanced Decay
SAMP_4881,2.28,26.6,58.7,60.72,skin_surface,Bloat
SAMP_4882,6.33,16.5,46.6,104.46,skin_surface,Bloat
SAMP_4883,16.14,23.6,51.9,380.94,soil_interface,Advanced Decay
SAMP_4884,1.99,19.3,72.1,38.34,skin_surface,Bloat
SAMP_4885,1.16,20.5,42.6,23.86,oral_cavity,Fresh
SAMP_4886,21.51,25.8,53.6,555.07,oral_cavity,Advanced Decay
SAMP_4887,4.2,22.8,50.4,95.75,skin_surface,Bloat
SAMP_4888,11.52,13.9,50.1,160.07,skin_surface,Active Decay
SAMP_4889,0.26,18.1,74.1,4.65,skin_surface,Fresh
SAMP_4890,11.71,25.9,81.3,303.38,oral_cavity,Active Decay
SAMP_4891,3.8,23.8,75.8,90.43,soil_interface,Bloat
SAMP_4892,0.57,29.0,72.3,16.63,skin_surface,Fresh
SAMP_4893,9.41,28.7,85.8,270.1,skin_surface,Active Decay
SAMP_4894,2.75,20.6,42.9,56.75,oral_cavity,Bloat
SAMP_4895,4.89,32.0,48.4,156.5,soil_interface,Active Decay
SAMP_4896,0.84,22.1,60.7,18.57,skin_surface,Fresh
SAMP_4897,1.59,18.1,58.6,28.81,skin_surface,Fresh
SAMP_4898,3.54,19.5,60.9,68.99,soil_interface,Bloat
SAMP_4899,0.94,13.0,50.3,12.23,soil_interface,Fresh
SAMP_4900,24.17,28.4,47.5,686.48,oral_cavity,Dry Remains
SAMP_4901,0.1,28.4,65.5,2.84,soil_interface,Fresh
SAMP_4902,6.61,17.9,86.4,118.39,skin_surface,Bloat
SAMP_4903,1.32,21.1,59.6,27.75,oral_cavity,Fresh
SAMP_4904,3.68,22.4,42.2,82.37,oral_cavity,Bloat
SAMP_4905,26.04,18.2,75.3,474.02,skin_surface,Advanced Decay
SAMP_4906,1.76,15.0,54.6,26.46,skin_surface,Fresh
SAMP_4907,30.0,21.2,52.3,636.0,skin_surface,Dry Remains
SAMP_4908,2.3,20.7,56.2,47.7,oral_cavity,Bloat
SAMP_4909,13.53,20.4,76.2,276.04,soil_interface,Active Decay
SAMP_4910,7.91,22.9,80.9,181.17,soil_interface,Active Decay
SAMP_4911,21.58,27.7,69.4,597.85,skin_surface,Advanced Decay
SAMP_4912,8.07,20.8,56.1,167.94,soil_interface,Active Decay
SAMP_4913,7.65,22.7,55.5,173.6,soil_interface,Active Decay
SAMP_4914,2.17,24.9,46.2,54.15,oral_cavity,Bloat
SAMP_4915,1.82,24.2,86.7,43.99,skin_surface,Bloat
SAMP_4916,24.83,19.5,71.9,484.14,soil_interface,Advanced Decay
SAMP_4917,3.97,22.4,41.3,88.99,oral_cavity,Bloat
SAMP_4918,4.65,24.2,73.1,112.61,soil_interface,Bloat
SAMP_4919,14.26,17.5,62.4,249.62,oral_cavity,Active Decay
SAMP_4920,4.14,27.1,88.6,112.12,skin_surface,Bloat
SAMP_4921,30.0,27.7,81.0,831.0,skin_surface,Dry Remains
SAMP_4922,13.39,19.1,48.6,255.77,skin_surface,Active Decay
SAMP_4923,9.1,22.8,76.0,207.45,skin_surface,Active Decay
SAMP_4924,21.28,24.6,64.3,523.43,skin_surface,Advanced Decay
SAMP_4925,0.51,19.8,49.4,10.07,skin_surface,Fresh
SAMP_4926,2.97,23.9,74.9,71.02,skin_surface,Bloat
SAMP_4927,6.26,22.7,67.4,142.0,skin_surface,Bloat
SAMP_4928,2.57,16.1,41.5,41.45,skin_surface,Bloat
SAMP_4929,13.62,23.8,72.3,324.21,soil_interface,Active Decay
SAMP_4930,25.16,17.6,71.7,442.79,oral_cavity,Advanced Decay
SAMP_4931,5.51,25.8,47.2,142.22,skin_surface,Bloat
SAMP_4932,4.19,19.3,57.4,80.82,oral_cavity,Bloat
SAMP_4933,30.0,21.4,69.3,642.0,skin_surface,Dry Remains
SAMP_4934,5.89,27.5,46.9,161.84,oral_cavity,Active Decay
SAMP_4935,6.71,24.0,82.6,161.16,skin_surface,Active Decay
SAMP_4936,4.33,17.7,41.4,76.7,oral_cavity,Bloat
SAMP_4937,24.03,17.9,45.1,430.13,oral_cavity,Advanced Decay
SAMP_4938,8.42,19.6,45.8,164.94,skin_surface,Active Decay
SAMP_4939,14.36,23.6,66.4,338.95,skin_surface,Active Decay
SAMP_4940,16.7,23.4,71.0,390.85,skin_surface,Advanced Decay
SAMP_4941,4.18,18.6,60.2,77.81,oral_cavity,Bloat
SAMP_4942,5.69,17.3,54.4,98.37,soil_interface,Bloat
SAMP_4943,18.87,23.1,80.5,435.89,oral_cavity,Advanced Decay
SAMP_4944,4.51,21.3,43.4,96.15,soil_interface,Bloat
SAMP_4945,15.8,30.6,54.0,483.35,skin_surface,Advanced Decay
SAMP_4946,28.3,22.1,42.0,625.45,oral_cavity,Dry Remains
SAMP_4947,9.76,29.3,40.7,285.99,skin_surface,Active Decay
SAMP_4948,13.53,17.3,57.7,234.13,soil_interface,Active Decay
SAMP_4949,16.35,15.7,49.7,256.74,skin_surface,Active Decay
SAMP_4950,18.65,17.5,53.4,326.3,oral_cavity,Active Decay
SAMP_4951,5.03,26.8,81.0,134.7,skin_surface,Bloat
SAMP_4952,0.53,29.0,48.1,15.26,skin_surface,Fresh
SAMP_4953,5.14,18.9,79.0,97.14,soil_interface,Bloat
SAMP_4954,11.2,20.2,73.8,226.26,soil_interface,Active Decay
SAMP_4955,5.98,17.3,56.3,103.54,oral_cavity,Bloat
SAMP_4956,13.82,14.8,67.3,204.56,oral_cavity,Active Decay
SAMP_4957,4.42,24.9,62.2,109.95,oral_cavity,Bloat
SAMP_4958,10.07,22.9,46.4,230.64,soil_interface,Active Decay
SAMP_4959,2.06,22.0,85.4,45.39,skin_surface,Bloat
SAMP_4960,13.84,16.4,68.5,226.94,soil_interface,Active Decay
SAMP_4961,7.89,28.6,84.0,225.65,skin_surface,Active Decay
SAMP_4962,2.28,20.0,81.2,45.65,skin_surface,Bloat
SAMP_4963,3.45,24.1,44.0,83.19,oral_cavity,Bloat
SAMP_4964,13.81,16.2,50.4,223.68,soil_interface,Active Decay
SAMP_4965,6.59,21.2,47.3,139.7,skin_surface,Bloat
SAMP_4966,2.43,23.2,81.5,56.47,soil_interface,Bloat
SAMP_4967,30.0,23.3,83.1,699.0,oral_cavity,Dry Remains
SAMP_4968,12.56,22.6,66.4,283.79,skin_surface,Active Decay
SAMP_4969,30.0,24.0,45.2,720.0,skin_surface,Dry Remains
SAMP_4970,5.57,17.5,46.8,97.48,oral_cavity,Bloat
SAMP_4971,6.45,22.8,80.7,146.96,skin_surface,Bloat
SAMP_4972,22.82,22.5,86.5,513.53,skin_surface,Advanced Decay
SAMP_4973,7.45,22.9,50.0,170.5,oral_cavity,Active Decay
SAMP_4974,12.29,22.3,40.6,273.96,oral_cavity,Active Decay
SAMP_4975,2.91,16.9,56.5,49.11,skin_surface,Bloat
SAMP_4976,5.92,16.7,41.5,98.85,oral_cavity,Bloat
SAMP_4977,1.32,13.1,81.4,17.26,skin_surface,Fresh
SAMP_4978,2.31,25.3,64.6,58.35,skin_surface,Bloat
SAMP_4979,0.1,25.3,72.1,2.53,oral_cavity,Fresh
SAMP_4980,0.4,25.4,60.6,10.17,oral_cavity,Fresh
SAMP_4981,30.0,23.2,57.3,696.0,soil_interface,Dry Remains
SAMP_4982,2.78,13.5,51.1,37.47,oral_cavity,Bloat
SAMP_4983,10.89,17.9,78.5,194.86,skin_surface,Active Decay
SAMP_4984,18.27,22.7,74.8,414.72,skin_surface,Advanced Decay
SAMP_4985,8.0,22.5,58.0,179.99,soil_interface,Active Decay
SAMP_4986,1.66,21.1,56.1,35.07,oral_cavity,Bloat
SAMP_4987,13.02,23.5,40.1,306.06,soil_interface,Active Decay
SAMP_4988,9.17,22.0,43.2,201.72,skin_surface,Active Decay
SAMP_4989,13.14,22.5,71.2,295.64,oral_cavity,Active Decay
SAMP_4990,14.69,19.4,65.7,284.9,oral_cavity,Active Decay
SAMP_4991,30.0,25.9,61.7,777.0,skin_surface,Dry Remains
SAMP_4992,8.52,20.3,81.4,173.02,oral_cavity,Active Decay
SAMP_4993,4.18,16.7,65.2,69.81,oral_cavity,Bloat
SAMP_4994,10.45,18.9,59.2,197.59,soil_interface,Active Decay
SAMP_4995,0.71,20.6,48.1,14.6,oral_cavity,Fresh
SAMP_4996,22.77,26.0,81.0,591.99,skin_surface,Advanced Decay
SAMP_4997,1.27,21.8,68.8,27.71,skin_surface,Fresh
SAMP_4998,3.97,21.3,44.6,84.62,skin_surface,Bloat
SAMP_4999,16.91,17.0,72.4,287.54,oral_cavity,Active Decay
SAMP_5000,9.1,25.1,61.3,228.31,skin_surface,Active Decay
SAMP_5001,5.0,19.4,80.6,97.05,skin_surface,Bloat
SAMP_5002,6.41,21.6,85.9,138.54,oral_cavity,Bloat
SAMP_5003,19.28,27.9,70.0,537.89,oral_cavity,Advanced Decay
SAMP_5004,4.16,24.0,76.6,99.73,oral_cavity,Bloat
SAMP_5005,20.38,15.5,42.8,315.82,oral_cavity,Active Decay
SAMP_5006,0.92,14.9,68.0,13.75,oral_cavity,Fresh
SAMP_5007,15.0,21.7,77.8,325.43,oral_cavity,Active Decay
SAMP_5008,18.81,17.1,64.8,321.63,skin_surface,Active Decay
SAMP_5009,2.01,24.6,69.7,49.36,skin_surface,Bloat
SAMP_5010,5.63,22.2,84.9,124.93,skin_surface,Bloat
SAMP_5011,1.81,22.7,49.9,41.07,skin_surface,Bloat
SAMP_5012,12.26,19.2,44.9,235.44,soil_interface,Active Decay
SAMP_5013,7.66,29.0,74.5,222.28,soil_interface,Active Decay
SAMP_5014,10.09,32.0,81.1,322.8,soil_interface,Active Decay
SAMP_5015,2.19,20.9,82.5,45.72,oral_cavity,Bloat
SAMP_5016,2.38,23.4,72.1,55.68,oral_cavity,Bloat
SAMP_5017,0.42,22.4,81.7,9.49,skin_surface,Fresh
SAMP_5018,3.89,21.0,75.0,81.63,oral_cavity,Bloat
SAMP_5019,8.2,18.7,44.4,153.41,oral_cavity,Active Decay
SAMP_5020,19.51,17.7,78.1,345.41,oral_cavity,Active Decay
SAMP_5021,10.99,17.5,49.0,192.39,soil_interface,Active Decay
SAMP_5022,5.72,23.6,51.8,134.9,oral_cavity,Bloat
SAMP_5023,30.0,19.9,59.7,597.0,skin_surface,Advanced Decay
SAMP_5024,12.7,12.0,55.7,152.43,oral_cavity,Active Decay
SAMP_5025,26.62,23.8,56.1,633.47,skin_surface,Dry Remains
SAMP_5026,7.5,21.8,48.5,163.48,skin_surface,Active Decay
SAMP_5027,3.0,27.4,54.7,82.1,oral_cavity,Bloat
SAMP_5028,0.54,23.5,41.0,12.75,soil_interface,Fresh
SAMP_5029,12.95,16.1,63.6,208.48,skin_surface,Active Decay
SAMP_5030,1.29,13.1,78.4,16.94,skin_surface,Fresh
SAMP_5031,3.61,19.1,83.1,68.88,soil_interface,Bloat
SAMP_5032,7.6,19.5,81.0,148.26,skin_surface,Bloat
SAMP_5033,8.31,25.8,60.8,214.42,skin_surface,Active Decay
SAMP_5034,9.18,22.0,76.5,201.9,oral_cavity,Active Decay
SAMP_5035,1.82,26.5,54.4,48.18,skin_surface,Bloat
SAMP_5036,4.78,16.7,42.8,79.76,oral_cavity,Bloat
SAMP_5037,9.6,25.9,73.8,248.7,oral_cavity,Active Decay
SAMP_5038,30.0,24.9,72.4,747.0,skin_surface,Dry Remains
SAMP_5039,13.01,13.9,80.1,180.78,oral_cavity,Active Decay
SAMP_5040,25.59,27.3,70.8,698.56,skin_surface,Dry Remains
SAMP_5041,14.36,22.4,47.8,321.75,skin_surface,Active Decay
SAMP_5042,8.96,23.6,82.7,211.41,skin_surface,Active Decay
SAMP_5043,2.13,18.5,71.4,39.45,oral_cavity,Bloat
SAMP_5044,10.99,27.1,80.4,297.74,oral_cavity,Active Decay
SAMP_5045,9.77,17.3,78.7,168.94,skin_surface,Active Decay
SAMP_5046,9.22,25.3,54.9,233.39,skin_surface,Active Decay
SAMP_5047,6.73,25.3,43.7,170.25,oral_cavity,Active Decay
SAMP_5048,7.52,18.1,48.8,136.14,skin_surface,Bloat
SAMP_5049,4.07,29.9,44.6,121.73,skin_surface,Bloat
SAMP_5050,7.33,22.9,52.2,167.75,oral_cavity,Active Decay
SAMP_5051,2.2,24.6,63.0,54.14,skin_surface,Bloat
SAMP_5052,16.36,15.9,85.3,260.07,oral_cavity,Active Decay
SAMP_5053,2.06,30.5,83.6,62.68,soil_interface,Bloat
SAMP_5054,0.89,17.1,75.9,15.18,oral_cavity,Fresh
SAMP_5055,5.73,26.1,41.2,149.59,oral_cavity,Bloat
SAMP_5056,10.74,18.0,57.1,193.29,soil_interface,Active Decay
SAMP_5057,5.76,19.5,74.1,112.27,oral_cavity,Bloat
SAMP_5058,3.24,25.2,46.5,81.65,skin_surface,Bloat
SAMP_5059,8.17,26.1,80.1,213.19,oral_cavity,Active Decay
SAMP_5060,4.26,16.9,85.7,72.02,soil_interface,Bloat
SAMP_5061,27.01,26.4,57.7,713.09,soil_interface,Dry Remains
SAMP_5062,25.59,26.2,75.3,670.55,skin_surface,Dry Remains
SAMP_5063,6.98,18.2,47.4,127.02,oral_cavity,Bloat
SAMP_5064,3.97,28.4,74.5,112.84,oral_cavity,Bloat
SAMP_5065,13.36,16.2,41.1,216.45,skin_surface,Active Decay
SAMP_5066,0.37,19.5,47.5,7.29,oral_cavity,Fresh
SAMP_5067,6.44,23.9,75.5,153.9,skin_surface,Active Decay
SAMP_5068,4.1,18.6,75.6,76.25,skin_surface,Bloat
SAMP_5069,25.32,23.1,72.1,585.0,soil_interface,Advanced Decay
SAMP_5070,0.12,23.0,63.9,2.78,oral_cavity,Fresh
SAMP_5071,8.05,21.3,73.7,171.42,skin_surface,Active Decay
SAMP_5072,13.5,25.3,78.7,341.46,skin_surface,Active Decay
SAMP_5073,6.64,21.1,88.3,140.02,skin_surface,Bloat
SAMP_5074,0.89,22.9,84.4,20.44,soil_interface,Fresh
SAMP_5075,30.0,26.6,79.7,798.0,oral_cavity,Dry Remains
SAMP_5076,7.3,25.2,74.7,183.92,skin_surface,Active Decay
SAMP_5077,9.52,25.1,68.7,239.05,soil_interface,Active Decay
SAMP_5078,2.7,17.4,46.0,46.98,oral_cavity,Bloat
SAMP_5079,6.61,24.1,48.3,159.22,oral_cavity,Active Decay
SAMP_5080,5.61,18.5,81.0,103.72,oral_cavity,Bloat
SAMP_5081,0.78,16.9,80.2,13.16,skin_surface,Fresh
SAMP_5082,1.12,21.7,70.7,24.35,skin_surface,Fresh
SAMP_5083,18.17,18.4,61.9,334.31,oral_cavity,Active Decay
SAMP_5084,2.74,25.2,41.3,69.1,skin_surface,Bloat
SAMP_5085,2.17,25.3,56.4,54.87,soil_interface,Bloat
SAMP_5086,7.03,14.4,61.0,101.23,soil_interface,Bloat
SAMP_5087,14.64,18.7,64.3,273.81,skin_surface,Active Decay
SAMP_5088,0.64,16.2,86.5,10.36,skin_surface,Fresh
SAMP_5089,8.6,20.1,45.4,172.85,soil_interface,Active Decay
SAMP_5090,1.27,23.8,65.9,30.21,oral_cavity,Fresh
SAMP_5091,0.37,21.0,58.4,7.8,skin_surface,Fresh
SAMP_5092,0.54,19.6,89.5,10.62,skin_surface,Fresh
SAMP_5093,17.97,27.2,83.1,488.72,oral_cavity,Advanced Decay
SAMP_5094,1.26,12.8,61.9,16.07,oral_cavity,Fresh
SAMP_5095,0.46,26.9,90.0,12.43,oral_cavity,Fresh
SAMP_5096,5.76,19.8,65.7,114.06,skin_surface,Bloat
SAMP_5097,18.58,21.7,48.4,403.16,skin_surface,Advanced Decay
SAMP_5098,3.04,19.9,67.8,60.57,soil_interface,Bloat
SAMP_5099,5.48,28.2,51.3,154.45,skin_surface,Active Decay
SAMP_5100,0.41,17.1,71.8,6.97,oral_cavity,Fresh
SAMP_5101,5.96,22.0,86.9,131.16,skin_surface,Bloat
SAMP_5102,8.62,24.1,79.3,207.7,oral_cavity,Active Decay
SAMP_5103,8.46,15.6,53.7,131.99,oral_cavity,Bloat
SAMP_5104,4.04,18.3,54.8,73.95,oral_cavity,Bloat
SAMP_5105,3.79,21.4,43.5,81.13,oral_cavity,Bloat
SAMP_5106,1.13,18.5,54.3,20.86,oral_cavity,Fresh
SAMP_5107,4.57,18.7,44.6,85.45,oral_cavity,Bloat
SAMP_5108,1.05,20.6,65.0,21.59,skin_surface,Fresh
SAMP_5109,14.55,24.6,75.4,357.93,oral_cavity,Advanced Decay
SAMP_5110,30.0,20.6,77.6,618.0,oral_cavity,Dry Remains
SAMP_5111,30.0,26.3,43.0,789.0,soil_interface,Dry Remains
SAMP_5112,20.03,18.0,57.0,360.54,skin_surface,Advanced Decay
SAMP_5113,9.18,17.0,54.4,156.11,oral_cavity,Active Decay
SAMP_5114,12.07,29.7,45.2,358.44,oral_cavity,Advanced Decay
SAMP_5115,3.36,19.4,58.1,65.14,skin_surface,Bloat
SAMP_5116,9.96,16.8,55.0,167.38,skin_surface,Active Decay
SAMP_5117,6.08,15.0,71.7,91.22,oral_cavity,Bloat
SAMP_5118,6.58,26.3,84.2,173.0,oral_cavity,Active Decay
SAMP_5119,14.18,20.6,62.7,292.09,soil_interface,Active Decay
SAMP_5120,3.31,21.0,77.3,69.55,skin_surface,Bloat
SAMP_5121,3.83,21.4,47.3,81.92,skin_surface,Bloat
SAMP_5122,25.86,26.1,84.7,674.82,oral_cavity,Dry Remains
SAMP_5123,0.58,21.3,47.6,12.33,oral_cavity,Fresh
SAMP_5124,6.65,31.4,49.6,208.75,skin_surface,Active Decay
SAMP_5125,24.4,22.5,45.3,548.9,soil_interface,Advanced Decay
SAMP_5126,9.43,26.2,55.5,246.95,oral_cavity,Active Decay
SAMP_5127,7.91,25.2,67.6,199.22,soil_interface,Active Decay
SAMP_5128,2.87,21.9,89.4,62.93,oral_cavity,Bloat
SAMP_5129,4.2,19.7,79.7,82.84,skin_surface,Bloat
SAMP_5130,19.11,23.3,59.0,445.23,oral_cavity,Advanced Decay
SAMP_5131,8.19,24.0,68.8,196.61,skin_surface,Active Decay
SAMP_5132,7.23,19.7,71.2,142.45,skin_surface,Bloat
SAMP_5133,1.05,22.7,81.1,23.81,skin_surface,Fresh
SAMP_5134,0.16,26.9,76.8,4.35,skin_surface,Fresh
SAMP_5135,30.0,30.3,68.5,909.0,oral_cavity,Dry Remains
SAMP_5136,4.73,25.4,73.5,120.19,skin_surface,Bloat
SAMP_5137,9.24,29.5,77.3,272.68,oral_cavity,Active Decay
SAMP_5138,0.83,19.5,46.7,16.2,skin_surface,Fresh
SAMP_5139,11.49,24.8,50.0,285.01,oral_cavity,Active Decay
SAMP_5140,26.97,27.4,74.4,738.87,skin_surface,Dry Remains
SAMP_5141,8.57,18.4,82.5,157.73,skin_surface,Active Decay
SAMP_5142,1.35,20.1,60.5,27.1,oral_cavity,Fresh
SAMP_5143,8.72,29.0,89.0,252.77,soil_interface,Active Decay
SAMP_5144,14.54,18.1,50.8,263.16,soil_interface,Active Decay
SAMP_5145,5.22,16.6,60.8,86.58,skin_surface,Bloat
SAMP_5146,21.19,28.1,58.9,595.41,oral_cavity,Advanced Decay
SAMP_5147,10.46,26.8,86.5,280.35,skin_surface,Active Decay
SAMP_5148,22.95,23.7,54.3,543.94,soil_interface,Advanced Decay
SAMP_5149,9.77,21.8,63.5,212.95,oral_cavity,Active Decay
SAMP_5150,1.41,20.2,49.4,28.43,soil_interface,Fresh
SAMP_5151,3.71,23.1,66.1,85.61,soil_interface,Bloat
SAMP_5152,2.25,28.3,82.9,63.79,skin_surface,Bloat
SAMP_5153,23.95,23.0,55.2,550.85,skin_surface,Advanced Decay
SAMP_5154,14.29,30.7,80.5,438.64,skin_surface,Advanced Decay
SAMP_5155,11.28,18.4,85.6,207.6,skin_surface,Active Decay
SAMP_5156,3.58,21.9,43.6,78.41,oral_cavity,Bloat
SAMP_5157,2.03,20.5,77.8,41.7,oral_cavity,Bloat
SAMP_5158,14.12,17.7,52.8,250.0,skin_surface,Active Decay
SAMP_5159,6.43,21.4,48.8,137.55,oral_cavity,Bloat
SAMP_5160,2.56,23.7,70.1,60.65,skin_surface,Bloat
SAMP_5161,9.59,24.1,75.3,231.05,soil_interface,Active Decay
SAMP_5162,0.41,30.7,59.7,12.64,oral_cavity,Fresh
SAMP_5163,3.95,23.9,42.0,94.35,oral_cavity,Bloat
SAMP_5164,6.32,26.6,85.4,168.15,skin_surface,Active Decay
SAMP_5165,1.6,22.3,76.5,35.71,oral_cavity,Bloat
SAMP_5166,30.0,28.7,53.6,861.0,soil_interface,Dry Remains
SAMP_5167,2.35,31.6,64.8,74.13,oral_cavity,Bloat
SAMP_5168,1.4,24.1,41.4,33.66,skin_surface,Fresh
SAMP_5169,2.28,18.0,57.0,40.96,oral_cavity,Bloat
SAMP_5170,14.66,19.8,66.1,290.19,oral_cavity,Active Decay
SAMP_5171,5.54,23.1,65.9,128.04,oral_cavity,Bloat
SAMP_5172,8.33,23.8,50.4,198.34,oral_cavity,Active Decay
SAMP_5173,0.21,24.8,78.8,5.27,skin_surface,Fresh
SAMP_5174,0.35,23.8,54.9,8.34,skin_surface,Fresh
SAMP_5175,5.9,22.0,69.0,129.86,oral_cavity,Bloat
SAMP_5176,16.96,19.5,53.6,330.8,oral_cavity,Active Decay
SAMP_5177,21.65,23.6,61.3,510.92,skin_surface,Advanced Decay
SAMP_5178,0.91,29.4,50.4,26.67,skin_surface,Fresh
SAMP_5179,7.73,26.1,71.7,201.75,skin_surface,Active Decay
SAMP_5180,24.44,24.1,61.3,589.12,oral_cavity,Advanced Decay
SAMP_5181,4.91,26.1,40.8,128.15,soil_interface,Bloat
SAMP_5182,17.69,20.5,41.4,362.73,soil_interface,Advanced Decay
SAMP_5183,1.44,20.0,63.6,28.7,oral_cavity,Fresh
SAMP_5184,27.39,19.0,49.2,520.5,skin_surface,Advanced Decay
SAMP_5185,13.92,21.5,69.3,299.28,skin_surface,Active Decay
SAMP_5186,28.36,20.3,60.4,575.69,soil_interface,Advanced Decay
SAMP_5187,11.29,26.8,72.7,302.55,skin_surface,Active Decay
SAMP_5188,4.52,20.1,87.6,90.78,soil_interface,Bloat
SAMP_5189,27.84,18.8,66.4,523.31,oral_cavity,Advanced Decay
SAMP_5190,3.22,29.8,79.4,96.06,oral_cavity,Bloat
SAMP_5191,4.04,20.2,77.7,81.55,skin_surface,Bloat
SAMP_5192,12.07,22.6,86.1,272.71,skin_surface,Active Decay
SAMP_5193,14.5,23.8,50.7,344.98,skin_surface,Active Decay
SAMP_5194,26.51,17.5,81.4,463.89,soil_interface,Advanced Decay
SAMP_5195,2.29,26.9,85.3,61.65,skin_surface,Bloat
SAMP_5196,15.99,24.5,59.6,391.87,skin_surface,Advanced Decay
SAMP_5197,13.41,28.2,55.7,378.3,skin_surface,Advanced Decay
SAMP_5198,0.66,19.3,87.6,12.72,skin_surface,Fresh
SAMP_5199,4.9,22.4,71.4,109.7,skin_surface,Bloat
SAMP_5200,3.32,22.2,59.0,73.78,skin_surface,Bloat
SAMP_5201,3.63,23.1,79.6,83.88,skin_surface,Bloat
SAMP_5202,30.0,16.2,55.2,486.0,oral_cavity,Advanced Decay
SAMP_5203,10.29,22.4,48.8,230.58,oral_cavity,Active Decay
SAMP_5204,12.65,16.3,67.2,206.15,soil_interface,Active Decay
SAMP_5205,30.0,23.4,68.3,702.0,oral_cavity,Dry Remains
SAMP_5206,4.74,13.5,81.3,63.93,oral_cavity,Bloat
SAMP_5207,16.19,14.6,62.9,236.33,skin_surface,Active Decay
SAMP_5208,5.7,25.3,80.7,144.24,oral_cavity,Bloat
SAMP_5209,20.37,19.8,55.6,403.25,skin_surface,Advanced Decay
SAMP_5210,1.99,18.0,68.8,35.87,oral_cavity,Bloat
SAMP_5211,29.5,27.1,50.4,799.58,oral_cavity,Dry Remains
SAMP_5212,2.47,23.3,59.3,57.52,soil_interface,Bloat
SAMP_5213,3.95,25.5,82.9,100.69,skin_surface,Bloat
SAMP_5214,14.11,21.3,50.8,300.62,oral_cavity,Active Decay
SAMP_5215,5.0,32.0,80.5,160.15,skin_surface,Active Decay
SAMP_5216,9.37,19.6,54.1,183.66,skin_surface,Active Decay
SAMP_5217,5.88,29.0,41.7,170.53,skin_surface,Active Decay
SAMP_5218,13.56,21.8,45.5,295.66,skin_surface,Active Decay
SAMP_5219,2.59,15.4,77.3,39.92,oral_cavity,Bloat
SAMP_5220,0.6,23.9,53.1,14.4,skin_surface,Fresh
SAMP_5221,3.57,23.3,72.7,83.08,oral_cavity,Bloat
SAMP_5222,6.43,17.8,75.0,114.46,oral_cavity,Bloat
SAMP_5223,1.84,18.3,57.3,33.66,skin_surface,Fresh
SAMP_5224,4.38,21.9,63.7,95.96,skin_surface,Bloat
SAMP_5225,5.11,23.4,60.2,119.53,skin_surface,Bloat
SAMP_5226,0.59,12.1,87.4,7.15,oral_cavity,Fresh
SAMP_5227,8.75,26.2,56.0,229.36,soil_interface,Active Decay
SAMP_5228,21.57,20.0,49.2,431.43,soil_interface,Advanced Decay
SAMP_5229,1.65,16.7,58.3,27.48,skin_surface,Fresh
SAMP_5230,9.11,25.8,73.5,234.99,oral_cavity,Active Decay
SAMP_5231,10.93,21.9,74.9,239.33,skin_surface,Active Decay
SAMP_5232,5.44,26.9,86.2,146.22,oral_cavity,Bloat
SAMP_5233,12.08,23.8,84.1,287.42,skin_surface,Active Decay
SAMP_5234,5.29,22.0,54.4,116.35,skin_surface,Bloat
SAMP_5235,7.02,21.4,62.8,150.33,oral_cavity,Active Decay
SAMP_5236,0.1,23.9,77.4,2.39,oral_cavity,Fresh
SAMP_5237,11.77,20.3,85.8,238.88,oral_cavity,Active Decay
SAMP_5238,10.83,18.6,56.9,201.39,skin_surface,Active Decay
SAMP_5239,0.39,24.4,62.2,9.55,oral_cavity,Fresh
SAMP_5240,4.59,21.4,85.0,98.28,skin_surface,Bloat
SAMP_5241,30.0,22.1,57.9,663.0,oral_cavity,Dry Remains
SAMP_5242,5.46,26.4,64.0,144.14,oral_cavity,Bloat
SAMP_5243,6.97,21.5,85.2,149.86,skin_surface,Bloat
SAMP_5244,24.07,22.1,80.1,531.98,skin_surface,Advanced Decay
SAMP_5245,12.63,19.6,52.2,247.59,skin_surface,Active Decay
SAMP_5246,8.72,23.7,56.2,206.77,oral_cavity,Active Decay
SAMP_5247,15.99,23.4,57.6,374.05,oral_cavity,Advanced Decay
SAMP_5248,19.98,25.6,85.6,511.44,soil_interface,Advanced Decay
SAMP_5249,6.1,19.7,89.9,120.26,skin_surface,Bloat
SAMP_5250,6.45,20.2,78.7,130.2,skin_surface,Bloat
SAMP_5251,4.88,25.2,64.2,122.94,oral_cavity,Bloat
SAMP_5252,30.0,23.0,40.5,690.0,oral_cavity,Dry Remains
SAMP_5253,11.95,18.4,74.9,219.8,skin_surface,Active Decay
SAMP_5254,0.87,27.2,59.5,23.63,soil_interface,Fresh
SAMP_5255,19.87,15.2,71.6,302.1,soil_interface,Active Decay
SAMP_5256,6.55,25.1,70.3,164.41,soil_interface,Active Decay
SAMP_5257,0.71,16.9,64.0,12.04,oral_cavity,Fresh
SAMP_5258,7.98,29.5,87.2,235.37,soil_interface,Active Decay
SAMP_5259,5.4,15.8,41.2,85.3,soil_interface,Bloat
SAMP_5260,21.02,26.6,75.6,559.05,oral_cavity,Advanced Decay
SAMP_5261,2.28,21.7,60.5,49.51,skin_surface,Bloat
SAMP_5262,17.51,20.5,75.7,359.03,skin_surface,Advanced Decay
SAMP_5263,8.16,22.7,73.8,185.17,oral_cavity,Active Decay
SAMP_5264,0.56,24.5,40.5,13.76,skin_surface,Fresh
SAMP_5265,30.0,18.4,54.3,552.0,soil_interface,Advanced Decay
SAMP_5266,7.19,18.7,49.5,134.4,soil_interface,Bloat
SAMP_5267,3.44,24.6,48.3,84.56,soil_interface,Bloat
SAMP_5268,6.34,15.2,76.4,96.33,skin_surface,Bloat
SAMP_5269,19.51,19.7,52.0,384.33,skin_surface,Advanced Decay
SAMP_5270,3.64,32.0,63.7,116.39,skin_surface,Bloat
SAMP_5271,2.14,18.1,52.3,38.74,skin_surface,Bloat
SAMP_5272,1.38,26.6,69.0,36.76,oral_cavity,Bloat
SAMP_5273,3.54,19.7,76.0,69.66,skin_surface,Bloat
SAMP_5274,15.14,24.0,56.6,363.44,oral_cavity,Advanced Decay
SAMP_5275,6.38,24.6,70.2,156.94,oral_cavity,Active Decay
SAMP_5276,2.58,26.5,81.2,68.4,oral_cavity,Bloat
SAMP_5277,1.82,21.2,44.7,38.53,soil_interface,Bloat
SAMP_5278,4.05,30.0,75.5,121.37,oral_cavity,Bloat
SAMP_5279,28.12,19.6,56.2,551.18,skin_surface,Advanced Decay
SAMP_5280,4.2,22.9,46.1,96.21,soil_interface,Bloat
SAMP_5281,30.0,23.0,67.3,690.0,skin_surface,Dry Remains
SAMP_5282,6.64,17.5,51.3,116.21,oral_cavity,Bloat
SAMP_5283,1.97,20.9,81.1,41.26,skin_surface,Bloat
SAMP_5284,22.18,22.6,42.1,501.2,oral_cavity,Advanced Decay
SAMP_5285,6.17,20.3,44.9,125.22,oral_cavity,Bloat
SAMP_5286,12.37,31.8,66.0,393.28,soil_interface,Advanced Decay
SAMP_5287,30.0,18.6,69.4,558.0,oral_cavity,Advanced Decay
SAMP_5288,0.51,26.7,76.5,13.74,skin_surface,Fresh
SAMP_5289,1.02,25.4,53.0,25.83,skin_surface,Fresh
SAMP_5290,12.75,21.9,82.1,279.14,oral_cavity,Active Decay
SAMP_5291,3.31,18.5,87.7,61.24,skin_surface,Bloat
SAMP_5292,2.04,18.9,65.0,38.5,oral_cavity,Bloat
SAMP_5293,0.4,19.9,78.0,7.99,oral_cavity,Fresh
SAMP_5294,0.22,14.9,66.2,3.29,skin_surface,Fresh
SAMP_5295,14.89,18.0,43.5,268.09,oral_cavity,Active Decay
SAMP_5296,1.44,16.1,56.3,23.24,skin_surface,Fresh
SAMP_5297,6.31,27.4,44.4,172.78,oral_cavity,Active Decay
SAMP_5298,9.31,24.5,89.4,228.13,skin_surface,Active Decay
SAMP_5299,5.59,25.1,51.5,140.37,skin_surface,Bloat
SAMP_5300,0.27,24.4,71.8,6.71,skin_surface,Fresh
SAMP_5301,15.3,22.7,54.2,347.35,soil_interface,Active Decay
SAMP_5302,0.11,27.8,72.7,2.94,skin_surface,Fresh
SAMP_5303,14.35,19.6,50.5,281.26,soil_interface,Active Decay
SAMP_5304,22.38,22.4,79.3,501.26,oral_cavity,Advanced Decay
SAMP_5305,5.67,25.0,45.5,141.78,soil_interface,Bloat
SAMP_5306,7.67,16.7,84.8,128.07,skin_surface,Bloat
SAMP_5307,6.48,32.0,82.0,207.41,skin_surface,Active Decay
SAMP_5308,4.93,22.1,73.9,108.95,soil_interface,Bloat
SAMP_5309,21.84,22.6,43.4,493.61,skin_surface,Advanced Decay
SAMP_5310,22.44,27.0,50.4,605.8,soil_interface,Dry Remains
SAMP_5311,4.09,25.7,83.0,105.16,skin_surface,Bloat
SAMP_5312,9.55,22.2,46.1,211.94,skin_surface,Active Decay
SAMP_5313,26.16,22.5,47.8,588.61,skin_surface,Advanced Decay
SAMP_5314,30.0,16.0,67.2,480.0,oral_cavity,Advanced Decay
SAMP_5315,7.11,19.8,53.7,140.82,skin_surface,Bloat
SAMP_5316,6.03,24.1,51.1,145.32,soil_interface,Bloat
SAMP_5317,3.27,23.8,68.8,77.75,skin_surface,Bloat
SAMP_5318,30.0,26.9,58.6,807.0,skin_surface,Dry Remains
SAMP_5319,1.54,21.5,47.0,33.13,skin_surface,Fresh
SAMP_5320,8.67,16.5,66.7,143.07,oral_cavity,Bloat
SAMP_5321,3.32,26.2,59.4,87.0,oral_cavity,Bloat
SAMP_5322,3.27,27.7,76.7,90.61,oral_cavity,Bloat
SAMP_5323,5.19,25.6,45.1,132.9,oral_cavity,Bloat
SAMP_5324,30.0,21.3,71.0,639.0,skin_surface,Dry Remains
SAMP_5325,0.57,26.2,61.8,14.81,soil_interface,Fresh
SAMP_5326,8.64,32.0,60.3,276.49,oral_cavity,Active Decay
SAMP_5327,0.86,22.5,51.6,19.39,oral_cavity,Fresh
SAMP_5328,1.68,16.8,41.5,28.2,oral_cavity,Fresh
SAMP_5329,5.79,19.7,82.4,114.07,oral_cavity,Bloat
SAMP_5330,7.14,24.5,56.3,175.0,skin_surface,Active Decay
SAMP_5331,2.99,15.6,74.1,46.72,oral_cavity,Bloat
SAMP_5332,3.8,22.7,87.4,86.37,oral_cavity,Bloat
SAMP_5333,0.91,23.5,68.2,21.38,soil_interface,Fresh
SAMP_5334,3.61,28.1,59.9,101.52,oral_cavity,Bloat
SAMP_5335,30.0,27.2,53.4,816.0,skin_surface,Dry Remains
SAMP_5336,28.95,25.5,86.7,738.25,skin_surface,Dry Remains
SAMP_5337,4.08,13.3,74.1,54.24,oral_cavity,Bloat
SAMP_5338,8.46,25.7,73.3,217.41,soil_interface,Active Decay
SAMP_5339,24.03,24.8,61.3,596.06,skin_surface,Advanced Decay
SAMP_5340,0.1,23.0,82.3,2.3,oral_cavity,Fresh
SAMP_5341,16.64,15.1,75.7,251.31,oral_cavity,Active Decay
SAMP_5342,29.64,18.9,54.2,560.13,skin_surface,Advanced Decay
SAMP_5343,0.96,17.3,70.0,16.57,skin_surface,Fresh
SAMP_5344,1.76,13.9,61.5,24.47,skin_surface,Fresh
SAMP_5345,30.0,22.0,40.3,660.0,oral_cavity,Dry Remains
SAMP_5346,7.71,18.8,80.4,144.98,oral_cavity,Bloat
SAMP_5347,0.14,32.0,46.1,4.58,skin_surface,Fresh
SAMP_5348,2.98,21.3,65.5,63.45,soil_interface,Bloat
SAMP_5349,5.98,27.2,56.8,162.58,skin_surface,Active Decay
SAMP_5350,11.81,15.7,57.1,185.36,oral_cavity,Active Decay
SAMP_5351,13.21,19.9,63.9,262.9,soil_interface,Active Decay
SAMP_5352,30.0,22.4,89.9,672.0,skin_surface,Dry Remains
SAMP_5353,3.39,18.4,60.4,62.37,skin_surface,Bloat
SAMP_5354,7.73,20.3,49.1,156.85,oral_cavity,Active Decay
SAMP_5355,7.62,21.1,70.7,160.81,skin_surface,Active Decay
SAMP_5356,5.2,21.1,51.8,109.78,soil_interface,Bloat
SAMP_5357,1.85,29.4,45.3,54.48,oral_cavity,Bloat
SAMP_5358,30.0,23.5,42.5,705.0,skin_surface,Dry Remains
SAMP_5359,19.19,23.9,41.1,458.76,skin_surface,Advanced Decay
SAMP_5360,6.9,24.2,61.6,166.94,oral_cavity,Active Decay
SAMP_5361,9.24,24.5,61.3,226.49,skin_surface,Active Decay
SAMP_5362,2.58,21.7,49.3,55.95,oral_cavity,Bloat
SAMP_5363,7.85,20.7,79.2,162.45,skin_surface,Active Decay
SAMP_5364,11.87,22.7,46.5,269.53,soil_interface,Active Decay
SAMP_5365,7.24,26.6,85.8,192.57,soil_interface,Active Decay
SAMP_5366,30.0,26.5,69.4,795.0,soil_interface,Dry Remains
SAMP_5367,9.45,21.0,41.4,198.46,skin_surface,Active Decay
SAMP_5368,4.64,25.1,88.1,116.36,skin_surface,Bloat
SAMP_5369,14.79,21.2,55.4,313.56,skin_surface,Active Decay
SAMP_5370,1.87,22.1,62.5,41.3,oral_cavity,Bloat
SAMP_5371,4.85,20.1,54.2,97.55,oral_cavity,Bloat
SAMP_5372,4.26,21.3,76.4,90.76,skin_surface,Bloat
SAMP_5373,5.65,27.4,64.3,154.89,oral_cavity,Active Decay
SAMP_5374,15.22,22.4,46.6,340.98,soil_interface,Active Decay
SAMP_5375,6.62,22.5,45.2,148.95,skin_surface,Bloat
SAMP_5376,15.8,16.2,76.3,255.95,oral_cavity,Active Decay
SAMP_5377,8.59,20.8,51.9,178.71,oral_cavity,Active Decay
SAMP_5378,4.19,21.0,46.9,87.92,soil_interface,Bloat
SAMP_5379,16.61,18.7,65.0,310.54,soil_interface,Active Decay
SAMP_5380,2.72,22.1,80.1,60.15,oral_cavity,Bloat
SAMP_5381,2.54,20.3,53.9,51.58,skin_surface,Bloat
SAMP_5382,7.02,22.3,53.8,156.59,skin_surface,Active Decay
SAMP_5383,3.02,22.5,81.7,68.01,skin_surface,Bloat
SAMP_5384,0.1,18.2,47.4,1.82,skin_surface,Fresh
SAMP_5385,10.45,20.4,70.8,213.17,oral_cavity,Active Decay
SAMP_5386,7.16,22.3,87.8,159.58,skin_surface,Active Decay
SAMP_5387,5.9,26.7,82.1,157.46,oral_cavity,Active Decay
SAMP_5388,30.0,23.0,43.1,690.0,oral_cavity,Dry Remains
SAMP_5389,8.47,19.4,56.0,164.27,oral_cavity,Active Decay
SAMP_5390,19.91,23.6,47.1,469.86,oral_cavity,Advanced Decay
SAMP_5391,1.5,28.8,87.5,43.25,skin_surface,Bloat
SAMP_5392,8.42,25.7,89.3,216.43,oral_cavity,Active Decay
SAMP_5393,20.25,24.2,51.7,490.0,skin_surface,Advanced Decay
SAMP_5394,8.75,24.9,73.5,217.86,skin_surface,Active Decay
SAMP_5395,12.66,27.8,82.1,351.92,soil_interface,Advanced Decay
SAMP_5396,4.65,26.3,51.7,122.37,skin_surface,Bloat
SAMP_5397,0.97,24.3,49.4,23.57,soil_interface,Fresh
SAMP_5398,6.12,26.3,40.6,161.04,oral_cavity,Active Decay
SAMP_5399,5.02,17.7,60.6,88.8,skin_surface,Bloat
SAMP_5400,20.18,16.0,85.0,322.86,oral_cavity,Active Decay
SAMP_5401,2.8,22.6,85.1,63.21,skin_surface,Bloat
SAMP_5402,30.0,22.3,46.4,669.0,oral_cavity,Dry Remains
SAMP_5403,30.0,19.8,50.2,594.0,skin_surface,Advanced Decay
SAMP_5404,2.85,25.3,60.4,71.99,oral_cavity,Bloat
SAMP_5405,4.28,14.5,79.0,62.03,oral_cavity,Bloat
SAMP_5406,22.59,19.9,70.6,449.56,skin_surface,Advanced Decay
SAMP_5407,30.0,20.1,65.7,603.0,soil_interface,Dry Remains
SAMP_5408,5.86,15.5,69.6,90.83,oral_cavity,Bloat
SAMP_5409,3.87,28.0,44.8,108.4,soil_interface,Bloat
SAMP_5410,7.47,16.6,63.9,123.96,oral_cavity,Bloat
SAMP_5411,11.64,19.6,89.6,228.15,skin_surface,Active Decay
SAMP_5412,3.19,25.6,44.4,81.79,soil_interface,Bloat
SAMP_5413,13.34,24.6,66.0,328.07,oral_cavity,Active Decay
SAMP_5414,0.53,17.6,54.8,9.33,skin_surface,Fresh
SAMP_5415,0.51,24.7,67.0,12.49,oral_cavity,Fresh
SAMP_5416,4.88,23.2,68.7,113.27,oral_cavity,Bloat
SAMP_5417,4.36,31.3,68.9,136.51,skin_surface,Bloat
SAMP_5418,3.79,23.6,82.6,89.51,skin_surface,Bloat
SAMP_5419,6.75,21.4,59.5,144.52,soil_interface,Bloat
SAMP_5420,3.87,18.6,65.8,71.93,oral_cavity,Bloat
SAMP_5421,2.14,19.0,40.5,40.57,skin_surface,Bloat
SAMP_5422,3.7,18.7,79.5,69.25,skin_surface,Bloat
SAMP_5423,30.0,27.5,53.0,825.0,soil_interface,Dry Remains
SAMP_5424,5.3,22.1,80.8,117.02,oral_cavity,Bloat
SAMP_5425,5.88,24.3,53.3,142.95,soil_interface,Bloat
SAMP_5426,8.59,28.1,40.5,241.47,skin_surface,Active Decay
SAMP_5427,30.0,12.6,47.7,378.0,skin_surface,Advanced Decay
SAMP_5428,2.77,27.1,89.3,74.94,oral_cavity,Bloat
SAMP_5429,11.43,22.2,56.0,253.85,soil_interface,Active Decay
SAMP_5430,12.59,23.7,45.4,298.32,skin_surface,Active Decay
SAMP_5431,9.35,18.7,45.9,174.8,skin_surface,Active Decay
SAMP_5432,0.93,19.0,55.5,17.62,skin_surface,Fresh
SAMP_5433,11.3,24.0,41.9,271.13,oral_cavity,Active Decay
SAMP_5434,0.66,31.5,65.6,20.87,oral_cavity,Fresh
SAMP_5435,9.07,26.0,50.7,235.74,soil_interface,Active Decay
SAMP_5436,13.45,27.1,66.0,364.62,oral_cavity,Advanced Decay
SAMP_5437,2.37,21.2,47.0,50.23,soil_interface,Bloat
SAMP_5438,18.43,19.6,61.5,361.18,skin_surface,Advanced Decay
SAMP_5439,0.31,18.9,69.9,5.83,oral_cavity,Fresh
SAMP_5440,18.57,20.0,43.1,371.34,skin_surface,Advanced Decay
SAMP_5441,6.17,13.8,59.9,85.12,skin_surface,Bloat
SAMP_5442,2.45,19.1,55.1,46.87,skin_surface,Bloat
SAMP_5443,1.44,19.8,52.0,28.44,soil_interface,Fresh
SAMP_5444,30.0,21.3,70.2,639.0,oral_cavity,Dry Remains
SAMP_5445,0.75,22.5,69.4,16.97,soil_interface,Fresh
SAMP_5446,2.22,23.4,71.5,51.95,skin_surface,Bloat
SAMP_5447,4.27,21.9,47.9,93.61,soil_interface,Bloat
SAMP_5448,9.68,19.7,54.3,190.74,oral_cavity,Active Decay
SAMP_5449,7.87,14.1,50.5,110.97,oral_cavity,Bloat
SAMP_5450,1.34,19.7,67.0,26.45,skin_surface,Fresh
SAMP_5451,3.42,18.1,63.1,61.92,oral_cavity,Bloat
SAMP_5452,2.73,23.9,56.5,65.2,soil_interface,Bloat
SAMP_5453,2.4,25.6,79.3,61.5,oral_cavity,Bloat
SAMP_5454,5.3,25.8,44.7,136.63,oral_cavity,Bloat
SAMP_5455,12.18,25.0,88.7,304.38,oral_cavity,Active Decay
SAMP_5456,2.45,21.5,45.8,52.72,oral_cavity,Bloat
SAMP_5457,4.57,19.9,78.7,90.9,skin_surface,Bloat
SAMP_5458,4.96,19.0,58.4,94.2,skin_surface,Bloat
SAMP_5459,30.0,16.0,83.3,480.0,oral_cavity,Advanced Decay
SAMP_5460,30.0,26.0,43.7,780.0,oral_cavity,Dry Remains
SAMP_5461,16.1,21.3,58.7,342.96,oral_cavity,Active Decay
SAMP_5462,2.77,17.0,56.8,47.03,oral_cavity,Bloat
SAMP_5463,0.7,18.7,89.7,13.18,skin_surface,Fresh
SAMP_5464,3.81,18.5,89.3,70.51,skin_surface,Bloat
SAMP_5465,3.1,22.2,49.5,68.89,skin_surface,Bloat
SAMP_5466,7.05,26.3,71.5,185.43,soil_interface,Active Decay
SAMP_5467,15.04,20.6,66.8,309.79,soil_interface,Active Decay
SAMP_5468,19.54,13.0,47.7,254.05,skin_surface,Active Decay
SAMP_5469,18.63,21.2,48.4,395.05,skin_surface,Advanced Decay
SAMP_5470,4.46,21.4,89.5,95.4,soil_interface,Bloat
SAMP_5471,11.62,21.1,62.6,245.25,skin_surface,Active Decay
SAMP_5472,3.75,19.5,46.3,73.16,oral_cavity,Bloat
SAMP_5473,0.63,22.9,50.7,14.39,skin_surface,Fresh
SAMP_5474,12.09,22.3,53.4,269.65,soil_interface,Active Decay
SAMP_5475,0.1,21.9,65.5,2.19,soil_interface,Fresh
SAMP_5476,5.26,23.7,56.8,124.72,oral_cavity,Bloat
SAMP_5477,4.0,20.3,62.8,81.11,soil_interface,Bloat
SAMP_5478,11.82,20.1,48.3,237.61,soil_interface,Active Decay
SAMP_5479,14.53,27.5,56.3,399.71,oral_cavity,Advanced Decay
SAMP_5480,3.63,24.2,43.5,87.74,soil_interface,Bloat
SAMP_5481,16.69,25.3,84.5,422.34,soil_interface,Advanced Decay
SAMP_5482,3.48,26.9,49.9,93.62,oral_cavity,Bloat
SAMP_5483,5.91,24.1,77.8,142.47,skin_surface,Bloat
SAMP_5484,12.98,25.7,57.5,333.68,oral_cavity,Active Decay
SAMP_5485,11.81,15.7,63.7,185.36,skin_surface,Active Decay
SAMP_5486,30.0,22.8,54.6,684.0,soil_interface,Dry Remains
SAMP_5487,2.55,21.3,74.8,54.34,skin_surface,Bloat
SAMP_5488,10.86,28.7,82.2,311.58,skin_surface,Active Decay
SAMP_5489,9.41,25.7,54.3,241.78,soil_interface,Active Decay
SAMP_5490,24.66,19.5,52.1,480.92,soil_interface,Advanced Decay
SAMP_5491,1.7,23.5,74.1,39.96,oral_cavity,Bloat
SAMP_5492,13.94,22.7,49.8,316.33,soil_interface,Active Decay
SAMP_5493,8.4,23.8,72.0,199.91,oral_cavity,Active Decay
SAMP_5494,3.21,17.9,44.7,57.48,oral_cavity,Bloat
SAMP_5495,6.43,23.4,71.0,150.53,skin_surface,Active Decay
SAMP_5496,4.06,21.1,65.7,85.69,skin_surface,Bloat
SAMP_5497,8.66,23.1,45.7,200.02,skin_surface,Active Decay
SAMP_5498,21.98,19.1,72.5,419.86,oral_cavity,Advanced Decay
SAMP_5499,8.42,19.7,62.3,165.94,oral_cavity,Active Decay
SAMP_5500,9.99,26.7,50.9,266.71,soil_interface,Active Decay
SAMP_5501,7.31,17.8,57.7,130.18,oral_cavity,Bloat
SAMP_5502,0.53,18.1,64.6,9.51,oral_cavity,Fresh
SAMP_5503,2.65,21.8,44.6,57.79,soil_interface,Bloat
SAMP_5504,6.77,18.9,87.9,128.01,skin_surface,Bloat
SAMP_5505,3.71,18.5,73.3,68.71,oral_cavity,Bloat
SAMP_5506,2.01,22.4,45.1,44.94,oral_cavity,Bloat
SAMP_5507,7.01,16.0,81.1,112.23,soil_interface,Bloat
SAMP_5508,3.9,18.0,56.1,70.16,soil_interface,Bloat
SAMP_5509,2.99,30.2,69.8,90.16,oral_cavity,Bloat
SAMP_5510,6.24,23.8,53.9,148.42,skin_surface,Bloat
SAMP_5511,1.43,19.0,76.7,27.18,oral_cavity,Fresh
SAMP_5512,26.28,23.7,76.2,622.73,soil_interface,Dry Remains
SAMP_5513,20.23,24.3,67.6,491.52,oral_cavity,Advanced Decay
SAMP_5514,12.3,26.0,52.0,319.72,skin_surface,Active Decay
SAMP_5515,1.12,21.5,52.7,24.14,skin_surface,Fresh
SAMP_5516,14.96,25.9,59.1,387.35,skin_surface,Advanced Decay
SAMP_5517,16.5,13.8,47.3,227.71,soil_interface,Active Decay
SAMP_5518,14.6,17.8,56.9,259.88,skin_surface,Active Decay
SAMP_5519,1.21,22.7,74.2,27.47,soil_interface,Fresh
SAMP_5520,10.33,23.3,81.5,240.59,oral_cavity,Active Decay
SAMP_5521,17.98,18.4,56.6,330.78,oral_cavity,Active Decay
SAMP_5522,8.61,23.0,51.7,198.08,skin_surface,Active Decay
SAMP_5523,10.4,19.5,81.6,202.72,skin_surface,Active Decay
SAMP_5524,6.13,20.9,84.5,128.15,skin_surface,Bloat
SAMP_5525,7.52,26.1,60.5,196.34,soil_interface,Active Decay
SAMP_5526,0.35,25.6,41.3,8.96,skin_surface,Fresh
SAMP_5527,10.19,18.0,74.7,183.38,soil_interface,Active Decay
SAMP_5528,0.85,17.8,79.2,15.12,skin_surface,Fresh
SAMP_5529,5.71,20.4,40.9,116.47,oral_cavity,Bloat
SAMP_5530,3.46,21.9,69.8,75.83,oral_cavity,Bloat
SAMP_5531,7.88,19.4,69.4,152.95,soil_interface,Active Decay
SAMP_5532,1.43,26.2,58.9,37.52,oral_cavity,Bloat
SAMP_5533,11.76,23.4,77.5,275.3,oral_cavity,Active Decay
SAMP_5534,15.85,23.6,61.4,374.01,oral_cavity,Advanced Decay
SAMP_5535,1.78,16.9,73.8,30.14,skin_surface,Fresh
SAMP_5536,1.1,26.7,65.9,29.41,skin_surface,Fresh
SAMP_5537,1.57,12.0,52.4,18.87,oral_cavity,Fresh
SAMP_5538,20.97,25.3,70.3,530.44,skin_surface,Advanced Decay
SAMP_5539,7.51,25.7,76.8,193.05,oral_cavity,Active Decay
SAMP_5540,6.3,20.3,88.7,127.83,skin_surface,Bloat
SAMP_5541,1.13,27.1,59.0,30.58,soil_interface,Fresh
SAMP_5542,10.49,21.7,43.2,227.54,skin_surface,Active Decay
SAMP_5543,20.25,22.2,89.4,449.54,skin_surface,Advanced Decay
SAMP_5544,17.61,23.4,71.2,412.15,oral_cavity,Advanced Decay
SAMP_5545,9.84,32.0,87.3,314.77,soil_interface,Active Decay
SAMP_5546,0.78,27.4,45.2,21.44,oral_cavity,Fresh
SAMP_5547,1.19,24.8,57.1,29.57,oral_cavity,Fresh
SAMP_5548,0.51,18.3,46.7,9.25,soil_interface,Fresh
SAMP_5549,2.98,22.6,81.8,67.28,soil_interface,Bloat
SAMP_5550,1.46,18.7,84.0,27.26,soil_interface,Fresh
SAMP_5551,3.01,25.3,65.1,76.2,soil_interface,Bloat
SAMP_5552,4.86,22.6,49.3,109.89,soil_interface,Bloat
SAMP_5553,28.64,17.5,46.4,501.27,skin_surface,Advanced Decay
SAMP_5554,9.43,22.3,69.4,210.19,oral_cavity,Active Decay
SAMP_5555,18.02,18.6,65.3,335.11,soil_interface,Active Decay
SAMP_5556,12.39,22.6,74.7,280.03,soil_interface,Active Decay
SAMP_5557,1.19,18.6,55.3,22.2,oral_cavity,Fresh
SAMP_5558,13.32,22.1,60.1,294.26,skin_surface,Active Decay
SAMP_5559,3.22,25.0,41.1,80.43,oral_cavity,Bloat
SAMP_5560,10.19,21.8,70.5,222.18,soil_interface,Active Decay
SAMP_5561,4.17,20.4,61.2,85.06,skin_surface,Bloat
SAMP_5562,30.0,22.8,86.0,684.0,oral_cavity,Dry Remains
SAMP_5563,3.06,24.8,72.1,75.87,oral_cavity,Bloat
SAMP_5564,3.27,17.6,59.9,57.6,soil_interface,Bloat
SAMP_5565,26.69,23.0,53.2,613.85,skin_surface,Dry Remains
SAMP_5566,0.25,27.3,85.3,6.81,skin_surface,Fresh
SAMP_5567,11.93,24.3,40.8,289.9,skin_surface,Active Decay
SAMP_5568,12.92,22.2,56.3,286.86,oral_cavity,Active Decay
SAMP_5569,18.1,24.6,87.2,445.31,oral_cavity,Advanced Decay
SAMP_5570,30.0,23.8,72.7,714.0,skin_surface,Dry Remains
SAMP_5571,30.0,25.0,66.6,750.0,skin_surface,Dry Remains
SAMP_5572,0.68,13.9,50.2,9.38,oral_cavity,Fresh
SAMP_5573,17.25,15.8,81.7,272.56,skin_surface,Active Decay
SAMP_5574,10.39,26.0,50.2,270.23,oral_cavity,Active Decay
SAMP_5575,10.42,16.0,52.4,166.76,soil_interface,Active Decay
SAMP_5576,1.37,23.6,49.6,32.42,oral_cavity,Fresh
SAMP_5577,10.5,20.6,47.9,216.37,oral_cavity,Active Decay
SAMP_5578,30.0,18.0,87.7,540.0,oral_cavity,Advanced Decay
SAMP_5579,24.28,23.4,70.1,568.24,oral_cavity,Advanced Decay
SAMP_5580,5.78,22.8,71.9,131.84,oral_cavity,Bloat
SAMP_5581,0.41,30.4,87.7,12.39,skin_surface,Fresh
SAMP_5582,4.5,19.5,51.5,87.73,skin_surface,Bloat
SAMP_5583,17.51,27.8,40.3,486.76,oral_cavity,Advanced Decay
SAMP_5584,12.09,23.4,69.9,282.9,skin_surface,Active Decay
SAMP_5585,6.15,19.4,65.4,119.3,soil_interface,Bloat
SAMP_5586,0.57,25.2,63.9,14.28,oral_cavity,Fresh
SAMP_5587,5.57,24.3,43.1,135.27,skin_surface,Bloat
SAMP_5588,6.33,22.1,62.7,139.9,oral_cavity,Bloat
SAMP_5589,26.39,23.1,54.4,609.57,oral_cavity,Dry Remains
SAMP_5590,10.25,19.6,53.7,200.84,skin_surface,Active Decay
SAMP_5591,3.73,18.7,51.1,69.84,oral_cavity,Bloat
SAMP_5592,7.45,25.0,56.6,186.28,soil_interface,Active Decay
SAMP_5593,0.68,21.1,57.7,14.42,oral_cavity,Fresh
SAMP_5594,30.0,21.7,55.4,651.0,skin_surface,Dry Remains
SAMP_5595,4.46,23.1,88.9,103.11,skin_surface,Bloat
SAMP_5596,6.5,23.1,86.6,150.11,oral_cavity,Active Decay
SAMP_5597,4.39,16.3,68.7,71.55,skin_surface,Bloat
SAMP_5598,11.47,27.1,89.1,310.92,skin_surface,Active Decay
SAMP_5599,10.85,22.5,89.6,244.21,skin_surface,Active Decay
SAMP_5600,12.56,21.2,57.8,266.36,soil_interface,Active Decay
SAMP_5601,3.12,23.7,62.3,73.98,oral_cavity,Bloat
SAMP_5602,3.79,22.9,88.0,86.86,skin_surface,Bloat
SAMP_5603,1.34,25.1,70.4,33.59,oral_cavity,Fresh
SAMP_5604,10.66,24.2,50.6,257.9,oral_cavity,Active Decay
SAMP_5605,0.41,24.9,74.5,10.11,oral_cavity,Fresh
SAMP_5606,9.11,27.4,50.3,249.48,soil_interface,Active Decay
SAMP_5607,20.38,25.5,57.0,519.66,skin_surface,Advanced Decay
SAMP_5608,22.15,21.4,51.4,473.98,oral_cavity,Advanced Decay
SAMP_5609,5.96,17.5,52.2,104.32,oral_cavity,Bloat
SAMP_5610,6.15,28.7,40.2,176.48,oral_cavity,Active Decay
SAMP_5611,0.8,21.0,84.0,16.82,oral_cavity,Fresh
SAMP_5612,11.11,20.1,54.8,223.31,oral_cavity,Active Decay
SAMP_5613,17.22,15.1,44.3,259.99,oral_cavity,Active Decay
SAMP_5614,2.81,23.4,44.3,65.66,oral_cavity,Bloat
SAMP_5615,5.47,22.6,67.8,123.62,skin_surface,Bloat
SAMP_5616,18.25,15.9,89.6,290.23,soil_interface,Active Decay
SAMP_5617,20.97,23.8,47.3,498.98,skin_surface,Advanced Decay
SAMP_5618,2.79,20.0,45.0,55.73,soil_interface,Bloat
SAMP_5619,8.0,32.0,61.9,255.93,oral_cavity,Active Decay
SAMP_5620,2.14,19.7,68.2,42.12,skin_surface,Bloat
SAMP_5621,1.07,20.3,54.7,21.81,oral_cavity,Fresh
SAMP_5622,24.2,18.5,55.1,447.79,soil_interface,Advanced Decay
SAMP_5623,17.18,27.1,61.2,465.48,soil_interface,Advanced Decay
SAMP_5624,14.27,20.5,55.7,292.59,skin_surface,Active Decay
SAMP_5625,0.5,19.1,85.8,9.55,soil_interface,Fresh
SAMP_5626,18.56,24.8,42.1,460.33,skin_surface,Advanced Decay
SAMP_5627,5.76,16.5,51.7,95.09,oral_cavity,Bloat
SAMP_5628,4.19,24.5,80.4,102.69,skin_surface,Bloat
SAMP_5629,7.91,29.1,81.7,230.1,skin_surface,Active Decay
SAMP_5630,0.96,24.3,45.6,23.28,oral_cavity,Fresh
SAMP_5631,14.13,24.6,88.7,347.66,skin_surface,Active Decay
SAMP_5632,8.73,25.5,74.7,222.7,skin_surface,Active Decay
SAMP_5633,2.07,28.8,53.6,59.48,oral_cavity,Bloat
SAMP_5634,2.09,26.8,62.8,55.89,skin_surface,Bloat
SAMP_5635,2.04,23.8,54.9,48.47,skin_surface,Bloat
SAMP_5636,0.59,25.6,47.5,15.03,oral_cavity,Fresh
SAMP_5637,8.86,18.5,54.6,163.95,skin_surface,Active Decay
SAMP_5638,18.35,25.1,69.0,460.52,soil_interface,Advanced Decay
SAMP_5639,0.18,18.0,81.3,3.18,soil_interface,Fresh
SAMP_5640,0.5,20.5,58.2,10.3,skin_surface,Fresh
SAMP_5641,8.5,12.0,57.4,102.05,oral_cavity,Bloat
SAMP_5642,17.12,23.6,63.4,404.03,oral_cavity,Advanced Decay
SAMP_5643,3.96,19.4,72.2,76.75,oral_cavity,Bloat
SAMP_5644,4.3,26.4,77.6,113.57,oral_cavity,Bloat
SAMP_5645,9.07,23.6,56.3,214.1,soil_interface,Active Decay
SAMP_5646,3.2,26.5,69.3,84.93,soil_interface,Bloat
SAMP_5647,0.27,17.7,59.5,4.77,soil_interface,Fresh
SAMP_5648,13.29,26.2,75.8,348.17,oral_cavity,Active Decay
SAMP_5649,9.83,30.4,48.2,298.7,oral_cavity,Active Decay
SAMP_5650,8.69,25.1,52.8,218.19,skin_surface,Active Decay
SAMP_5651,13.54,25.2,61.3,341.1,skin_surface,Active Decay
SAMP_5652,11.25,22.7,84.5,255.29,skin_surface,Active Decay
SAMP_5653,2.31,19.9,68.7,45.87,skin_surface,Bloat
SAMP_5654,4.35,25.0,88.3,108.65,skin_surface,Bloat
SAMP_5655,1.35,16.0,45.2,21.57,skin_surface,Fresh
SAMP_5656,1.39,20.3,63.0,28.24,skin_surface,Fresh
SAMP_5657,11.28,14.9,61.0,168.01,skin_surface,Active Decay
SAMP_5658,19.56,19.2,70.0,375.58,oral_cavity,Advanced Decay
SAMP_5659,30.0,24.6,80.6,738.0,skin_surface,Dry Remains
SAMP_5660,9.9,24.0,82.1,237.55,oral_cavity,Active Decay
SAMP_5661,2.03,22.2,73.5,45.17,oral_cavity,Bloat
SAMP_5662,1.12,22.7,72.1,25.35,oral_cavity,Fresh
SAMP_5663,16.76,14.5,87.5,243.0,oral_cavity,Active Decay
SAMP_5664,8.65,20.5,59.2,177.23,soil_interface,Active Decay
SAMP_5665,9.63,19.3,81.6,185.87,skin_surface,Active Decay
SAMP_5666,15.21,19.4,86.1,295.03,soil_interface,Active Decay
SAMP_5667,12.15,24.4,64.6,296.45,oral_cavity,Active Decay
SAMP_5668,17.99,18.6,76.5,334.53,oral_cavity,Active Decay
SAMP_5669,0.58,19.6,58.9,11.34,skin_surface,Fresh
SAMP_5670,13.76,13.7,47.9,188.57,oral_cavity,Active Decay
SAMP_5671,19.03,20.8,69.3,395.79,skin_surface,Advanced Decay
SAMP_5672,3.37,17.6,49.8,59.32,skin_surface,Bloat
SAMP_5673,10.23,22.3,62.9,228.11,soil_interface,Active Decay
SAMP_5674,3.77,18.2,83.6,68.63,skin_surface,Bloat
SAMP_5675,30.0,22.4,44.3,672.0,skin_surface,Dry Remains
SAMP_5676,0.34,21.4,41.5,7.27,oral_cavity,Fresh
SAMP_5677,8.67,28.7,70.3,248.83,skin_surface,Active Decay
SAMP_5678,1.82,24.0,56.6,43.71,skin_surface,Bloat
SAMP_5679,12.46,14.6,60.9,181.85,oral_cavity,Active Decay
SAMP_5680,1.93,16.9,60.3,32.69,oral_cavity,Fresh
SAMP_5681,2.68,22.2,44.3,59.58,skin_surface,Bloat
SAMP_5682,6.82,18.3,40.2,124.8,soil_interface,Bloat
SAMP_5683,24.63,12.0,84.9,295.58,oral_cavity,Active Decay
SAMP_5684,2.38,27.4,50.9,65.18,skin_surface,Bloat
SAMP_5685,1.56,24.9,61.3,38.79,skin_surface,Bloat
SAMP_5686,14.23,24.1,88.6,342.91,skin_surface,Active Decay
SAMP_5687,6.94,19.6,81.3,136.1,soil_interface,Bloat
SAMP_5688,24.28,23.7,45.4,575.43,skin_surface,Advanced Decay
SAMP_5689,1.59,19.2,65.4,30.44,soil_interface,Fresh
SAMP_5690,10.38,22.8,76.5,236.72,skin_surface,Active Decay
SAMP_5691,2.65,18.3,74.9,48.52,oral_cavity,Bloat
SAMP_5692,1.71,28.1,78.0,47.91,skin_surface,Bloat
SAMP_5693,11.5,15.7,62.9,180.58,soil_interface,Active Decay
SAMP_5694,9.01,26.9,48.8,242.27,soil_interface,Active Decay
SAMP_5695,14.06,22.2,63.2,312.09,oral_cavity,Active Decay
SAMP_5696,3.7,20.0,72.4,74.06,oral_cavity,Bloat
SAMP_5697,5.94,22.7,70.4,134.87,skin_surface,Bloat
SAMP_5698,5.2,24.9,43.5,129.48,skin_surface,Bloat
SAMP_5699,30.0,27.5,43.2,825.0,oral_cavity,Dry Remains
SAMP_5700,3.46,23.3,88.3,80.54,oral_cavity,Bloat
SAMP_5701,3.49,18.4,47.6,64.27,skin_surface,Bloat
SAMP_5702,4.38,22.2,54.7,97.19,skin_surface,Bloat
SAMP_5703,8.31,29.3,78.4,243.62,soil_interface,Active Decay
SAMP_5704,2.91,27.4,60.5,79.67,soil_interface,Bloat
SAMP_5705,24.69,25.6,49.1,631.94,oral_cavity,Dry Remains
SAMP_5706,3.09,25.2,63.4,77.82,soil_interface,Bloat
SAMP_5707,22.62,24.8,68.4,560.88,skin_surface,Advanced Decay
SAMP_5708,1.09,26.6,62.6,29.05,soil_interface,Fresh
SAMP_5709,10.69,20.2,85.9,215.89,oral_cavity,Active Decay
SAMP_5710,23.75,16.6,54.2,394.25,oral_cavity,Advanced Decay
SAMP_5711,1.85,22.3,73.1,41.22,skin_surface,Bloat
SAMP_5712,30.0,18.7,45.6,561.0,soil_interface,Advanced Decay
SAMP_5713,6.03,17.8,59.6,107.35,soil_interface,Bloat
SAMP_5714,29.14,19.1,77.0,556.48,skin_surface,Advanced Decay
SAMP_5715,11.3,31.9,51.2,360.33,oral_cavity,Advanced Decay
SAMP_5716,3.59,22.5,69.5,80.76,skin_surface,Bloat
SAMP_5717,2.09,23.4,47.7,48.82,soil_interface,Bloat
SAMP_5718,3.62,17.1,45.1,61.91,skin_surface,Bloat
SAMP_5719,0.98,14.6,66.2,14.25,skin_surface,Fresh
SAMP_5720,1.55,18.7,73.8,29.05,oral_cavity,Fresh
SAMP_5721,1.11,27.8,45.7,30.73,skin_surface,Fresh
SAMP_5722,5.5,23.3,85.9,128.11,skin_surface,Bloat
SAMP_5723,15.88,24.4,51.3,387.37,soil_interface,Advanced Decay
SAMP_5724,1.52,25.0,46.0,38.11,skin_surface,Bloat
SAMP_5725,1.4,19.6,50.1,27.37,skin_surface,Fresh
SAMP_5726,10.31,27.6,48.5,284.62,soil_interface,Active Decay
SAMP_5727,2.2,19.5,44.5,42.83,oral_cavity,Bloat
SAMP_5728,1.03,27.6,79.9,28.35,oral_cavity,Fresh
SAMP_5729,1.83,23.8,64.8,43.44,skin_surface,Bloat
SAMP_5730,25.73,14.8,59.4,380.88,oral_cavity,Advanced Decay
SAMP_5731,17.23,19.0,87.5,327.37,oral_cavity,Active Decay
SAMP_5732,4.37,14.9,58.6,65.12,soil_interface,Bloat
SAMP_5733,10.67,26.7,48.3,284.78,skin_surface,Active Decay
SAMP_5734,7.71,21.9,53.7,168.77,oral_cavity,Active Decay
SAMP_5735,11.3,13.1,51.9,148.09,oral_cavity,Bloat
SAMP_5736,11.48,23.5,64.9,269.74,oral_cavity,Active Decay
SAMP_5737,9.91,19.9,54.6,197.18,skin_surface,Active Decay
SAMP_5738,3.09,16.1,65.8,49.81,oral_cavity,Bloat
SAMP_5739,0.4,28.7,73.5,11.42,soil_interface,Fresh
SAMP_5740,6.08,22.4,78.9,136.19,skin_surface,Bloat
SAMP_5741,22.16,20.8,75.5,460.96,oral_cavity,Advanced Decay
SAMP_5742,8.43,20.4,50.3,171.93,oral_cavity,Active Decay
SAMP_5743,17.86,15.9,45.8,283.99,skin_surface,Active Decay
SAMP_5744,30.0,16.8,67.1,504.0,oral_cavity,Advanced Decay
SAMP_5745,1.79,27.1,49.9,48.42,skin_surface,Bloat
SAMP_5746,11.77,20.1,44.2,236.56,soil_interface,Active Decay
SAMP_5747,11.22,22.1,66.4,247.91,oral_cavity,Active Decay
SAMP_5748,30.0,13.8,56.3,414.0,oral_cavity,Advanced Decay
SAMP_5749,30.0,16.7,77.8,501.0,soil_interface,Advanced Decay
SAMP_5750,11.61,24.4,55.7,283.17,oral_cavity,Active Decay
SAMP_5751,2.79,23.5,88.9,65.61,oral_cavity,Bloat
SAMP_5752,16.02,29.0,77.9,464.65,oral_cavity,Advanced Decay
SAMP_5753,1.13,27.4,42.9,31.02,soil_interface,Fresh
SAMP_5754,15.17,21.1,65.4,320.15,soil_interface,Active Decay
SAMP_5755,24.1,23.9,68.1,576.02,oral_cavity,Advanced Decay
SAMP_5756,4.83,20.7,74.8,99.9,skin_surface,Bloat
SAMP_5757,9.96,30.2,64.9,300.78,oral_cavity,Active Decay
SAMP_5758,5.62,26.6,64.2,149.59,skin_surface,Bloat
SAMP_5759,5.76,22.7,58.4,130.71,oral_cavity,Bloat
SAMP_5760,3.72,22.8,53.6,84.73,oral_cavity,Bloat
SAMP_5761,14.36,27.8,87.3,399.22,soil_interface,Advanced Decay
SAMP_5762,27.52,24.3,55.9,668.65,oral_cavity,Dry Remains
SAMP_5763,28.26,28.2,43.2,796.93,oral_cavity,Dry Remains
SAMP_5764,1.92,13.2,48.4,25.36,soil_interface,Fresh
SAMP_5765,20.77,23.8,82.9,494.42,skin_surface,Advanced Decay
SAMP_5766,13.37,19.9,69.3,266.11,skin_surface,Active Decay
SAMP_5767,2.91,29.0,78.9,84.53,soil_interface,Bloat
SAMP_5768,0.7,28.2,80.4,19.64,skin_surface,Fresh
SAMP_5769,3.12,22.1,81.2,68.95,oral_cavity,Bloat
SAMP_5770,24.33,28.1,67.5,683.61,oral_cavity,Dry Remains
SAMP_5771,10.03,29.1,48.9,291.84,oral_cavity,Active Decay
SAMP_5772,12.77,22.3,47.4,284.71,oral_cavity,Active Decay
SAMP_5773,2.97,31.9,68.7,94.83,skin_surface,Bloat
SAMP_5774,12.71,21.9,58.3,278.3,oral_cavity,Active Decay
SAMP_5775,0.29,21.1,67.9,6.02,skin_surface,Fresh
SAMP_5776,4.71,25.5,64.9,119.98,oral_cavity,Bloat
SAMP_5777,9.86,20.6,70.1,203.02,oral_cavity,Active Decay
SAMP_5778,1.58,22.3,41.6,35.22,skin_surface,Bloat
SAMP_5779,17.32,27.6,41.6,477.93,oral_cavity,Advanced Decay
SAMP_5780,2.68,22.1,76.1,59.21,oral_cavity,Bloat
SAMP_5781,10.56,15.2,49.7,160.57,soil_interface,Active Decay
SAMP_5782,5.2,23.5,72.6,122.09,skin_surface,Bloat
SAMP_5783,9.06,19.2,67.3,174.04,skin_surface,Active Decay
SAMP_5784,1.14,25.5,89.1,28.99,skin_surface,Fresh
SAMP_5785,0.17,24.8,81.8,4.23,skin_surface,Fresh
SAMP_5786,24.03,27.9,60.7,670.47,oral_cavity,Dry Remains
SAMP_5787,3.14,25.6,70.8,80.44,oral_cavity,Bloat
SAMP_5788,17.13,26.4,45.9,452.23,skin_surface,Advanced Decay
SAMP_5789,30.0,19.3,59.3,579.0,oral_cavity,Advanced Decay
SAMP_5790,2.38,25.2,76.7,59.86,oral_cavity,Bloat
SAMP_5791,3.08,29.9,71.1,92.13,oral_cavity,Bloat
SAMP_5792,10.87,19.2,64.2,208.75,oral_cavity,Active Decay
SAMP_5793,30.0,29.2,48.8,876.0,soil_interface,Dry Remains
SAMP_5794,24.75,19.8,80.2,490.0,oral_cavity,Advanced Decay
SAMP_5795,6.99,18.6,53.7,130.0,oral_cavity,Bloat
SAMP_5796,15.85,23.2,81.0,367.79,skin_surface,Advanced Decay
SAMP_5797,1.46,24.9,70.6,36.33,skin_surface,Bloat
SAMP_5798,30.0,25.6,58.6,768.0,skin_surface,Dry Remains
SAMP_5799,30.0,18.2,42.0,546.0,skin_surface,Advanced Decay
SAMP_5800,1.79,23.7,51.6,42.38,skin_surface,Bloat
SAMP_5801,3.56,19.3,84.5,68.68,skin_surface,Bloat
SAMP_5802,1.06,16.0,80.9,16.89,oral_cavity,Fresh
SAMP_5803,3.17,18.3,68.7,58.02,oral_cavity,Bloat
SAMP_5804,16.93,19.0,63.3,321.59,soil_interface,Active Decay
SAMP_5805,4.75,24.1,72.4,114.55,oral_cavity,Bloat
SAMP_5806,0.93,26.6,63.3,24.62,oral_cavity,Fresh
SAMP_5807,4.19,16.1,72.2,67.44,oral_cavity,Bloat
SAMP_5808,30.0,23.4,55.4,702.0,oral_cavity,Dry Remains
SAMP_5809,9.93,17.3,81.9,171.86,oral_cavity,Active Decay
SAMP_5810,5.38,24.5,75.1,131.84,oral_cavity,Bloat
SAMP_5811,1.82,19.5,56.5,35.52,oral_cavity,Bloat
SAMP_5812,30.0,17.8,81.5,534.0,oral_cavity,Advanced Decay
SAMP_5813,17.2,25.2,64.4,433.32,oral_cavity,Advanced Decay
SAMP_5814,3.31,19.7,48.7,65.12,skin_surface,Bloat
SAMP_5815,0.73,20.7,43.9,15.04,skin_surface,Fresh
SAMP_5816,0.58,13.1,75.0,7.64,skin_surface,Fresh
SAMP_5817,1.28,25.8,83.3,33.09,soil_interface,Fresh
SAMP_5818,8.69,25.3,80.4,219.94,skin_surface,Active Decay
SAMP_5819,26.42,22.0,72.8,581.18,skin_surface,Advanced Decay
SAMP_5820,6.87,15.9,47.1,109.18,oral_cavity,Bloat
SAMP_5821,18.51,26.8,44.7,496.11,soil_interface,Advanced Decay
SAMP_5822,5.9,19.3,57.3,113.94,soil_interface,Bloat
SAMP_5823,12.33,20.2,82.7,249.07,oral_cavity,Active Decay
SAMP_5824,13.16,31.2,88.1,410.68,skin_surface,Advanced Decay
SAMP_5825,1.91,19.2,52.1,36.69,skin_surface,Bloat
SAMP_5826,4.48,25.0,78.1,112.05,oral_cavity,Bloat
SAMP_5827,10.14,24.2,68.7,245.43,skin_surface,Active Decay
SAMP_5828,0.73,23.6,41.6,17.3,oral_cavity,Fresh
SAMP_5829,4.49,23.1,67.1,103.65,oral_cavity,Bloat
SAMP_5830,7.65,23.5,80.3,179.84,oral_cavity,Active Decay
SAMP_5831,30.0,23.1,53.8,693.0,skin_surface,Dry Remains
SAMP_5832,6.43,21.8,84.9,140.28,skin_surface,Bloat
SAMP_5833,16.93,28.0,51.8,474.08,soil_interface,Advanced Decay
SAMP_5834,5.66,16.7,43.8,94.48,skin_surface,Bloat
SAMP_5835,15.92,26.1,48.0,415.4,oral_cavity,Advanced Decay
SAMP_5836,9.05,25.3,81.9,228.94,oral_cavity,Active Decay
SAMP_5837,21.77,24.8,60.9,539.84,soil_interface,Advanced Decay
SAMP_5838,5.29,26.5,79.8,140.25,skin_surface,Bloat
SAMP_5839,9.27,21.6,66.6,200.26,skin_surface,Active Decay
SAMP_5840,9.94,14.5,64.0,144.17,oral_cavity,Bloat
SAMP_5841,5.4,21.7,80.3,117.23,skin_surface,Bloat
SAMP_5842,1.56,18.0,61.2,28.05,oral_cavity,Fresh
SAMP_5843,0.98,19.1,80.1,18.76,oral_cavity,Fresh
SAMP_5844,0.17,17.0,45.0,2.86,skin_surface,Fresh
SAMP_5845,20.68,20.1,71.8,415.62,skin_surface,Advanced Decay
SAMP_5846,2.7,19.6,75.1,52.88,oral_cavity,Bloat
SAMP_5847,2.38,12.5,85.0,29.7,soil_interface,Fresh
SAMP_5848,13.32,24.8,51.2,330.32,skin_surface,Active Decay
SAMP_5849,3.86,30.9,70.2,119.18,oral_cavity,Bloat
SAMP_5850,7.05,24.4,61.7,172.1,soil_interface,Active Decay
SAMP_5851,1.77,21.2,59.1,37.6,oral_cavity,Bloat
SAMP_5852,30.0,21.8,45.3,654.0,soil_interface,Dry Remains
SAMP_5853,19.08,20.3,46.7,387.27,soil_interface,Advanced Decay
SAMP_5854,19.94,22.4,81.8,446.56,oral_cavity,Advanced Decay
SAMP_5855,5.22,21.9,77.5,114.36,skin_surface,Bloat
SAMP_5856,14.37,18.6,59.1,267.28,oral_cavity,Active Decay
SAMP_5857,1.55,28.7,81.4,44.58,oral_cavity,Bloat
SAMP_5858,0.1,16.1,44.0,1.61,skin_surface,Fresh
SAMP_5859,0.2,24.9,71.2,5.02,oral_cavity,Fresh
SAMP_5860,8.83,21.6,83.4,190.8,oral_cavity,Active Decay
SAMP_5861,6.08,29.6,81.9,179.88,skin_surface,Active Decay
SAMP_5862,7.3,23.4,58.6,170.78,skin_surface,Active Decay
SAMP_5863,0.1,20.6,77.3,2.06,skin_surface,Fresh
SAMP_5864,5.49,21.0,61.4,115.37,skin_surface,Bloat
SAMP_5865,12.66,22.2,82.0,281.07,skin_surface,Active Decay
SAMP_5866,5.85,17.4,66.5,101.73,soil_interface,Bloat
SAMP_5867,13.18,18.9,78.2,249.02,oral_cavity,Active Decay
SAMP_5868,2.65,14.9,43.9,39.53,skin_surface,Bloat
SAMP_5869,16.77,18.3,69.5,306.97,oral_cavity,Active Decay
SAMP_5870,8.88,22.4,67.5,198.86,soil_interface,Active Decay
SAMP_5871,2.37,23.2,70.5,54.91,skin_surface,Bloat
SAMP_5872,2.7,14.1,74.8,38.09,soil_interface,Bloat
SAMP_5873,9.89,21.5,85.9,212.62,skin_surface,Active Decay
SAMP_5874,17.72,24.3,79.3,430.5,skin_surface,Advanced Decay
SAMP_5875,5.37,21.3,51.0,114.43,skin_surface,Bloat
SAMP_5876,2.99,19.5,81.3,58.27,skin_surface,Bloat
SAMP_5877,20.17,20.4,46.1,411.57,skin_surface,Advanced Decay
SAMP_5878,11.06,19.8,71.1,219.08,oral_cavity,Active Decay
SAMP_5879,5.94,19.5,84.1,115.9,soil_interface,Bloat
SAMP_5880,6.69,22.7,45.1,151.92,skin_surface,Active Decay
SAMP_5881,2.28,31.2,82.5,71.29,soil_interface,Bloat
SAMP_5882,9.86,19.0,79.9,187.27,skin_surface,Active Decay
SAMP_5883,4.44,20.7,65.2,91.98,oral_cavity,Bloat
SAMP_5884,30.0,21.8,55.4,654.0,skin_surface,Dry Remains
SAMP_5885,6.54,19.3,60.3,126.28,oral_cavity,Bloat
SAMP_5886,6.65,26.4,88.4,175.64,soil_interface,Active Decay
SAMP_5887,8.34,12.5,50.1,104.3,skin_surface,Bloat
SAMP_5888,24.86,19.9,69.0,494.71,oral_cavity,Advanced Decay
SAMP_5889,16.14,25.3,44.2,408.22,skin_surface,Advanced Decay
SAMP_5890,6.0,20.8,50.9,124.78,skin_surface,Bloat
SAMP_5891,12.68,18.7,78.2,237.18,skin_surface,Active Decay
SAMP_5892,8.82,23.8,55.1,210.03,skin_surface,Active Decay
SAMP_5893,6.78,25.6,89.3,173.57,oral_cavity,Active Decay
SAMP_5894,2.14,22.8,65.0,48.7,oral_cavity,Bloat
SAMP_5895,6.24,18.8,65.8,117.22,skin_surface,Bloat
SAMP_5896,2.82,23.8,41.8,67.15,oral_cavity,Bloat
SAMP_5897,24.63,20.4,87.8,502.5,skin_surface,Advanced Decay
SAMP_5898,4.09,25.0,48.7,102.15,skin_surface,Bloat
SAMP_5899,30.0,27.9,66.9,837.0,soil_interface,Dry Remains
SAMP_5900,7.62,12.0,59.8,91.39,soil_interface,Bloat
SAMP_5901,9.98,22.4,60.8,223.65,skin_surface,Active Decay
SAMP_5902,7.83,15.1,72.2,118.22,skin_surface,Bloat
SAMP_5903,1.39,31.8,73.1,44.06,skin_surface,Bloat
SAMP_5904,4.71,20.1,47.7,94.74,oral_cavity,Bloat
SAMP_5905,1.04,25.0,65.0,26.1,oral_cavity,Fresh
SAMP_5906,9.75,21.9,79.5,213.61,skin_surface,Active Decay
SAMP_5907,5.92,18.8,62.2,111.33,soil_interface,Bloat
SAMP_5908,15.05,18.3,48.3,275.42,oral_cavity,Active Decay
SAMP_5909,2.49,28.3,55.7,70.49,skin_surface,Bloat
SAMP_5910,1.8,25.8,50.6,46.39,skin_surface,Bloat
SAMP_5911,5.21,29.8,46.3,155.39,soil_interface,Active Decay
SAMP_5912,26.12,22.2,58.9,579.78,oral_cavity,Advanced Decay
SAMP_5913,12.39,23.2,67.0,287.52,oral_cavity,Active Decay
SAMP_5914,5.43,20.9,43.6,113.46,soil_interface,Bloat
SAMP_5915,7.28,20.9,70.2,152.22,oral_cavity,Active Decay
SAMP_5916,0.88,17.8,89.7,15.66,skin_surface,Fresh
SAMP_5917,30.0,22.3,88.2,669.0,skin_surface,Dry Remains
SAMP_5918,10.98,18.8,81.5,206.39,oral_cavity,Active Decay
SAMP_5919,3.36,23.8,53.3,79.98,skin_surface,Bloat
SAMP_5920,8.81,22.7,41.1,200.08,soil_interface,Active Decay
SAMP_5921,1.16,23.2,81.7,26.9,oral_cavity,Fresh
SAMP_5922,30.0,28.7,42.8,861.0,oral_cavity,Dry Remains
SAMP_5923,1.92,21.8,50.3,41.88,skin_surface,Bloat
SAMP_5924,10.44,25.0,67.2,261.05,skin_surface,Active Decay
SAMP_5925,2.82,30.2,48.9,85.06,skin_surface,Bloat
SAMP_5926,12.64,27.2,81.7,343.89,soil_interface,Active Decay
SAMP_5927,15.0,26.6,78.9,398.94,soil_interface,Advanced Decay
SAMP_5928,11.19,20.8,77.8,232.77,oral_cavity,Active Decay
SAMP_5929,9.53,22.9,80.8,218.29,oral_cavity,Active Decay
SAMP_5930,22.3,16.7,51.0,372.41,oral_cavity,Advanced Decay
SAMP_5931,0.82,24.0,76.4,19.65,soil_interface,Fresh
SAMP_5932,4.02,23.1,57.8,92.83,oral_cavity,Bloat
SAMP_5933,2.85,22.1,73.3,63.07,skin_surface,Bloat
SAMP_5934,30.0,26.1,46.1,783.0,soil_interface,Dry Remains
SAMP_5935,4.93,17.2,75.3,84.85,skin_surface,Bloat
SAMP_5936,13.19,28.5,88.6,375.93,oral_cavity,Advanced Decay
SAMP_5937,11.54,25.6,42.2,295.5,skin_surface,Active Decay
SAMP_5938,2.38,21.7,44.7,51.72,skin_surface,Bloat
SAMP_5939,2.73,21.4,46.2,58.45,skin_surface,Bloat
SAMP_5940,3.3,23.9,61.5,78.94,skin_surface,Bloat
SAMP_5941,5.3,28.1,54.5,148.8,oral_cavity,Bloat
SAMP_5942,2.67,22.4,80.3,59.81,oral_cavity,Bloat
SAMP_5943,0.2,22.6,63.7,4.49,skin_surface,Fresh
SAMP_5944,21.15,22.1,64.2,467.46,soil_interface,Advanced Decay
SAMP_5945,30.0,29.1,75.9,873.0,oral_cavity,Dry Remains
SAMP_5946,4.18,20.5,58.1,85.67,oral_cavity,Bloat
SAMP_5947,4.13,21.9,57.7,90.5,skin_surface,Bloat
SAMP_5948,0.1,27.9,77.8,2.79,skin_surface,Fresh
SAMP_5949,11.4,22.6,79.0,257.69,oral_cavity,Active Decay
SAMP_5950,17.45,26.5,40.7,462.55,skin_surface,Advanced Decay
SAMP_5951,1.59,18.4,47.2,29.17,soil_interface,Fresh
SAMP_5952,1.74,21.2,50.7,36.88,skin_surface,Bloat
SAMP_5953,15.61,27.9,57.6,435.53,skin_surface,Advanced Decay
SAMP_5954,9.58,19.3,54.6,184.87,soil_interface,Active Decay
SAMP_5955,0.46,21.4,73.4,9.82,oral_cavity,Fresh
SAMP_5956,9.74,23.0,81.4,224.09,skin_surface,Active Decay
SAMP_5957,3.69,18.0,49.6,66.51,skin_surface,Bloat
SAMP_5958,4.6,20.3,68.1,93.38,skin_surface,Bloat
SAMP_5959,14.69,22.5,58.4,330.41,soil_interface,Active Decay
SAMP_5960,16.66,22.2,65.3,369.78,oral_cavity,Advanced Decay
SAMP_5961,5.11,27.1,71.0,138.59,oral_cavity,Bloat
SAMP_5962,29.4,28.2,84.7,829.18,soil_interface,Dry Remains
SAMP_5963,5.22,18.6,49.6,97.03,oral_cavity,Bloat
SAMP_5964,14.78,22.4,44.4,331.0,oral_cavity,Active Decay
SAMP_5965,6.61,24.7,71.4,163.37,skin_surface,Active Decay
SAMP_5966,22.78,28.1,59.7,640.18,soil_interface,Dry Remains
SAMP_5967,23.83,24.9,48.1,593.46,skin_surface,Advanced Decay
SAMP_5968,0.91,23.2,45.9,21.22,skin_surface,Fresh
SAMP_5969,27.57,24.7,67.9,680.88,skin_surface,Dry Remains
SAMP_5970,17.46,24.7,55.0,431.27,soil_interface,Advanced Decay
SAMP_5971,15.67,18.3,89.9,286.74,soil_interface,Active Decay
SAMP_5972,2.24,22.8,60.3,51.14,oral_cavity,Bloat
SAMP_5973,16.35,27.8,50.6,454.63,soil_interface,Advanced Decay
SAMP_5974,18.98,21.2,71.4,402.38,soil_interface,Advanced Decay
SAMP_5975,3.41,22.5,52.2,76.79,skin_surface,Bloat
SAMP_5976,30.0,21.0,64.7,630.0,skin_surface,Dry Remains
SAMP_5977,0.51,12.7,64.1,6.5,skin_surface,Fresh
SAMP_5978,1.62,22.1,62.7,35.89,skin_surface,Bloat
SAMP_5979,7.71,23.2,79.8,178.94,skin_surface,Active Decay
SAMP_5980,8.58,20.0,50.8,171.51,oral_cavity,Active Decay
SAMP_5981,10.36,17.4,85.2,180.27,oral_cavity,Active Decay
SAMP_5982,0.17,18.5,79.6,3.17,oral_cavity,Fresh
SAMP_5983,30.0,25.1,56.7,753.0,soil_interface,Dry Remains
SAMP_5984,0.46,29.9,49.0,13.64,skin_surface,Fresh
SAMP_5985,1.54,27.5,54.0,42.46,skin_surface,Bloat
SAMP_5986,0.14,16.6,56.6,2.34,soil_interface,Fresh
SAMP_5987,8.37,25.4,67.8,212.52,skin_surface,Active Decay
SAMP_5988,26.92,19.3,42.3,519.59,soil_interface,Advanced Decay
SAMP_5989,10.96,19.7,85.7,216.0,oral_cavity,Active Decay
SAMP_5990,17.3,20.2,44.9,349.39,skin_surface,Active Decay
SAMP_5991,0.13,24.8,54.0,3.32,skin_surface,Fresh
SAMP_5992,7.81,25.8,45.5,201.48,oral_cavity,Active Decay
SAMP_5993,6.15,21.6,52.8,132.92,oral_cavity,Bloat
SAMP_5994,6.91,21.7,81.9,149.97,skin_surface,Bloat
SAMP_5995,0.75,23.9,70.8,17.91,skin_surface,Fresh
SAMP_5996,11.53,24.3,51.4,280.27,skin_surface,Active Decay
SAMP_5997,7.0,26.7,83.6,186.8,skin_surface,Active Decay
SAMP_5998,14.49,16.9,80.0,244.85,skin_surface,Active Decay
SAMP_5999,6.64,22.1,77.7,146.78,oral_cavity,Bloat
SAMP_6000,1.62,17.7,82.4,28.64,soil_interface,Fresh
SAMP_6001,10.45,21.8,71.0,227.78,oral_cavity,Active Decay
SAMP_6002,1.89,21.1,65.1,39.92,skin_surface,Bloat
SAMP_6003,20.59,21.8,58.7,448.82,oral_cavity,Advanced Decay
SAMP_6004,9.5,18.8,51.2,178.53,skin_surface,Active Decay
SAMP_6005,1.71,16.1,67.9,27.54,soil_interface,Fresh
SAMP_6006,30.0,13.6,84.5,408.0,soil_interface,Advanced Decay
SAMP_6007,7.31,21.5,69.7,157.07,oral_cavity,Active Decay
SAMP_6008,0.76,20.3,86.0,15.37,oral_cavity,Fresh
SAMP_6009,9.86,19.3,57.8,190.25,oral_cavity,Active Decay
SAMP_6010,2.92,27.3,74.8,79.7,oral_cavity,Bloat
SAMP_6011,16.28,18.6,72.4,302.82,skin_surface,Active Decay
SAMP_6012,17.03,27.7,73.5,471.67,skin_surface,Advanced Decay
SAMP_6013,30.0,28.5,72.3,855.0,skin_surface,Dry Remains
SAMP_6014,6.97,14.2,51.1,98.96,skin_surface,Bloat
SAMP_6015,6.07,22.4,47.2,135.94,oral_cavity,Bloat
SAMP_6016,14.0,20.4,88.9,285.66,skin_surface,Active Decay
SAMP_6017,1.42,12.0,42.3,17.05,soil_interface,Fresh
SAMP_6018,7.92,16.2,63.4,128.25,skin_surface,Bloat
SAMP_6019,7.9,25.1,61.3,198.34,soil_interface,Active Decay
SAMP_6020,0.94,30.1,58.0,28.21,skin_surface,Fresh
SAMP_6021,5.41,25.6,79.1,138.56,skin_surface,Bloat
SAMP_6022,19.19,23.3,77.3,447.19,soil_interface,Advanced Decay
SAMP_6023,19.39,21.9,85.3,424.64,skin_surface,Advanced Decay
SAMP_6024,1.05,28.7,59.8,30.0,skin_surface,Fresh
SAMP_6025,0.95,30.6,68.2,29.1,oral_cavity,Fresh
SAMP_6026,3.05,19.7,84.6,60.04,soil_interface,Bloat
SAMP_6027,20.78,14.0,89.7,290.86,oral_cavity,Active Decay
SAMP_6028,1.38,13.6,88.5,18.77,skin_surface,Fresh
SAMP_6029,12.73,27.3,75.9,347.52,skin_surface,Active Decay
SAMP_6030,1.07,21.8,47.2,23.25,skin_surface,Fresh
SAMP_6031,9.76,22.7,41.2,221.52,skin_surface,Active Decay
SAMP_6032,4.4,14.8,81.3,65.14,skin_surface,Bloat
SAMP_6033,15.55,19.0,82.0,295.54,oral_cavity,Active Decay
SAMP_6034,2.66,20.8,77.3,55.36,soil_interface,Bloat
SAMP_6035,10.19,22.8,54.0,232.43,skin_surface,Active Decay
SAMP_6036,2.69,20.4,72.0,54.83,soil_interface,Bloat
SAMP_6037,12.51,17.9,55.8,223.85,oral_cavity,Active Decay
SAMP_6038,20.69,18.9,62.5,391.03,skin_surface,Advanced Decay
SAMP_6039,1.36,26.8,59.1,36.34,skin_surface,Bloat
SAMP_6040,20.14,23.0,85.7,463.31,oral_cavity,Advanced Decay
SAMP_6041,9.0,24.4,51.7,219.69,soil_interface,Active Decay
SAMP_6042,1.36,18.4,68.9,25.01,oral_cavity,Fresh
SAMP_6043,5.58,12.0,58.0,66.94,skin_surface,Bloat
SAMP_6044,1.75,19.9,73.2,34.9,skin_surface,Fresh
SAMP_6045,12.05,18.5,68.2,222.95,skin_surface,Active Decay
SAMP_6046,14.22,23.4,86.2,332.84,skin_surface,Active Decay
SAMP_6047,1.12,32.0,45.1,35.78,oral_cavity,Bloat
SAMP_6048,7.06,24.8,51.0,174.96,skin_surface,Active Decay
SAMP_6049,16.85,32.0,78.3,539.32,oral_cavity,Advanced Decay
SAMP_6050,27.51,24.3,58.4,668.6,skin_surface,Dry Remains
SAMP_6051,7.21,19.5,48.3,140.51,oral_cavity,Bloat
SAMP_6052,30.0,23.4,65.2,702.0,skin_surface,Dry Remains
SAMP_6053,7.67,29.1,72.6,223.26,skin_surface,Active Decay
SAMP_6054,5.01,29.3,42.2,146.85,soil_interface,Bloat
SAMP_6055,18.85,19.7,54.6,371.39,skin_surface,Advanced Decay
SAMP_6056,6.79,23.0,80.5,156.22,oral_cavity,Active Decay
SAMP_6057,6.38,16.3,66.0,104.07,skin_surface,Bloat
SAMP_6058,6.74,25.3,41.8,170.51,skin_surface,Active Decay
SAMP_6059,18.76,28.2,54.1,529.01,oral_cavity,Advanced Decay
SAMP_6060,17.83,22.2,72.0,395.92,skin_surface,Advanced Decay
SAMP_6061,5.17,19.3,50.0,99.72,skin_surface,Bloat
SAMP_6062,4.05,23.4,81.4,94.87,oral_cavity,Bloat
SAMP_6063,6.77,23.7,73.8,160.48,oral_cavity,Active Decay
SAMP_6064,8.5,22.3,63.6,189.65,oral_cavity,Active Decay
SAMP_6065,2.72,22.7,85.8,61.8,oral_cavity,Bloat
SAMP_6066,15.8,21.3,59.6,336.47,oral_cavity,Active Decay
SAMP_6067,6.66,26.0,51.8,173.28,skin_surface,Active Decay
SAMP_6068,4.07,24.9,73.1,101.23,oral_cavity,Bloat
SAMP_6069,1.13,18.1,68.7,20.45,oral_cavity,Fresh
SAMP_6070,2.73,18.0,56.8,49.13,oral_cavity,Bloat
SAMP_6071,29.81,21.0,57.2,626.11,skin_surface,Dry Remains
SAMP_6072,3.64,24.9,59.9,90.63,soil_interface,Bloat
SAMP_6073,1.85,22.6,54.6,41.8,skin_surface,Bloat
SAMP_6074,6.17,19.4,75.5,119.78,skin_surface,Bloat
SAMP_6075,3.67,23.0,72.6,84.38,skin_surface,Bloat
SAMP_6076,0.36,20.7,62.0,7.41,oral_cavity,Fresh
SAMP_6077,3.9,25.5,59.9,99.53,oral_cavity,Bloat
SAMP_6078,7.86,23.3,58.3,183.02,oral_cavity,Active Decay
SAMP_6079,8.02,20.7,54.2,166.08,oral_cavity,Active Decay
SAMP_6080,4.41,22.9,44.3,100.97,oral_cavity,Bloat
SAMP_6081,5.93,27.3,53.4,161.87,skin_surface,Active Decay
SAMP_6082,30.0,19.7,56.1,591.0,oral_cavity,Advanced Decay
SAMP_6083,4.74,23.6,67.4,111.81,soil_interface,Bloat
SAMP_6084,2.99,21.7,78.7,64.82,soil_interface,Bloat
SAMP_6085,2.79,23.7,59.8,66.13,soil_interface,Bloat
SAMP_6086,6.12,19.4,87.2,118.74,oral_cavity,Bloat
SAMP_6087,14.25,22.4,81.4,319.23,soil_interface,Active Decay
SAMP_6088,2.31,26.4,89.2,60.89,soil_interface,Bloat
SAMP_6089,12.35,18.3,83.8,226.09,soil_interface,Active Decay
SAMP_6090,0.21,16.7,70.8,3.57,skin_surface,Fresh
SAMP_6091,5.43,16.8,69.9,91.21,skin_surface,Bloat
SAMP_6092,14.96,17.3,46.5,258.72,oral_cavity,Active Decay
SAMP_6093,4.14,24.4,76.1,100.92,oral_cavity,Bloat
SAMP_6094,8.3,16.4,70.0,136.04,oral_cavity,Bloat
SAMP_6095,2.29,20.8,65.3,47.71,soil_interface,Bloat
SAMP_6096,13.55,24.5,74.7,331.92,oral_cavity,Active Decay
SAMP_6097,0.54,23.7,62.2,12.73,oral_cavity,Fresh
SAMP_6098,19.14,20.5,66.2,392.41,soil_interface,Advanced Decay
SAMP_6099,2.21,22.8,59.9,50.36,oral_cavity,Bloat
SAMP_6100,20.75,22.4,75.9,464.72,soil_interface,Advanced Decay
SAMP_6101,4.35,21.1,83.8,91.72,skin_surface,Bloat
SAMP_6102,12.83,21.2,82.0,271.91,oral_cavity,Active Decay
SAMP_6103,3.85,30.9,79.3,118.82,oral_cavity,Bloat
SAMP_6104,23.64,25.2,40.7,595.61,skin_surface,Advanced Decay
SAMP_6105,1.35,31.9,85.6,43.19,soil_interface,Bloat
SAMP_6106,1.97,20.0,53.7,39.33,soil_interface,Bloat
SAMP_6107,6.79,21.7,84.4,147.41,oral_cavity,Bloat
SAMP_6108,0.85,16.7,49.8,14.28,oral_cavity,Fresh
SAMP_6109,2.18,18.8,62.0,41.01,oral_cavity,Bloat
SAMP_6110,28.78,29.6,77.5,851.96,skin_surface,Dry Remains
SAMP_6111,30.0,19.9,72.0,597.0,oral_cavity,Advanced Decay
SAMP_6112,4.72,29.7,60.8,140.19,oral_cavity,Bloat
SAMP_6113,25.68,17.0,73.9,436.5,skin_surface,Advanced Decay
SAMP_6114,7.87,17.8,67.4,140.1,skin_surface,Bloat
SAMP_6115,3.14,20.6,53.8,64.76,oral_cavity,Bloat
SAMP_6116,12.12,21.7,72.3,263.0,skin_surface,Active Decay
SAMP_6117,10.76,25.7,50.2,276.43,skin_surface,Active Decay
SAMP_6118,30.0,23.8,74.7,714.0,skin_surface,Dry Remains
SAMP_6119,3.08,20.3,40.2,62.51,skin_surface,Bloat
SAMP_6120,11.15,21.5,67.4,239.71,skin_surface,Active Decay
SAMP_6121,0.53,20.7,60.1,11.06,skin_surface,Fresh
SAMP_6122,1.21,18.3,55.2,22.08,soil_interface,Fresh
SAMP_6123,0.1,18.4,65.8,1.84,skin_surface,Fresh
SAMP_6124,30.0,26.1,72.3,783.0,skin_surface,Dry Remains
SAMP_6125,16.21,14.7,88.3,238.27,skin_surface,Active Decay
SAMP_6126,15.45,28.5,81.7,440.37,skin_surface,Advanced Decay
SAMP_6127,7.13,20.6,75.9,146.83,oral_cavity,Bloat
SAMP_6128,3.57,18.9,63.9,67.43,oral_cavity,Bloat
SAMP_6129,1.64,25.0,59.6,41.0,skin_surface,Bloat
SAMP_6130,3.35,27.9,41.6,93.47,skin_surface,Bloat
SAMP_6131,4.72,26.5,58.0,124.96,skin_surface,Bloat
SAMP_6132,14.12,24.0,82.4,338.85,skin_surface,Active Decay
SAMP_6133,7.76,26.3,59.2,204.03,oral_cavity,Active Decay
SAMP_6134,0.81,15.1,63.1,12.18,skin_surface,Fresh
SAMP_6135,0.18,19.9,53.6,3.62,skin_surface,Fresh
SAMP_6136,1.08,18.4,53.7,19.86,oral_cavity,Fresh
SAMP_6137,5.28,26.9,43.1,142.16,oral_cavity,Bloat
SAMP_6138,27.06,20.5,70.7,554.72,oral_cavity,Advanced Decay
SAMP_6139,10.14,25.4,62.4,257.67,oral_cavity,Active Decay
SAMP_6140,16.19,24.1,70.3,390.08,oral_cavity,Advanced Decay
SAMP_6141,6.28,18.6,67.3,116.82,skin_surface,Bloat
SAMP_6142,4.49,19.7,79.9,88.43,skin_surface,Bloat
SAMP_6143,1.15,27.2,77.6,31.21,skin_surface,Fresh
SAMP_6144,20.87,18.9,78.6,394.43,skin_surface,Advanced Decay
SAMP_6145,15.29,22.5,65.0,343.93,skin_surface,Active Decay
SAMP_6146,1.84,18.9,57.7,34.79,oral_cavity,Fresh
SAMP_6147,7.18,20.7,86.7,148.62,oral_cavity,Bloat
SAMP_6148,6.68,21.8,42.7,145.67,oral_cavity,Bloat
SAMP_6149,9.81,18.9,47.6,185.42,soil_interface,Active Decay
SAMP_6150,29.22,18.2,61.0,531.85,soil_interface,Advanced Decay
SAMP_6151,8.67,23.1,70.7,200.27,oral_cavity,Active Decay
SAMP_6152,7.77,18.6,40.4,144.52,skin_surface,Bloat
SAMP_6153,0.52,18.8,76.0,9.71,soil_interface,Fresh
SAMP_6154,0.65,18.2,67.9,11.83,skin_surface,Fresh
SAMP_6155,2.07,21.7,64.2,45.02,skin_surface,Bloat
SAMP_6156,0.33,25.8,61.2,8.52,oral_cavity,Fresh
SAMP_6157,13.6,28.0,66.0,380.81,oral_cavity,Advanced Decay
SAMP_6158,12.85,19.1,48.1,245.42,skin_surface,Active Decay
SAMP_6159,1.46,30.6,45.4,44.75,skin_surface,Bloat
SAMP_6160,18.08,18.0,54.5,325.51,skin_surface,Active Decay
SAMP_6161,1.68,26.3,75.5,44.23,oral_cavity,Bloat
SAMP_6162,3.58,19.1,69.4,68.45,soil_interface,Bloat
SAMP_6163,2.86,18.5,64.0,52.97,soil_interface,Bloat
SAMP_6164,4.66,19.0,68.6,88.48,oral_cavity,Bloat
SAMP_6165,2.94,21.8,68.0,64.07,oral_cavity,Bloat
SAMP_6166,6.71,24.3,55.4,163.12,skin_surface,Active Decay
SAMP_6167,5.23,24.7,44.9,129.24,oral_cavity,Bloat
SAMP_6168,30.0,18.2,84.8,546.0,oral_cavity,Advanced Decay
SAMP_6169,0.58,18.0,70.0,10.36,oral_cavity,Fresh
SAMP_6170,1.53,18.3,74.9,28.07,soil_interface,Fresh
SAMP_6171,0.54,21.6,63.2,11.72,soil_interface,Fresh
SAMP_6172,9.83,21.2,77.8,208.41,oral_cavity,Active Decay
SAMP_6173,0.56,18.2,69.2,10.2,soil_interface,Fresh
SAMP_6174,18.11,23.1,42.7,418.24,skin_surface,Advanced Decay
SAMP_6175,7.17,31.1,84.5,223.08,oral_cavity,Active Decay
SAMP_6176,7.49,20.0,55.3,149.74,soil_interface,Bloat
SAMP_6177,8.25,20.3,46.9,167.4,skin_surface,Active Decay
SAMP_6178,1.87,24.2,44.4,45.33,soil_interface,Bloat
SAMP_6179,2.2,19.8,76.0,43.61,skin_surface,Bloat
SAMP_6180,3.84,24.7,75.2,94.83,skin_surface,Bloat
SAMP_6181,9.0,19.1,75.0,171.93,oral_cavity,Active Decay
SAMP_6182,2.36,29.3,85.8,69.11,oral_cavity,Bloat
SAMP_6183,1.24,23.4,57.4,28.94,skin_surface,Fresh
SAMP_6184,30.0,19.5,68.1,585.0,soil_interface,Advanced Decay
SAMP_6185,0.22,19.6,71.0,4.36,skin_surface,Fresh
SAMP_6186,16.23,19.9,89.0,322.98,oral_cavity,Active Decay
SAMP_6187,15.51,27.5,55.6,426.62,oral_cavity,Advanced Decay
SAMP_6188,3.53,16.9,87.8,59.61,soil_interface,Bloat
SAMP_6189,1.46,19.3,47.4,28.13,oral_cavity,Fresh
SAMP_6190,1.57,19.8,78.2,31.16,oral_cavity,Fresh
SAMP_6191,11.95,21.9,71.6,261.8,soil_interface,Active Decay
SAMP_6192,10.29,20.9,80.8,215.16,soil_interface,Active Decay
SAMP_6193,15.27,16.0,41.4,244.27,skin_surface,Active Decay
SAMP_6194,27.72,20.4,43.9,565.55,oral_cavity,Advanced Decay
SAMP_6195,11.77,21.6,43.5,254.32,oral_cavity,Active Decay
SAMP_6196,1.69,19.5,69.6,33.04,skin_surface,Fresh
SAMP_6197,2.79,24.7,70.1,68.91,soil_interface,Bloat
SAMP_6198,18.46,25.7,85.3,474.52,soil_interface,Advanced Decay
SAMP_6199,2.35,21.7,63.4,50.96,skin_surface,Bloat
SAMP_6200,0.75,22.9,43.4,17.24,soil_interface,Fresh
SAMP_6201,12.15,13.4,50.5,162.81,oral_cavity,Active Decay
SAMP_6202,5.15,20.3,40.4,104.55,oral_cavity,Bloat
SAMP_6203,25.26,26.0,78.8,656.82,oral_cavity,Dry Remains
SAMP_6204,10.51,20.3,80.8,213.26,soil_interface,Active Decay
SAMP_6205,0.95,19.1,89.9,18.1,oral_cavity,Fresh
SAMP_6206,29.54,31.1,60.6,918.62,oral_cavity,Dry Remains
SAMP_6207,2.99,29.3,41.0,87.65,soil_interface,Bloat
SAMP_6208,4.11,23.9,51.7,98.3,oral_cavity,Bloat
SAMP_6209,5.15,26.6,69.4,136.88,oral_cavity,Bloat
SAMP_6210,0.53,13.1,88.1,6.89,skin_surface,Fresh
SAMP_6211,6.86,18.8,45.2,129.01,skin_surface,Bloat
SAMP_6212,1.32,20.1,46.1,26.45,skin_surface,Fresh
SAMP_6213,5.12,21.1,75.1,108.13,soil_interface,Bloat
SAMP_6214,4.32,20.0,73.4,86.38,oral_cavity,Bloat
SAMP_6215,14.82,12.0,52.5,177.85,soil_interface,Active Decay
SAMP_6216,16.25,23.5,80.7,381.97,skin_surface,Advanced Decay
SAMP_6217,1.67,24.2,46.4,40.3,oral_cavity,Bloat
SAMP_6218,4.57,28.4,86.3,129.67,soil_interface,Bloat
SAMP_6219,4.67,18.8,50.1,87.87,oral_cavity,Bloat
SAMP_6220,1.64,18.5,44.1,30.37,oral_cavity,Fresh
SAMP_6221,16.02,12.0,57.0,192.21,soil_interface,Active Decay
SAMP_6222,12.28,20.8,49.4,255.5,oral_cavity,Active Decay
SAMP_6223,2.11,25.6,66.3,54.07,oral_cavity,Bloat
SAMP_6224,4.57,19.6,74.3,89.54,oral_cavity,Bloat
SAMP_6225,1.12,30.6,64.5,34.22,oral_cavity,Fresh
SAMP_6226,9.89,21.0,73.0,207.78,soil_interface,Active Decay
SAMP_6227,1.29,22.6,58.2,29.24,soil_interface,Fresh
SAMP_6228,30.0,16.5,41.4,495.0,skin_surface,Advanced Decay
SAMP_6229,15.17,23.1,88.7,350.48,skin_surface,Advanced Decay
SAMP_6230,4.95,14.1,81.0,69.75,skin_surface,Bloat
SAMP_6231,8.64,24.8,43.7,214.29,oral_cavity,Active Decay
SAMP_6232,24.23,24.9,62.5,603.32,oral_cavity,Dry Remains
SAMP_6233,8.08,27.4,71.8,221.3,oral_cavity,Active Decay
SAMP_6234,1.92,17.9,49.5,34.33,skin_surface,Fresh
SAMP_6235,4.76,22.6,68.9,107.56,skin_surface,Bloat
SAMP_6236,18.52,24.3,66.7,450.14,soil_interface,Advanced Decay
SAMP_6237,10.33,23.8,50.4,245.95,skin_surface,Active Decay
SAMP_6238,10.52,18.5,47.1,194.6,skin_surface,Active Decay
SAMP_6239,20.16,12.4,77.9,249.99,oral_cavity,Active Decay
SAMP_6240,22.44,23.4,56.1,525.11,soil_interface,Advanced Decay
SAMP_6241,25.23,21.4,52.2,539.95,soil_interface,Advanced Decay
SAMP_6242,1.0,19.7,76.9,19.63,soil_interface,Fresh
SAMP_6243,7.86,25.1,76.8,197.17,oral_cavity,Active Decay
SAMP_6244,13.49,21.8,53.8,294.09,skin_surface,Active Decay
SAMP_6245,14.14,16.7,83.6,236.2,skin_surface,Active Decay
SAMP_6246,9.33,14.3,74.4,133.45,oral_cavity,Bloat
SAMP_6247,1.82,17.5,57.3,31.93,soil_interface,Fresh
SAMP_6248,15.97,31.6,61.4,504.53,oral_cavity,Advanced Decay
SAMP_6249,12.73,24.9,76.3,317.07,oral_cavity,Active Decay
SAMP_6250,0.9,22.8,50.6,20.54,skin_surface,Fresh
SAMP_6251,6.23,21.3,63.4,132.76,oral_cavity,Bloat
SAMP_6252,1.91,21.0,72.7,40.14,soil_interface,Bloat
SAMP_6253,4.12,26.7,67.0,109.92,skin_surface,Bloat
SAMP_6254,0.18,20.0,70.4,3.65,skin_surface,Fresh
SAMP_6255,5.11,24.3,67.3,124.26,skin_surface,Bloat
SAMP_6256,7.98,20.6,50.0,164.44,oral_cavity,Active Decay
SAMP_6257,9.66,29.8,60.5,288.01,skin_surface,Active Decay
SAMP_6258,10.89,25.0,66.6,272.28,skin_surface,Active Decay
SAMP_6259,18.1,27.0,79.0,488.61,skin_surface,Advanced Decay
SAMP_6260,2.43,19.7,72.7,47.8,soil_interface,Bloat
SAMP_6261,1.28,26.2,61.3,33.64,skin_surface,Fresh
SAMP_6262,19.07,20.7,88.7,394.84,skin_surface,Advanced Decay
SAMP_6263,1.7,22.4,45.4,38.15,soil_interface,Bloat
SAMP_6264,30.0,28.5,50.3,855.0,skin_surface,Dry Remains
SAMP_6265,18.49,17.8,57.1,329.05,skin_surface,Active Decay
SAMP_6266,6.95,22.8,51.4,158.44,oral_cavity,Active Decay
SAMP_6267,30.0,23.8,71.3,714.0,skin_surface,Dry Remains
SAMP_6268,1.02,24.1,42.0,24.69,soil_interface,Fresh
SAMP_6269,3.61,20.2,48.9,72.93,skin_surface,Bloat
SAMP_6270,10.17,30.3,54.7,308.07,oral_cavity,Active Decay
SAMP_6271,4.31,16.8,74.2,72.37,skin_surface,Bloat
SAMP_6272,26.36,27.8,83.8,732.88,skin_surface,Dry Remains
SAMP_6273,0.68,26.9,79.9,18.26,oral_cavity,Fresh
SAMP_6274,7.97,29.6,49.1,235.97,soil_interface,Active Decay
SAMP_6275,8.94,15.6,68.3,139.42,soil_interface,Bloat
SAMP_6276,10.58,18.5,41.5,195.66,skin_surface,Active Decay
SAMP_6277,2.95,28.0,55.5,82.67,oral_cavity,Bloat
SAMP_6278,4.53,14.5,80.3,65.75,skin_surface,Bloat
SAMP_6279,18.56,15.6,62.8,289.51,oral_cavity,Active Decay
SAMP_6280,2.17,20.0,47.5,43.37,skin_surface,Bloat
SAMP_6281,17.54,22.8,61.9,399.84,oral_cavity,Advanced Decay
SAMP_6282,8.27,28.4,49.9,234.88,skin_surface,Active Decay
SAMP_6283,14.36,21.3,59.7,305.93,oral_cavity,Active Decay
SAMP_6284,12.5,19.6,64.4,245.08,soil_interface,Active Decay
SAMP_6285,2.33,23.2,57.5,53.96,skin_surface,Bloat
SAMP_6286,8.41,23.9,86.8,201.05,soil_interface,Active Decay
SAMP_6287,20.23,23.8,68.1,481.44,oral_cavity,Advanced Decay
SAMP_6288,5.66,21.3,82.1,120.52,oral_cavity,Bloat
SAMP_6289,30.0,14.2,78.0,426.0,skin_surface,Advanced Decay
SAMP_6290,6.02,18.3,73.1,110.14,oral_cavity,Bloat
SAMP_6291,1.54,27.7,64.8,42.68,oral_cavity,Bloat
SAMP_6292,4.93,22.7,40.1,111.99,skin_surface,Bloat
SAMP_6293,30.0,20.7,70.7,621.0,skin_surface,Dry Remains
SAMP_6294,3.85,26.5,57.8,102.09,oral_cavity,Bloat
SAMP_6295,20.26,17.5,45.9,354.5,skin_surface,Advanced Decay
SAMP_6296,21.31,21.1,62.2,449.59,skin_surface,Advanced Decay
SAMP_6297,4.31,22.6,76.8,97.42,oral_cavity,Bloat
SAMP_6298,0.87,20.2,88.1,17.56,soil_interface,Fresh
SAMP_6299,12.89,22.4,58.7,288.82,oral_cavity,Active Decay
SAMP_6300,3.73,21.2,67.1,79.13,oral_cavity,Bloat
SAMP_6301,15.28,16.4,82.6,250.51,oral_cavity,Active Decay
SAMP_6302,5.85,22.7,56.7,132.7,oral_cavity,Bloat
SAMP_6303,6.64,16.7,47.1,110.91,soil_interface,Bloat
SAMP_6304,15.05,22.7,54.1,341.56,oral_cavity,Active Decay
SAMP_6305,4.82,27.5,85.0,132.51,skin_surface,Bloat
SAMP_6306,5.85,20.9,48.0,122.35,skin_surface,Bloat
SAMP_6307,4.72,17.3,56.5,81.64,skin_surface,Bloat
SAMP_6308,4.58,21.5,63.2,98.43,soil_interface,Bloat
SAMP_6309,7.46,18.7,82.4,139.58,soil_interface,Bloat
SAMP_6310,16.54,24.4,86.9,403.68,oral_cavity,Advanced Decay
SAMP_6311,4.49,21.4,61.3,96.1,soil_interface,Bloat
SAMP_6312,7.43,28.8,86.6,213.95,skin_surface,Active Decay
SAMP_6313,11.11,26.7,48.1,296.6,oral_cavity,Active Decay
SAMP_6314,3.14,21.4,47.8,67.18,skin_surface,Bloat
SAMP_6315,3.25,24.9,87.5,80.94,soil_interface,Bloat
SAMP_6316,27.09,20.4,65.5,552.69,oral_cavity,Advanced Decay
SAMP_6317,12.86,22.1,49.3,284.13,skin_surface,Active Decay
SAMP_6318,8.61,20.6,64.4,177.33,oral_cavity,Active Decay
SAMP_6319,10.43,25.1,79.2,261.88,oral_cavity,Active Decay
SAMP_6320,0.3,27.7,81.3,8.24,soil_interface,Fresh
SAMP_6321,9.63,25.2,83.2,242.58,skin_surface,Active Decay
SAMP_6322,7.12,25.7,68.5,183.07,oral_cavity,Active Decay
SAMP_6323,7.89,25.7,83.3,202.8,skin_surface,Active Decay
SAMP_6324,4.45,24.2,65.5,107.78,skin_surface,Bloat
SAMP_6325,0.85,17.4,70.4,14.79,skin_surface,Fresh
SAMP_6326,2.15,28.8,77.9,61.88,oral_cavity,Bloat
SAMP_6327,30.0,29.2,61.3,876.0,skin_surface,Dry Remains
SAMP_6328,5.25,21.1,43.7,110.87,soil_interface,Bloat
SAMP_6329,6.29,20.5,57.5,128.87,skin_surface,Bloat
SAMP_6330,0.54,24.4,71.2,13.21,skin_surface,Fresh
SAMP_6331,0.38,24.2,49.6,9.27,skin_surface,Fresh
SAMP_6332,12.63,21.2,47.4,267.75,oral_cavity,Active Decay
SAMP_6333,7.72,17.0,54.7,131.31,skin_surface,Bloat
SAMP_6334,7.11,23.2,41.6,164.89,oral_cavity,Active Decay
SAMP_6335,2.79,24.2,77.2,67.41,oral_cavity,Bloat
SAMP_6336,13.66,24.9,52.9,340.01,oral_cavity,Active Decay
SAMP_6337,1.84,23.4,46.2,43.1,skin_surface,Bloat
SAMP_6338,2.11,20.9,75.0,44.02,oral_cavity,Bloat
SAMP_6339,6.18,26.0,82.1,160.55,oral_cavity,Active Decay
SAMP_6340,3.37,22.3,41.0,75.21,oral_cavity,Bloat
SAMP_6341,2.84,20.1,51.7,57.15,oral_cavity,Bloat
SAMP_6342,10.36,21.3,87.3,220.73,skin_surface,Active Decay
SAMP_6343,10.53,15.0,59.3,157.89,skin_surface,Active Decay
SAMP_6344,17.4,21.3,86.9,370.67,oral_cavity,Advanced Decay
SAMP_6345,5.41,24.8,53.7,134.11,oral_cavity,Bloat
SAMP_6346,0.76,23.4,50.9,17.76,skin_surface,Fresh
SAMP_6347,3.2,28.1,50.7,89.85,skin_surface,Bloat
SAMP_6348,30.0,20.9,44.3,627.0,skin_surface,Dry Remains
SAMP_6349,9.07,23.9,84.8,216.77,oral_cavity,Active Decay
SAMP_6350,12.37,25.2,89.0,311.72,soil_interface,Active Decay
SAMP_6351,0.1,31.4,87.7,3.14,skin_surface,Fresh
SAMP_6352,7.3,22.6,82.6,165.03,skin_surface,Active Decay
SAMP_6353,0.38,17.8,82.3,6.81,oral_cavity,Fresh
SAMP_6354,8.42,25.4,73.1,213.91,oral_cavity,Active Decay
SAMP_6355,25.35,29.5,81.3,747.95,skin_surface,Dry Remains
SAMP_6356,30.0,20.7,50.4,621.0,oral_cavity,Dry Remains
SAMP_6357,7.78,25.4,59.4,197.54,oral_cavity,Active Decay
SAMP_6358,6.13,26.9,72.0,164.86,skin_surface,Active Decay
SAMP_6359,29.01,26.1,83.7,757.09,skin_surface,Dry Remains
SAMP_6360,11.2,22.5,73.0,251.92,skin_surface,Active Decay
SAMP_6361,0.67,19.2,82.0,12.88,skin_surface,Fresh
SAMP_6362,6.27,21.7,63.7,136.03,skin_surface,Bloat
SAMP_6363,2.75,23.8,75.9,65.39,skin_surface,Bloat
SAMP_6364,6.35,25.6,89.0,162.43,soil_interface,Active Decay
SAMP_6365,6.08,23.3,47.7,141.62,skin_surface,Bloat
SAMP_6366,8.73,20.5,86.3,178.89,skin_surface,Active Decay
SAMP_6367,4.41,24.2,66.1,106.78,oral_cavity,Bloat
SAMP_6368,1.79,25.4,72.2,45.58,soil_interface,Bloat
SAMP_6369,7.01,23.5,83.9,164.64,oral_cavity,Active Decay
SAMP_6370,17.73,18.7,60.5,331.58,skin_surface,Active Decay
SAMP_6371,10.91,21.3,60.9,232.31,oral_cavity,Active Decay
SAMP_6372,4.13,25.8,66.4,106.57,skin_surface,Bloat
SAMP_6373,27.41,16.5,41.0,452.34,oral_cavity,Advanced Decay
SAMP_6374,24.33,13.6,64.8,330.86,skin_surface,Active Decay
SAMP_6375,2.35,28.0,54.6,65.77,oral_cavity,Bloat
SAMP_6376,0.4,24.0,86.4,9.65,skin_surface,Fresh
SAMP_6377,13.52,24.4,44.4,329.92,soil_interface,Active Decay
SAMP_6378,17.58,17.7,63.0,311.17,oral_cavity,Active Decay
SAMP_6379,30.0,25.0,87.4,750.0,oral_cavity,Dry Remains
SAMP_6380,22.06,23.1,85.1,509.54,skin_surface,Advanced Decay
SAMP_6381,9.18,15.7,75.1,144.07,soil_interface,Bloat
SAMP_6382,7.55,27.7,69.5,209.17,oral_cavity,Active Decay
SAMP_6383,0.28,22.6,54.0,6.38,oral_cavity,Fresh
SAMP_6384,2.83,20.4,58.3,57.78,skin_surface,Bloat
SAMP_6385,6.15,20.5,44.5,126.17,oral_cavity,Bloat
SAMP_6386,9.9,13.9,79.3,137.64,skin_surface,Bloat
SAMP_6387,8.15,24.4,56.2,198.8,soil_interface,Active Decay
SAMP_6388,13.57,23.0,73.4,312.17,oral_cavity,Active Decay
SAMP_6389,3.28,21.2,57.9,69.57,skin_surface,Bloat
SAMP_6390,8.32,27.1,63.2,225.55,skin_surface,Active Decay
SAMP_6391,0.92,16.5,67.8,15.22,soil_interface,Fresh
SAMP_6392,5.34,19.6,80.1,104.64,soil_interface,Bloat
SAMP_6393,13.87,18.6,50.6,257.97,skin_surface,Active Decay
SAMP_6394,11.82,20.9,59.9,247.08,skin_surface,Active Decay
SAMP_6395,30.0,22.3,46.5,669.0,skin_surface,Dry Remains
SAMP_6396,3.26,23.7,43.8,77.16,oral_cavity,Bloat
SAMP_6397,6.9,20.6,70.2,142.04,oral_cavity,Bloat
SAMP_6398,4.0,18.5,49.5,73.96,soil_interface,Bloat
SAMP_6399,5.81,28.7,43.0,166.72,skin_surface,Active Decay
SAMP_6400,19.45,31.6,84.9,614.48,oral_cavity,Dry Remains
SAMP_6401,11.53,22.6,66.7,260.5,soil_interface,Active Decay
SAMP_6402,21.41,19.0,46.7,406.76,skin_surface,Advanced Decay
SAMP_6403,2.28,27.9,42.7,63.48,oral_cavity,Bloat
SAMP_6404,20.66,16.2,46.0,334.76,oral_cavity,Active Decay
SAMP_6405,0.62,20.7,63.6,12.76,oral_cavity,Fresh
SAMP_6406,21.95,19.2,73.4,421.37,soil_interface,Advanced Decay
SAMP_6407,3.99,17.4,72.1,69.44,soil_interface,Bloat
SAMP_6408,3.78,20.9,47.2,78.95,oral_cavity,Bloat
SAMP_6409,7.18,18.5,71.7,132.76,soil_interface,Bloat
SAMP_6410,28.25,22.1,60.2,624.32,skin_surface,Dry Remains
SAMP_6411,0.49,22.1,63.2,10.82,skin_surface,Fresh
SAMP_6412,4.34,19.5,80.1,84.67,oral_cavity,Bloat
SAMP_6413,19.42,20.5,56.6,398.09,skin_surface,Advanced Decay
SAMP_6414,5.04,21.1,47.3,106.4,oral_cavity,Bloat
SAMP_6415,2.22,25.2,83.7,55.97,oral_cavity,Bloat
SAMP_6416,5.53,21.4,50.6,118.35,oral_cavity,Bloat
SAMP_6417,4.87,25.3,54.7,123.22,oral_cavity,Bloat
SAMP_6418,24.7,24.3,75.3,600.21,soil_interface,Dry Remains
SAMP_6419,14.35,24.3,74.2,348.76,soil_interface,Active Decay
SAMP_6420,7.03,27.6,80.0,194.15,soil_interface,Active Decay
SAMP_6421,30.0,17.5,49.2,525.0,oral_cavity,Advanced Decay
SAMP_6422,6.26,20.1,57.6,125.83,skin_surface,Bloat
SAMP_6423,0.6,29.1,46.3,17.46,skin_surface,Fresh
SAMP_6424,3.04,21.0,67.1,63.88,oral_cavity,Bloat
SAMP_6425,5.73,12.0,54.6,68.74,oral_cavity,Bloat
SAMP_6426,1.71,21.2,74.4,36.18,skin_surface,Bloat
SAMP_6427,29.48,22.5,40.0,663.34,oral_cavity,Dry Remains
SAMP_6428,14.56,12.0,43.0,174.73,soil_interface,Active Decay
SAMP_6429,3.12,27.3,61.6,85.28,skin_surface,Bloat
SAMP_6430,8.94,19.1,87.9,170.67,oral_cavity,Active Decay
SAMP_6431,12.78,23.3,84.5,297.81,skin_surface,Active Decay
SAMP_6432,28.35,21.1,89.7,598.18,oral_cavity,Advanced Decay
SAMP_6433,21.34,16.8,60.8,358.51,oral_cavity,Advanced Decay
SAMP_6434,7.24,17.7,42.3,128.15,oral_cavity,Bloat
SAMP_6435,14.9,18.3,55.3,272.69,skin_surface,Active Decay
SAMP_6436,8.26,26.3,73.8,217.2,oral_cavity,Active Decay
SAMP_6437,8.05,21.4,46.8,172.17,skin_surface,Active Decay
SAMP_6438,1.22,19.9,55.0,24.25,oral_cavity,Fresh
SAMP_6439,1.35,18.3,42.8,24.67,oral_cavity,Fresh
SAMP_6440,7.54,26.8,63.7,202.08,oral_cavity,Active Decay
SAMP_6441,3.13,27.9,50.4,87.37,skin_surface,Bloat
SAMP_6442,0.21,26.7,44.6,5.68,skin_surface,Fresh
SAMP_6443,12.83,24.0,60.6,307.96,skin_surface,Active Decay
SAMP_6444,0.33,23.2,57.6,7.66,oral_cavity,Fresh
SAMP_6445,9.05,17.1,66.9,154.68,oral_cavity,Active Decay
SAMP_6446,7.75,21.0,77.5,162.7,skin_surface,Active Decay
SAMP_6447,30.0,19.3,45.6,579.0,oral_cavity,Advanced Decay
SAMP_6448,6.62,14.7,79.6,97.32,oral_cavity,Bloat
SAMP_6449,0.66,26.2,41.3,17.22,oral_cavity,Fresh
SAMP_6450,8.02,19.2,62.2,154.04,skin_surface,Active Decay
SAMP_6451,18.39,26.8,69.4,492.97,skin_surface,Advanced Decay
SAMP_6452,30.0,25.5,87.8,765.0,oral_cavity,Dry Remains
SAMP_6453,5.63,24.2,68.7,136.18,skin_surface,Bloat
SAMP_6454,3.86,24.5,47.9,94.59,skin_surface,Bloat
SAMP_6455,23.71,19.5,65.9,462.43,oral_cavity,Advanced Decay
SAMP_6456,2.12,29.4,59.8,62.4,oral_cavity,Bloat
SAMP_6457,9.56,22.2,64.0,212.15,skin_surface,Active Decay
SAMP_6458,5.2,23.2,49.9,120.73,skin_surface,Bloat
SAMP_6459,0.42,19.4,65.0,8.14,oral_cavity,Fresh
SAMP_6460,4.27,18.3,47.5,78.07,skin_surface,Bloat
SAMP_6461,3.08,23.9,77.2,73.66,skin_surface,Bloat
SAMP_6462,11.59,22.9,69.7,265.33,skin_surface,Active Decay
SAMP_6463,29.72,18.8,43.9,558.7,oral_cavity,Advanced Decay
SAMP_6464,3.12,16.2,84.5,50.55,oral_cavity,Bloat
SAMP_6465,16.68,16.9,70.8,281.97,skin_surface,Active Decay
SAMP_6466,0.57,26.8,55.8,15.26,skin_surface,Fresh
SAMP_6467,7.72,19.5,42.3,150.63,oral_cavity,Active Decay
SAMP_6468,0.73,20.6,71.6,15.07,skin_surface,Fresh
SAMP_6469,27.19,27.8,58.7,755.77,skin_surface,Dry Remains
SAMP_6470,14.54,17.5,85.4,254.44,skin_surface,Active Decay
SAMP_6471,10.73,19.1,41.7,204.9,oral_cavity,Active Decay
SAMP_6472,17.37,18.9,42.0,328.23,skin_surface,Active Decay
SAMP_6473,10.43,28.5,87.5,297.19,skin_surface,Active Decay
SAMP_6474,30.0,30.0,88.2,900.0,oral_cavity,Dry Remains
SAMP_6475,12.52,25.0,41.4,312.9,oral_cavity,Active Decay
SAMP_6476,25.86,25.1,75.8,649.02,oral_cavity,Dry Remains
SAMP_6477,7.28,19.7,51.1,143.42,skin_surface,Bloat
SAMP_6478,1.25,29.8,75.1,37.1,oral_cavity,Bloat
SAMP_6479,7.51,23.1,83.4,173.52,soil_interface,Active Decay
SAMP_6480,1.36,25.4,45.0,34.46,soil_interface,Fresh
SAMP_6481,8.98,21.6,51.9,193.9,soil_interface,Active Decay
SAMP_6482,6.59,20.9,41.2,137.68,skin_surface,Bloat
SAMP_6483,9.74,28.7,42.2,279.65,soil_interface,Active Decay
SAMP_6484,0.1,24.2,41.5,2.44,oral_cavity,Fresh
SAMP_6485,2.17,27.8,80.0,60.25,skin_surface,Bloat
SAMP_6486,6.76,23.0,54.9,155.47,oral_cavity,Active Decay
SAMP_6487,30.0,18.6,64.7,558.0,oral_cavity,Advanced Decay
SAMP_6488,4.84,19.7,79.4,95.32,oral_cavity,Bloat
SAMP_6489,5.52,22.4,64.7,123.71,skin_surface,Bloat
SAMP_6490,12.54,19.5,61.5,244.57,oral_cavity,Active Decay
SAMP_6491,9.26,17.6,40.6,162.94,skin_surface,Active Decay
SAMP_6492,3.55,26.8,68.4,95.18,soil_interface,Bloat
SAMP_6493,5.29,19.8,46.2,104.75,oral_cavity,Bloat
SAMP_6494,2.46,22.6,78.2,55.49,skin_surface,Bloat
SAMP_6495,30.0,23.2,52.9,696.0,skin_surface,Dry Remains
SAMP_6496,1.4,19.6,73.7,27.44,oral_cavity,Fresh
SAMP_6497,4.65,27.8,72.3,129.26,soil_interface,Bloat
SAMP_6498,0.26,17.5,70.8,4.58,soil_interface,Fresh
SAMP_6499,2.51,23.0,53.3,57.67,oral_cavity,Bloat
SAMP_6500,15.16,23.0,53.4,348.74,oral_cavity,Active Decay
SAMP_6501,2.25,21.8,83.2,48.97,soil_interface,Bloat
SAMP_6502,0.83,16.8,40.6,14.02,soil_interface,Fresh
SAMP_6503,6.43,25.5,49.1,164.05,skin_surface,Active Decay
SAMP_6504,0.1,25.0,70.5,2.5,oral_cavity,Fresh
SAMP_6505,0.89,19.3,80.9,17.1,skin_surface,Fresh
SAMP_6506,16.48,24.8,57.9,408.78,oral_cavity,Advanced Decay
SAMP_6507,14.76,23.5,72.7,346.88,soil_interface,Active Decay
SAMP_6508,24.67,16.9,67.9,416.88,skin_surface,Advanced Decay
SAMP_6509,19.28,18.6,43.2,358.55,skin_surface,Advanced Decay
SAMP_6510,11.49,26.6,71.1,305.74,oral_cavity,Active Decay
SAMP_6511,0.54,23.2,80.7,12.47,skin_surface,Fresh
SAMP_6512,15.27,19.7,89.6,300.85,oral_cavity,Active Decay
SAMP_6513,18.68,18.6,41.5,347.38,oral_cavity,Active Decay
SAMP_6514,16.05,19.9,73.0,319.37,skin_surface,Active Decay
SAMP_6515,7.1,20.2,60.7,143.47,skin_surface,Bloat
SAMP_6516,2.65,18.6,40.5,49.32,skin_surface,Bloat
SAMP_6517,18.66,15.0,70.7,279.97,soil_interface,Active Decay
SAMP_6518,12.99,26.6,46.1,345.5,oral_cavity,Active Decay
SAMP_6519,30.0,25.9,58.9,777.0,skin_surface,Dry Remains
SAMP_6520,1.69,16.9,53.1,28.6,skin_surface,Fresh
SAMP_6521,2.56,22.5,58.1,57.54,oral_cavity,Bloat
SAMP_6522,2.38,18.4,64.6,43.79,skin_surface,Bloat
SAMP_6523,15.73,21.0,58.0,330.29,skin_surface,Active Decay
SAMP_6524,2.07,20.6,67.6,42.62,soil_interface,Bloat
SAMP_6525,0.69,20.3,51.9,14.0,skin_surface,Fresh
SAMP_6526,30.0,30.0,71.8,900.0,oral_cavity,Dry Remains
SAMP_6527,0.25,20.2,82.7,5.08,oral_cavity,Fresh
SAMP_6528,18.03,18.8,51.2,339.02,oral_cavity,Active Decay
SAMP_6529,4.55,18.9,65.4,85.94,oral_cavity,Bloat
SAMP_6530,18.43,26.2,72.4,482.8,skin_surface,Advanced Decay
SAMP_6531,8.09,15.4,68.2,124.56,oral_cavity,Bloat
SAMP_6532,23.19,18.9,58.3,438.3,soil_interface,Advanced Decay
SAMP_6533,26.06,27.8,72.1,724.55,oral_cavity,Dry Remains
SAMP_6534,0.1,23.0,41.4,2.3,skin_surface,Fresh
SAMP_6535,0.78,22.8,58.5,17.88,oral_cavity,Fresh
SAMP_6536,2.88,30.5,66.6,87.89,skin_surface,Bloat
SAMP_6537,11.07,23.0,41.0,254.52,oral_cavity,Active Decay
SAMP_6538,21.92,19.2,65.4,420.8,oral_cavity,Advanced Decay
SAMP_6539,6.16,20.9,72.7,128.76,skin_surface,Bloat
SAMP_6540,9.34,17.5,78.0,163.43,skin_surface,Active Decay
SAMP_6541,2.09,27.0,45.7,56.4,skin_surface,Bloat
SAMP_6542,16.35,24.3,89.5,397.2,skin_surface,Advanced Decay
SAMP_6543,30.0,26.5,70.3,795.0,soil_interface,Dry Remains
SAMP_6544,3.13,26.9,58.2,84.14,soil_interface,Bloat
SAMP_6545,6.83,20.3,52.5,138.62,skin_surface,Bloat
SAMP_6546,0.9,18.2,68.6,16.39,oral_cavity,Fresh
SAMP_6547,8.19,21.8,84.1,178.55,soil_interface,Active Decay
SAMP_6548,6.99,18.5,66.0,129.26,soil_interface,Bloat
SAMP_6549,1.56,22.7,73.1,35.41,skin_surface,Bloat
SAMP_6550,5.84,26.5,57.9,154.63,skin_surface,Active Decay
SAMP_6551,4.07,21.3,59.4,86.61,oral_cavity,Bloat
SAMP_6552,7.38,22.6,54.3,166.74,skin_surface,Active Decay
SAMP_6553,8.81,21.6,75.3,190.31,soil_interface,Active Decay
SAMP_6554,0.1,25.2,58.0,2.52,skin_surface,Fresh
SAMP_6555,14.31,19.3,49.5,276.24,skin_surface,Active Decay
SAMP_6556,12.48,13.2,58.5,164.78,oral_cavity,Active Decay
SAMP_6557,4.56,23.9,82.7,109.02,oral_cavity,Bloat
SAMP_6558,0.54,26.0,76.9,14.14,skin_surface,Fresh
SAMP_6559,14.06,23.8,56.7,334.68,oral_cavity,Active Decay
SAMP_6560,30.0,19.4,85.3,582.0,skin_surface,Advanced Decay
SAMP_6561,2.75,17.5,43.7,48.06,skin_surface,Bloat
SAMP_6562,3.91,24.0,42.5,93.81,oral_cavity,Bloat
SAMP_6563,2.03,22.6,46.4,45.9,oral_cavity,Bloat
SAMP_6564,8.6,21.5,45.8,184.95,soil_interface,Active Decay
SAMP_6565,1.68,29.3,44.4,49.29,oral_cavity,Bloat
SAMP_6566,4.4,18.2,73.1,80.15,oral_cavity,Bloat
SAMP_6567,11.94,29.1,70.0,347.47,skin_surface,Active Decay
SAMP_6568,8.21,22.1,72.4,181.49,soil_interface,Active Decay
SAMP_6569,4.89,14.7,74.4,71.81,soil_interface,Bloat
SAMP_6570,5.45,21.3,77.8,116.12,skin_surface,Bloat
SAMP_6571,8.26,25.8,50.4,213.05,skin_surface,Active Decay
SAMP_6572,0.1,20.5,71.1,2.05,soil_interface,Fresh
SAMP_6573,0.82,16.1,69.0,13.16,skin_surface,Fresh
SAMP_6574,21.31,21.3,87.2,453.86,skin_surface,Advanced Decay
SAMP_6575,0.81,18.6,51.6,15.08,skin_surface,Fresh
SAMP_6576,12.27,24.0,42.9,294.46,oral_cavity,Active Decay
SAMP_6577,25.26,25.1,72.7,634.08,skin_surface,Dry Remains
SAMP_6578,3.16,17.8,77.0,56.19,oral_cavity,Bloat
SAMP_6579,4.63,19.2,54.2,88.86,oral_cavity,Bloat
SAMP_6580,8.41,25.0,68.5,210.37,soil_interface,Active Decay
SAMP_6581,21.35,18.6,43.0,397.04,oral_cavity,Advanced Decay
SAMP_6582,28.46,17.7,88.0,503.69,oral_cavity,Advanced Decay
SAMP_6583,13.45,17.3,45.5,232.75,oral_cavity,Active Decay
SAMP_6584,0.91,23.4,43.4,21.2,skin_surface,Fresh
SAMP_6585,11.06,23.2,42.2,256.62,soil_interface,Active Decay
SAMP_6586,5.28,19.3,61.4,101.93,skin_surface,Bloat
SAMP_6587,6.36,22.0,44.9,139.96,soil_interface,Bloat
SAMP_6588,0.5,28.1,77.2,14.16,soil_interface,Fresh
SAMP_6589,2.12,18.1,84.9,38.38,soil_interface,Bloat
SAMP_6590,15.63,14.2,53.0,221.96,oral_cavity,Active Decay
SAMP_6591,6.05,23.8,71.4,144.0,skin_surface,Bloat
SAMP_6592,3.59,21.6,42.1,77.56,oral_cavity,Bloat
SAMP_6593,4.85,19.2,59.3,93.03,oral_cavity,Bloat
SAMP_6594,19.27,24.6,54.6,474.01,skin_surface,Advanced Decay
SAMP_6595,13.82,25.4,51.4,351.1,skin_surface,Advanced Decay
SAMP_6596,3.18,13.2,72.2,41.96,skin_surface,Bloat
SAMP_6597,1.25,19.4,46.5,24.25,oral_cavity,Fresh
SAMP_6598,2.9,31.3,83.0,90.88,oral_cavity,Bloat
SAMP_6599,25.35,24.3,73.2,616.06,oral_cavity,Dry Remains
SAMP_6600,8.71,24.7,75.5,215.21,soil_interface,Active Decay
SAMP_6601,7.62,26.7,86.8,203.58,skin_surface,Active Decay
SAMP_6602,9.07,22.1,87.1,200.52,soil_interface,Active Decay
SAMP_6603,4.56,25.2,67.6,114.85,soil_interface,Bloat
SAMP_6604,16.46,24.9,64.8,409.76,skin_surface,Advanced Decay
SAMP_6605,7.41,24.2,56.8,179.28,oral_cavity,Active Decay
SAMP_6606,1.24,20.7,75.8,25.7,skin_surface,Fresh
SAMP_6607,1.38,22.7,66.9,31.37,skin_surface,Fresh
SAMP_6608,7.7,19.6,86.6,150.87,skin_surface,Active Decay
SAMP_6609,27.58,22.1,51.9,609.48,oral_cavity,Dry Remains
SAMP_6610,3.69,17.3,55.5,63.78,skin_surface,Bloat
SAMP_6611,20.37,18.8,55.8,382.9,oral_cavity,Advanced Decay
SAMP_6612,14.44,20.9,80.3,301.86,soil_interface,Active Decay
SAMP_6613,2.85,18.2,45.0,51.83,skin_surface,Bloat
SAMP_6614,0.37,20.0,62.8,7.4,oral_cavity,Fresh
SAMP_6615,1.07,21.3,61.4,22.88,oral_cavity,Fresh
SAMP_6616,13.04,23.6,43.7,307.69,skin_surface,Active Decay
SAMP_6617,2.23,25.8,60.5,57.46,skin_surface,Bloat
SAMP_6618,4.64,20.1,65.7,93.28,skin_surface,Bloat
SAMP_6619,6.97,27.3,43.3,190.16,skin_surface,Active Decay
SAMP_6620,12.93,25.8,65.5,333.51,skin_surface,Active Decay
SAMP_6621,1.2,24.0,88.0,28.84,oral_cavity,Fresh
SAMP_6622,5.21,22.6,88.9,117.86,soil_interface,Bloat
SAMP_6623,6.64,23.3,66.6,154.65,skin_surface,Active Decay
SAMP_6624,7.78,26.7,65.8,207.81,oral_cavity,Active Decay
SAMP_6625,17.06,26.9,54.3,458.84,oral_cavity,Advanced Decay
SAMP_6626,1.88,27.3,89.9,51.42,oral_cavity,Bloat
SAMP_6627,16.49,22.2,53.7,366.16,oral_cavity,Advanced Decay
SAMP_6628,11.81,24.2,62.6,285.68,skin_surface,Active Decay
SAMP_6629,8.12,27.4,40.1,222.39,oral_cavity,Active Decay
SAMP_6630,12.02,19.5,57.5,234.47,soil_interface,Active Decay
SAMP_6631,5.31,20.7,43.6,109.93,skin_surface,Bloat
SAMP_6632,1.49,22.1,77.2,32.92,oral_cavity,Fresh
SAMP_6633,10.96,25.6,68.1,280.55,oral_cavity,Active Decay
SAMP_6634,7.44,25.7,68.6,191.14,skin_surface,Active Decay
SAMP_6635,10.2,21.1,54.3,215.2,oral_cavity,Active Decay
SAMP_6636,4.12,16.0,80.7,66.0,oral_cavity,Bloat
SAMP_6637,23.74,23.0,40.2,545.96,oral_cavity,Advanced Decay
SAMP_6638,8.85,18.3,56.7,161.99,oral_cavity,Active Decay
SAMP_6639,0.89,16.0,73.0,14.28,oral_cavity,Fresh
SAMP_6640,5.97,16.9,85.4,100.97,oral_cavity,Bloat
SAMP_6641,14.12,23.3,51.7,329.01,soil_interface,Active Decay
SAMP_6642,15.81,27.4,67.1,433.07,oral_cavity,Advanced Decay
SAMP_6643,6.82,22.2,66.9,151.49,skin_surface,Active Decay
SAMP_6644,22.51,22.8,83.7,513.32,oral_cavity,Advanced Decay
SAMP_6645,3.12,26.7,42.5,83.18,oral_cavity,Bloat
SAMP_6646,5.29,15.8,61.2,83.53,skin_surface,Bloat
SAMP_6647,22.89,24.1,49.1,551.57,oral_cavity,Advanced Decay
SAMP_6648,22.66,22.0,41.1,498.48,oral_cavity,Advanced Decay
SAMP_6649,11.57,24.3,47.4,281.26,skin_surface,Active Decay
SAMP_6650,19.59,20.1,88.8,393.73,oral_cavity,Advanced Decay
SAMP_6651,0.93,18.7,50.7,17.38,skin_surface,Fresh
SAMP_6652,20.02,22.6,86.8,452.55,oral_cavity,Advanced Decay
SAMP_6653,3.87,28.6,50.3,110.56,oral_cavity,Bloat
SAMP_6654,1.96,25.4,86.6,49.89,oral_cavity,Bloat
SAMP_6655,2.74,20.0,72.7,54.72,soil_interface,Bloat
SAMP_6656,5.41,16.6,45.7,89.84,skin_surface,Bloat
SAMP_6657,2.89,15.3,69.1,44.26,skin_surface,Bloat
SAMP_6658,3.86,27.3,55.9,105.51,skin_surface,Bloat
SAMP_6659,1.45,18.2,59.2,26.39,skin_surface,Fresh
SAMP_6660,3.51,20.7,62.0,72.7,skin_surface,Bloat
SAMP_6661,8.49,27.3,61.1,231.86,skin_surface,Active Decay
SAMP_6662,5.83,15.5,73.2,90.39,skin_surface,Bloat
SAMP_6663,4.26,28.0,78.4,119.21,oral_cavity,Bloat
SAMP_6664,13.72,21.0,56.5,288.16,soil_interface,Active Decay
SAMP_6665,22.4,17.4,86.2,389.71,soil_interface,Advanced Decay
SAMP_6666,14.14,21.0,86.9,296.9,oral_cavity,Active Decay
SAMP_6667,4.03,19.1,42.0,77.06,skin_surface,Bloat
SAMP_6668,13.64,23.8,40.7,324.7,skin_surface,Active Decay
SAMP_6669,1.65,19.4,61.3,31.98,oral_cavity,Fresh
SAMP_6670,1.4,14.4,69.5,20.11,soil_interface,Fresh
SAMP_6671,4.24,21.1,53.9,89.48,skin_surface,Bloat
SAMP_6672,16.49,16.6,53.0,273.69,skin_surface,Active Decay
SAMP_6673,2.83,22.8,73.9,64.48,oral_cavity,Bloat
SAMP_6674,0.65,17.3,70.1,11.3,oral_cavity,Fresh
SAMP_6675,1.41,20.0,48.4,28.25,oral_cavity,Fresh
SAMP_6676,19.57,22.7,84.2,444.28,oral_cavity,Advanced Decay
SAMP_6677,10.05,21.2,74.0,212.96,skin_surface,Active Decay
SAMP_6678,2.92,23.0,58.1,67.15,soil_interface,Bloat
SAMP_6679,8.1,24.7,74.2,200.16,skin_surface,Active Decay
SAMP_6680,7.5,17.4,45.6,130.48,oral_cavity,Bloat
SAMP_6681,10.65,21.7,63.4,231.21,oral_cavity,Active Decay
SAMP_6682,2.66,12.0,48.4,31.86,skin_surface,Fresh
SAMP_6683,19.98,23.0,42.1,459.56,skin_surface,Advanced Decay
SAMP_6684,3.7,20.8,56.9,76.99,soil_interface,Bloat
SAMP_6685,11.85,18.1,47.5,214.41,skin_surface,Active Decay
SAMP_6686,0.16,23.3,71.7,3.79,soil_interface,Fresh
SAMP_6687,4.66,26.7,73.7,124.49,oral_cavity,Bloat
SAMP_6688,4.33,20.1,47.4,87.12,skin_surface,Bloat
SAMP_6689,7.84,18.2,41.2,142.71,oral_cavity,Bloat
SAMP_6690,0.76,22.7,79.6,17.14,skin_surface,Fresh
SAMP_6691,15.61,16.7,40.1,260.73,skin_surface,Active Decay
SAMP_6692,2.46,19.4,57.2,47.65,skin_surface,Bloat
SAMP_6693,11.3,26.9,64.7,304.03,oral_cavity,Active Decay
SAMP_6694,16.26,22.2,80.9,360.89,skin_surface,Advanced Decay
SAMP_6695,8.25,14.5,81.9,119.66,oral_cavity,Bloat
SAMP_6696,13.5,14.8,76.2,199.87,oral_cavity,Active Decay
SAMP_6697,10.84,22.6,52.4,245.05,skin_surface,Active Decay
SAMP_6698,4.39,25.4,76.0,111.59,soil_interface,Bloat
SAMP_6699,16.55,15.5,52.3,256.48,skin_surface,Active Decay
SAMP_6700,3.49,23.8,50.7,83.09,skin_surface,Bloat
SAMP_6701,8.47,27.3,67.4,231.17,oral_cavity,Active Decay
SAMP_6702,13.68,29.6,73.9,404.94,oral_cavity,Advanced Decay
SAMP_6703,4.76,23.3,42.7,110.99,oral_cavity,Bloat
SAMP_6704,3.61,24.0,43.0,86.55,soil_interface,Bloat
SAMP_6705,6.15,13.5,79.2,83.02,oral_cavity,Bloat
SAMP_6706,17.04,30.4,83.0,517.88,soil_interface,Advanced Decay
SAMP_6707,26.58,19.7,70.2,523.65,skin_surface,Advanced Decay
SAMP_6708,7.88,18.3,61.4,144.14,skin_surface,Bloat
SAMP_6709,10.83,21.0,82.3,227.46,soil_interface,Active Decay
SAMP_6710,23.36,28.0,76.4,654.04,oral_cavity,Dry Remains
SAMP_6711,1.04,30.8,69.0,31.95,skin_surface,Fresh
SAMP_6712,2.64,22.5,56.0,59.42,soil_interface,Bloat
SAMP_6713,12.34,26.0,49.9,320.86,skin_surface,Active Decay
SAMP_6714,17.36,22.2,60.9,385.35,oral_cavity,Advanced Decay
SAMP_6715,19.45,17.8,54.3,346.23,oral_cavity,Active Decay
SAMP_6716,5.36,27.9,57.0,149.64,skin_surface,Bloat
SAMP_6717,0.94,19.5,65.8,18.25,oral_cavity,Fresh
SAMP_6718,5.76,28.1,48.5,161.82,soil_interface,Active Decay
SAMP_6719,2.62,27.2,80.3,71.35,oral_cavity,Bloat
SAMP_6720,3.44,24.5,47.3,84.32,skin_surface,Bloat
SAMP_6721,14.8,29.3,64.0,433.52,skin_surface,Advanced Decay
SAMP_6722,0.79,30.9,77.3,24.27,skin_surface,Fresh
SAMP_6723,17.58,21.3,64.3,374.42,skin_surface,Advanced Decay
SAMP_6724,5.58,18.8,58.1,104.91,soil_interface,Bloat
SAMP_6725,9.06,14.5,63.7,131.44,skin_surface,Bloat
SAMP_6726,0.94,31.0,82.4,29.12,skin_surface,Fresh
SAMP_6727,4.12,20.2,89.5,83.13,oral_cavity,Bloat
SAMP_6728,0.94,26.5,71.6,24.91,oral_cavity,Fresh
SAMP_6729,30.0,19.0,79.7,570.0,oral_cavity,Advanced Decay
SAMP_6730,16.46,28.2,40.7,464.29,oral_cavity,Advanced Decay
SAMP_6731,6.16,19.2,84.0,118.18,skin_surface,Bloat
SAMP_6732,2.53,17.2,87.7,43.53,skin_surface,Bloat
SAMP_6733,27.1,21.2,68.8,574.49,skin_surface,Advanced Decay
SAMP_6734,4.23,19.9,77.7,84.08,oral_cavity,Bloat
SAMP_6735,1.76,24.4,65.6,42.83,oral_cavity,Bloat
SAMP_6736,8.28,21.8,54.3,180.55,soil_interface,Active Decay
SAMP_6737,28.78,24.5,82.6,705.2,soil_interface,Dry Remains
SAMP_6738,0.1,20.8,69.8,2.08,soil_interface,Fresh
SAMP_6739,2.72,19.3,69.0,52.49,soil_interface,Bloat
SAMP_6740,27.88,19.7,73.0,549.21,skin_surface,Advanced Decay
SAMP_6741,1.88,30.2,82.8,56.67,soil_interface,Bloat
SAMP_6742,1.2,22.9,76.6,27.52,skin_surface,Fresh
SAMP_6743,8.44,14.1,50.6,119.06,soil_interface,Bloat
SAMP_6744,19.79,19.9,63.3,393.89,oral_cavity,Advanced Decay
SAMP_6745,6.48,22.4,89.0,145.24,soil_interface,Bloat
SAMP_6746,30.0,29.4,67.7,882.0,skin_surface,Dry Remains
SAMP_6747,11.37,26.1,86.9,296.72,oral_cavity,Active Decay
SAMP_6748,0.77,18.3,80.7,14.08,oral_cavity,Fresh
SAMP_6749,30.0,31.7,73.3,951.0,soil_interface,Dry Remains
SAMP_6750,5.24,21.9,57.5,114.77,skin_surface,Bloat
SAMP_6751,3.39,27.0,55.2,91.49,soil_interface,Bloat
SAMP_6752,8.16,17.4,72.2,142.01,oral_cavity,Bloat
SAMP_6753,3.63,12.4,61.6,44.99,skin_surface,Bloat
SAMP_6754,0.9,16.4,79.9,14.83,oral_cavity,Fresh
SAMP_6755,0.1,12.0,78.0,1.2,skin_surface,Fresh
SAMP_6756,5.97,30.4,55.6,181.51,skin_surface,Active Decay
SAMP_6757,18.13,22.9,75.1,415.22,skin_surface,Advanced Decay
SAMP_6758,8.49,18.3,64.7,155.43,oral_cavity,Active Decay
SAMP_6759,30.0,23.8,56.2,714.0,oral_cavity,Dry Remains
SAMP_6760,3.38,22.8,60.6,77.08,oral_cavity,Bloat
SAMP_6761,3.29,24.5,84.8,80.64,soil_interface,Bloat
SAMP_6762,1.74,26.8,58.0,46.65,oral_cavity,Bloat
SAMP_6763,1.79,20.8,54.4,37.27,oral_cavity,Bloat
SAMP_6764,3.36,18.5,57.6,62.11,skin_surface,Bloat
SAMP_6765,15.74,25.3,50.7,398.29,soil_interface,Advanced Decay
SAMP_6766,23.62,25.2,67.2,595.19,oral_cavity,Advanced Decay
SAMP_6767,30.0,22.4,47.4,672.0,oral_cavity,Dry Remains
SAMP_6768,2.64,30.7,80.9,81.15,skin_surface,Bloat
SAMP_6769,21.31,20.2,51.3,430.49,soil_interface,Advanced Decay
SAMP_6770,3.98,18.4,69.9,73.21,skin_surface,Bloat
SAMP_6771,1.2,23.7,46.3,28.38,oral_cavity,Fresh
SAMP_6772,20.4,19.3,88.9,393.8,skin_surface,Advanced Decay
SAMP_6773,10.11,24.0,62.7,242.61,soil_interface,Active Decay
SAMP_6774,1.8,18.7,81.1,33.66,skin_surface,Fresh
SAMP_6775,5.62,20.4,78.4,114.61,oral_cavity,Bloat
SAMP_6776,3.39,29.6,75.7,100.24,oral_cavity,Bloat
SAMP_6777,13.35,20.4,81.4,272.3,soil_interface,Active Decay
SAMP_6778,6.04,18.8,45.0,113.56,skin_surface,Bloat
SAMP_6779,30.0,26.7,73.9,801.0,skin_surface,Dry Remains
SAMP_6780,0.56,17.8,53.3,10.02,oral_cavity,Fresh
SAMP_6781,4.39,19.2,79.3,84.2,skin_surface,Bloat
SAMP_6782,6.58,24.3,87.8,159.79,oral_cavity,Active Decay
SAMP_6783,6.99,25.8,85.1,180.45,oral_cavity,Active Decay
SAMP_6784,3.8,26.9,45.7,102.14,soil_interface,Bloat
SAMP_6785,13.07,19.0,58.5,248.24,oral_cavity,Active Decay
SAMP_6786,20.77,24.4,58.2,506.89,oral_cavity,Advanced Decay
SAMP_6787,27.92,20.1,46.1,561.25,soil_interface,Advanced Decay
SAMP_6788,16.35,19.6,44.9,320.51,oral_cavity,Active Decay
SAMP_6789,19.01,26.8,59.2,509.47,skin_surface,Advanced Decay
SAMP_6790,8.0,19.8,89.6,158.34,skin_surface,Active Decay
SAMP_6791,17.48,23.1,68.4,403.8,soil_interface,Advanced Decay
SAMP_6792,3.62,22.6,71.1,81.74,soil_interface,Bloat
SAMP_6793,5.08,17.7,63.6,89.97,skin_surface,Bloat
SAMP_6794,3.81,25.9,73.1,98.71,oral_cavity,Bloat
SAMP_6795,6.3,24.2,87.8,152.45,skin_surface,Active Decay
SAMP_6796,3.36,14.1,69.4,47.42,soil_interface,Bloat
SAMP_6797,30.0,23.1,43.3,693.0,oral_cavity,Dry Remains
SAMP_6798,3.75,18.9,64.6,70.91,skin_surface,Bloat
SAMP_6799,1.03,26.4,89.6,27.24,oral_cavity,Fresh
SAMP_6800,7.48,16.2,59.4,121.22,oral_cavity,Bloat
SAMP_6801,0.59,20.6,69.7,12.11,oral_cavity,Fresh
SAMP_6802,1.17,23.4,45.3,27.41,oral_cavity,Fresh
SAMP_6803,2.48,22.2,47.1,54.98,soil_interface,Bloat
SAMP_6804,6.24,25.1,83.7,156.69,soil_interface,Active Decay
SAMP_6805,5.68,15.9,55.0,90.29,skin_surface,Bloat
SAMP_6806,16.08,28.6,55.3,459.86,skin_surface,Advanced Decay
SAMP_6807,13.45,24.1,59.4,324.16,skin_surface,Active Decay
SAMP_6808,5.56,27.4,88.3,152.26,soil_interface,Active Decay
SAMP_6809,4.06,25.5,44.2,103.54,soil_interface,Bloat
SAMP_6810,3.8,22.0,80.9,83.71,oral_cavity,Bloat
SAMP_6811,14.87,16.9,57.1,251.34,skin_surface,Active Decay
SAMP_6812,0.53,19.7,82.5,10.54,skin_surface,Fresh
SAMP_6813,0.13,28.4,89.6,3.66,soil_interface,Fresh
SAMP_6814,15.87,27.5,57.4,436.54,skin_surface,Advanced Decay
SAMP_6815,6.48,19.5,46.5,126.45,soil_interface,Bloat
SAMP_6816,1.4,12.0,47.2,16.83,soil_interface,Fresh
SAMP_6817,2.69,21.1,77.9,56.68,skin_surface,Bloat
SAMP_6818,26.96,20.8,47.2,560.7,soil_interface,Advanced Decay
SAMP_6819,19.63,21.0,53.0,412.14,oral_cavity,Advanced Decay
SAMP_6820,12.37,24.1,50.2,298.15,oral_cavity,Active Decay
SAMP_6821,6.58,25.5,57.8,167.84,skin_surface,Active Decay
SAMP_6822,7.35,26.0,43.7,191.01,oral_cavity,Active Decay
SAMP_6823,30.0,23.8,82.8,714.0,oral_cavity,Dry Remains
SAMP_6824,30.0,14.8,83.0,444.0,skin_surface,Advanced Decay
SAMP_6825,2.42,20.6,60.6,49.94,skin_surface,Bloat
SAMP_6826,16.67,31.2,70.6,519.97,soil_interface,Advanced Decay
SAMP_6827,2.2,23.5,72.1,51.63,soil_interface,Bloat
SAMP_6828,2.4,23.5,77.5,56.45,skin_surface,Bloat
SAMP_6829,11.27,23.4,66.0,263.79,skin_surface,Active Decay
SAMP_6830,5.19,23.7,65.5,123.05,skin_surface,Bloat
SAMP_6831,26.82,12.5,71.6,335.2,skin_surface,Active Decay
SAMP_6832,0.93,21.0,75.2,19.58,oral_cavity,Fresh
SAMP_6833,7.16,21.8,57.3,156.19,skin_surface,Active Decay
SAMP_6834,25.07,27.1,56.5,679.51,skin_surface,Dry Remains
SAMP_6835,23.45,22.2,53.5,520.5,oral_cavity,Advanced Decay
SAMP_6836,1.7,15.4,67.4,26.22,soil_interface,Fresh
SAMP_6837,4.57,23.7,58.0,108.24,skin_surface,Bloat
SAMP_6838,9.65,18.8,67.0,181.47,oral_cavity,Active Decay
SAMP_6839,1.74,17.1,60.3,29.69,skin_surface,Fresh
SAMP_6840,30.0,18.7,81.8,561.0,oral_cavity,Advanced Decay
SAMP_6841,24.62,24.2,43.7,595.84,oral_cavity,Advanced Decay
SAMP_6842,1.83,27.0,68.6,49.32,soil_interface,Bloat
SAMP_6843,1.29,23.9,68.8,30.87,soil_interface,Fresh
SAMP_6844,0.89,24.5,59.2,21.87,oral_cavity,Fresh
SAMP_6845,24.02,23.9,61.1,574.03,soil_interface,Advanced Decay
SAMP_6846,2.15,22.4,80.0,48.21,oral_cavity,Bloat
SAMP_6847,5.38,24.8,54.0,133.51,oral_cavity,Bloat
SAMP_6848,5.96,12.3,83.6,73.28,oral_cavity,Bloat
SAMP_6849,9.14,22.4,84.8,204.7,oral_cavity,Active Decay
SAMP_6850,0.74,17.8,72.5,13.25,oral_cavity,Fresh
SAMP_6851,2.57,26.7,78.6,68.66,soil_interface,Bloat
SAMP_6852,26.81,21.4,70.6,573.69,oral_cavity,Advanced Decay
SAMP_6853,23.9,22.1,66.3,528.29,oral_cavity,Advanced Decay
SAMP_6854,15.2,16.0,88.3,243.2,skin_surface,Active Decay
SAMP_6855,0.2,26.1,54.1,5.11,oral_cavity,Fresh
SAMP_6856,3.96,24.5,47.7,97.02,skin_surface,Bloat
SAMP_6857,9.89,24.2,54.4,239.28,skin_surface,Active Decay
SAMP_6858,3.22,18.7,70.7,60.19,oral_cavity,Bloat
SAMP_6859,24.03,18.9,49.3,454.24,skin_surface,Advanced Decay
SAMP_6860,10.05,22.9,85.4,230.1,oral_cavity,Active Decay
SAMP_6861,0.75,19.2,60.6,14.33,oral_cavity,Fresh
SAMP_6862,23.97,23.7,82.5,568.08,oral_cavity,Advanced Decay
SAMP_6863,30.0,13.4,52.5,402.0,skin_surface,Advanced Decay
SAMP_6864,0.81,20.0,55.7,16.18,skin_surface,Fresh
SAMP_6865,7.6,29.2,43.0,221.94,skin_surface,Active Decay
SAMP_6866,3.61,23.8,52.9,86.04,skin_surface,Bloat
SAMP_6867,4.99,22.7,64.5,113.26,skin_surface,Bloat
SAMP_6868,1.98,29.9,87.3,59.21,oral_cavity,Bloat
SAMP_6869,8.63,12.7,59.4,109.59,soil_interface,Bloat
SAMP_6870,30.0,18.7,72.0,561.0,soil_interface,Advanced Decay
SAMP_6871,6.99,20.4,61.4,142.66,skin_surface,Bloat
SAMP_6872,0.87,25.4,42.3,21.98,oral_cavity,Fresh
SAMP_6873,9.68,25.5,65.2,246.73,skin_surface,Active Decay
SAMP_6874,4.16,18.5,43.3,76.93,oral_cavity,Bloat
SAMP_6875,19.37,26.0,84.2,503.73,skin_surface,Advanced Decay
SAMP_6876,5.7,20.4,77.7,116.35,oral_cavity,Bloat
SAMP_6877,2.14,26.8,58.9,57.41,skin_surface,Bloat
SAMP_6878,2.12,17.9,72.0,37.96,oral_cavity,Bloat
SAMP_6879,14.64,21.5,45.6,314.83,soil_interface,Active Decay
SAMP_6880,3.09,20.0,75.1,61.74,oral_cavity,Bloat
SAMP_6881,14.58,26.2,81.1,381.92,skin_surface,Advanced Decay
SAMP_6882,2.31,19.9,81.1,45.88,soil_interface,Bloat
SAMP_6883,3.88,21.8,54.2,84.62,oral_cavity,Bloat
SAMP_6884,6.26,24.0,53.2,150.34,soil_interface,Active Decay
SAMP_6885,28.68,24.2,66.1,694.09,oral_cavity,Dry Remains
SAMP_6886,26.84,25.5,88.4,684.5,soil_interface,Dry Remains
SAMP_6887,2.32,22.8,86.0,52.84,soil_interface,Bloat
SAMP_6888,4.44,20.3,58.0,90.03,oral_cavity,Bloat
SAMP_6889,1.62,20.6,79.0,33.33,soil_interface,Fresh
SAMP_6890,7.13,22.1,86.1,157.64,oral_cavity,Active Decay
SAMP_6891,6.17,23.0,53.0,141.97,oral_cavity,Bloat
SAMP_6892,23.1,21.4,81.5,494.39,oral_cavity,Advanced Decay
SAMP_6893,26.59,22.1,53.4,587.71,oral_cavity,Advanced Decay
SAMP_6894,4.84,15.9,57.2,76.93,skin_surface,Bloat
SAMP_6895,6.77,24.7,49.9,167.16,skin_surface,Active Decay
SAMP_6896,22.66,22.7,65.4,514.3,skin_surface,Advanced Decay
SAMP_6897,16.44,26.0,82.2,427.32,oral_cavity,Advanced Decay
SAMP_6898,0.1,22.0,66.4,2.2,soil_interface,Fresh
SAMP_6899,3.86,15.0,46.2,57.86,oral_cavity,Bloat
SAMP_6900,5.48,20.6,52.6,112.84,oral_cavity,Bloat
SAMP_6901,2.61,21.2,68.1,55.33,skin_surface,Bloat
SAMP_6902,2.23,25.0,69.2,55.65,soil_interface,Bloat
SAMP_6903,0.39,13.7,68.8,5.28,skin_surface,Fresh
SAMP_6904,10.31,22.2,43.9,228.89,skin_surface,Active Decay
SAMP_6905,3.05,24.1,77.7,73.39,oral_cavity,Bloat
SAMP_6906,0.54,19.4,85.5,10.43,oral_cavity,Fresh
SAMP_6907,2.63,22.3,65.5,58.57,skin_surface,Bloat
SAMP_6908,16.19,19.5,75.9,315.72,skin_surface,Active Decay
SAMP_6909,19.07,19.1,85.7,364.26,oral_cavity,Advanced Decay
SAMP_6910,6.6,20.4,72.1,134.61,skin_surface,Bloat
SAMP_6911,5.38,19.2,73.7,103.29,skin_surface,Bloat
SAMP_6912,30.0,24.7,76.1,741.0,skin_surface,Dry Remains
SAMP_6913,2.24,19.1,53.0,42.76,oral_cavity,Bloat
SAMP_6914,2.43,18.4,69.1,44.63,skin_surface,Bloat
SAMP_6915,3.45,29.1,82.1,100.43,oral_cavity,Bloat
SAMP_6916,1.9,25.8,54.8,48.93,oral_cavity,Bloat
SAMP_6917,4.77,14.6,84.9,69.64,skin_surface,Bloat
SAMP_6918,24.17,18.9,71.0,456.86,skin_surface,Advanced Decay
SAMP_6919,9.55,23.0,61.2,219.75,skin_surface,Active Decay
SAMP_6920,5.31,23.3,71.2,123.71,oral_cavity,Bloat
SAMP_6921,27.24,16.0,60.1,435.9,soil_interface,Advanced Decay
SAMP_6922,0.5,26.6,81.9,13.21,oral_cavity,Fresh
SAMP_6923,2.36,25.3,64.1,59.73,soil_interface,Bloat
SAMP_6924,8.34,23.9,85.1,199.43,oral_cavity,Active Decay
SAMP_6925,9.56,27.4,65.5,261.93,oral_cavity,Active Decay
SAMP_6926,0.4,23.8,73.0,9.61,oral_cavity,Fresh
SAMP_6927,5.16,23.8,89.9,122.78,oral_cavity,Bloat
SAMP_6928,10.47,28.2,47.3,295.37,skin_surface,Active Decay
SAMP_6929,11.98,26.4,76.8,316.16,soil_interface,Active Decay
SAMP_6930,10.16,18.6,46.9,189.07,oral_cavity,Active Decay
SAMP_6931,3.86,24.5,81.9,94.69,skin_surface,Bloat
SAMP_6932,0.98,19.3,69.8,18.95,soil_interface,Fresh
SAMP_6933,5.57,24.0,86.9,133.7,skin_surface,Bloat
SAMP_6934,1.38,23.9,83.3,32.94,oral_cavity,Fresh
SAMP_6935,29.49,16.5,43.7,486.63,soil_interface,Advanced Decay
SAMP_6936,6.45,21.5,46.9,138.61,oral_cavity,Bloat
SAMP_6937,3.82,23.1,70.1,88.16,skin_surface,Bloat
SAMP_6938,14.54,20.3,65.9,295.11,skin_surface,Active Decay
SAMP_6939,6.89,23.3,48.4,160.55,oral_cavity,Active Decay
SAMP_6940,3.71,25.2,46.5,93.52,skin_surface,Bloat
SAMP_6941,16.71,21.9,68.2,365.98,oral_cavity,Advanced Decay
SAMP_6942,20.19,22.9,42.4,462.25,oral_cavity,Advanced Decay
SAMP_6943,11.18,27.5,83.7,307.4,oral_cavity,Active Decay
SAMP_6944,0.48,23.9,80.4,11.5,soil_interface,Fresh
SAMP_6945,8.35,22.8,79.3,190.48,soil_interface,Active Decay
SAMP_6946,14.41,18.2,40.8,262.25,oral_cavity,Active Decay
SAMP_6947,1.47,24.7,42.4,36.25,oral_cavity,Bloat
SAMP_6948,2.6,23.3,67.5,60.5,oral_cavity,Bloat
SAMP_6949,21.41,27.1,89.7,580.29,skin_surface,Advanced Decay
SAMP_6950,0.2,22.2,57.1,4.51,soil_interface,Fresh
SAMP_6951,13.97,14.7,57.2,205.4,soil_interface,Active Decay
SAMP_6952,6.42,15.2,46.7,97.59,skin_surface,Bloat
SAMP_6953,5.92,24.9,73.7,147.4,skin_surface,Bloat
SAMP_6954,0.1,19.7,72.3,1.97,oral_cavity,Fresh
SAMP_6955,17.11,23.7,45.1,405.62,oral_cavity,Advanced Decay
SAMP_6956,4.46,22.5,63.4,100.35,skin_surface,Bloat
SAMP_6957,7.78,21.3,73.4,165.76,skin_surface,Active Decay
SAMP_6958,11.31,21.6,64.7,244.3,soil_interface,Active Decay
SAMP_6959,12.13,18.5,73.7,224.36,oral_cavity,Active Decay
SAMP_6960,30.0,21.9,80.8,657.0,oral_cavity,Dry Remains
SAMP_6961,7.58,19.7,74.3,149.3,skin_surface,Bloat
SAMP_6962,5.1,20.5,70.8,104.62,soil_interface,Bloat
SAMP_6963,30.0,20.7,82.7,621.0,skin_surface,Dry Remains
SAMP_6964,10.28,21.1,85.0,216.81,oral_cavity,Active Decay
SAMP_6965,3.54,25.7,59.4,90.99,soil_interface,Bloat
SAMP_6966,1.35,21.5,48.7,29.07,skin_surface,Fresh
SAMP_6967,18.49,26.1,80.9,482.5,oral_cavity,Advanced Decay
SAMP_6968,4.5,28.2,50.7,126.82,oral_cavity,Bloat
SAMP_6969,10.8,25.4,86.4,274.37,skin_surface,Active Decay
SAMP_6970,6.36,24.1,41.1,153.38,skin_surface,Active Decay
SAMP_6971,2.22,23.3,86.1,51.68,skin_surface,Bloat
SAMP_6972,9.21,25.5,69.5,234.73,skin_surface,Active Decay
SAMP_6973,0.63,22.4,78.7,14.02,oral_cavity,Fresh
SAMP_6974,5.33,25.9,59.9,138.13,oral_cavity,Bloat
SAMP_6975,7.91,24.5,89.6,193.8,soil_interface,Active Decay
SAMP_6976,5.73,20.6,51.4,117.99,skin_surface,Bloat
SAMP_6977,13.81,25.6,53.2,353.54,skin_surface,Advanced Decay
SAMP_6978,17.6,22.4,42.6,394.2,oral_cavity,Advanced Decay
SAMP_6979,14.75,21.6,87.0,318.62,oral_cavity,Active Decay
SAMP_6980,0.4,20.1,62.8,7.96,oral_cavity,Fresh
SAMP_6981,2.16,22.7,73.7,48.99,oral_cavity,Bloat
SAMP_6982,7.69,26.0,74.4,199.99,skin_surface,Active Decay
SAMP_6983,27.31,25.6,83.7,699.04,soil_interface,Dry Remains
SAMP_6984,18.02,23.4,73.2,421.56,oral_cavity,Advanced Decay
SAMP_6985,18.49,24.4,68.1,451.05,soil_interface,Advanced Decay
SAMP_6986,3.61,27.1,75.5,97.9,skin_surface,Bloat
SAMP_6987,5.61,21.4,77.5,120.09,oral_cavity,Bloat
SAMP_6988,6.36,17.5,49.3,111.34,skin_surface,Bloat
SAMP_6989,1.71,27.2,45.5,46.57,oral_cavity,Bloat
SAMP_6990,0.32,19.9,43.7,6.28,skin_surface,Fresh
SAMP_6991,29.36,19.2,58.7,563.64,oral_cavity,Advanced Decay
SAMP_6992,2.75,14.8,64.9,40.76,oral_cavity,Bloat
SAMP_6993,2.74,24.3,70.8,66.67,skin_surface,Bloat
SAMP_6994,0.87,15.5,87.9,13.49,oral_cavity,Fresh
SAMP_6995,26.38,19.0,56.5,501.25,oral_cavity,Advanced Decay
SAMP_6996,8.67,24.4,78.0,211.52,oral_cavity,Active Decay
SAMP_6997,11.0,24.9,66.6,273.83,skin_surface,Active Decay
SAMP_6998,24.26,19.4,51.0,470.57,soil_interface,Advanced Decay
SAMP_6999,4.24,21.5,70.8,91.17,oral_cavity,Bloat
SAMP_7000,9.72,18.5,88.4,179.74,oral_cavity,Active Decay
SAMP_7001,0.4,19.8,46.2,7.84,skin_surface,Fresh
SAMP_7002,2.07,23.1,65.4,47.76,oral_cavity,Bloat
SAMP_7003,17.79,20.0,42.6,355.86,skin_surface,Advanced Decay
SAMP_7004,14.56,21.0,56.1,305.7,oral_cavity,Active Decay
SAMP_7005,4.32,16.1,71.0,69.52,skin_surface,Bloat
SAMP_7006,4.73,26.5,82.1,125.32,skin_surface,Bloat
SAMP_7007,7.63,24.0,76.5,183.03,oral_cavity,Active Decay
SAMP_7008,0.1,25.2,63.1,2.52,skin_surface,Fresh
SAMP_7009,2.76,27.2,85.5,75.09,skin_surface,Bloat
SAMP_7010,2.33,18.7,55.1,43.66,oral_cavity,Bloat
SAMP_7011,2.88,20.6,77.7,59.4,oral_cavity,Bloat
SAMP_7012,16.39,14.4,63.7,236.08,oral_cavity,Active Decay
SAMP_7013,3.28,32.0,84.9,104.98,skin_surface,Bloat
SAMP_7014,2.13,21.4,79.9,45.5,oral_cavity,Bloat
SAMP_7015,7.02,26.2,85.1,183.85,skin_surface,Active Decay
SAMP_7016,20.07,17.0,50.7,341.24,skin_surface,Active Decay
SAMP_7017,2.76,26.0,73.4,71.82,soil_interface,Bloat
SAMP_7018,0.82,29.4,76.9,24.05,skin_surface,Fresh
SAMP_7019,4.41,21.8,77.1,96.07,skin_surface,Bloat
SAMP_7020,13.77,18.0,65.2,247.85,skin_surface,Active Decay
SAMP_7021,8.0,21.4,40.6,171.21,soil_interface,Active Decay
SAMP_7022,16.97,13.1,53.1,222.33,oral_cavity,Active Decay
SAMP_7023,30.0,21.8,56.2,654.0,oral_cavity,Dry Remains
SAMP_7024,15.73,25.3,82.6,398.07,oral_cavity,Advanced Decay
SAMP_7025,9.26,21.9,82.0,202.76,skin_surface,Active Decay
SAMP_7026,6.8,20.9,45.2,142.1,oral_cavity,Bloat
SAMP_7027,0.41,24.1,87.5,9.86,oral_cavity,Fresh
SAMP_7028,30.0,24.4,49.1,732.0,skin_surface,Dry Remains
SAMP_7029,4.84,15.4,60.7,74.48,soil_interface,Bloat
SAMP_7030,1.65,22.4,50.8,36.99,soil_interface,Bloat
SAMP_7031,10.99,31.7,83.0,348.3,skin_surface,Active Decay
SAMP_7032,3.34,16.7,77.5,55.86,oral_cavity,Bloat
SAMP_7033,8.81,21.7,57.7,191.25,soil_interface,Active Decay
SAMP_7034,8.84,29.8,74.1,263.36,soil_interface,Active Decay
SAMP_7035,5.9,26.4,49.2,155.79,soil_interface,Active Decay
SAMP_7036,18.09,19.9,59.1,359.91,skin_surface,Advanced Decay
SAMP_7037,3.08,22.8,58.9,70.19,oral_cavity,Bloat
SAMP_7038,5.95,22.0,51.9,130.98,oral_cavity,Bloat
SAMP_7039,7.72,19.0,83.8,146.59,soil_interface,Bloat
SAMP_7040,10.9,21.7,73.9,236.43,oral_cavity,Active Decay
SAMP_7041,15.32,20.9,54.0,320.26,oral_cavity,Active Decay
SAMP_7042,5.02,22.5,52.1,113.0,skin_surface,Bloat
SAMP_7043,10.39,19.0,40.9,197.33,oral_cavity,Active Decay
SAMP_7044,1.63,16.9,57.3,27.59,soil_interface,Fresh
SAMP_7045,26.98,21.8,66.3,588.13,oral_cavity,Advanced Decay
SAMP_7046,4.83,28.9,53.9,139.58,oral_cavity,Bloat
SAMP_7047,13.08,22.3,75.0,291.59,soil_interface,Active Decay
SAMP_7048,0.21,20.7,60.6,4.25,oral_cavity,Fresh
SAMP_7049,2.3,25.0,55.8,57.41,soil_interface,Bloat
SAMP_7050,6.68,21.4,87.0,142.88,skin_surface,Bloat
SAMP_7051,21.06,29.5,53.1,621.21,skin_surface,Dry Remains
SAMP_7052,7.49,22.0,59.9,164.82,oral_cavity,Active Decay
SAMP_7053,26.57,24.8,59.1,659.04,skin_surface,Dry Remains
SAMP_7054,6.61,19.0,52.1,125.64,oral_cavity,Bloat
SAMP_7055,6.74,24.0,50.9,161.81,soil_interface,Active Decay
SAMP_7056,1.28,23.1,55.1,29.46,oral_cavity,Fresh
SAMP_7057,16.23,21.8,83.2,353.77,oral_cavity,Advanced Decay
SAMP_7058,2.84,20.0,78.4,56.73,soil_interface,Bloat
SAMP_7059,22.99,19.4,74.0,445.95,skin_surface,Advanced Decay
SAMP_7060,24.17,23.1,62.9,558.36,skin_surface,Advanced Decay
SAMP_7061,28.7,24.5,65.4,703.19,skin_surface,Dry Remains
SAMP_7062,7.34,21.5,53.4,157.91,oral_cavity,Active Decay
SAMP_7063,11.3,23.1,43.7,261.12,oral_cavity,Active Decay
SAMP_7064,15.07,21.8,56.6,328.61,soil_interface,Active Decay
SAMP_7065,1.4,22.4,64.8,31.46,oral_cavity,Fresh
SAMP_7066,9.19,21.2,42.9,194.76,oral_cavity,Active Decay
SAMP_7067,0.35,22.1,44.4,7.71,skin_surface,Fresh
SAMP_7068,6.88,32.0,53.2,220.25,oral_cavity,Active Decay
SAMP_7069,1.68,23.2,58.4,39.03,skin_surface,Bloat
SAMP_7070,2.02,24.6,59.7,49.7,skin_surface,Bloat
SAMP_7071,4.54,23.8,45.9,108.1,soil_interface,Bloat
SAMP_7072,5.66,20.9,51.3,118.38,oral_cavity,Bloat
SAMP_7073,9.76,27.2,53.1,265.46,oral_cavity,Active Decay
SAMP_7074,0.77,20.8,43.4,16.09,soil_interface,Fresh
SAMP_7075,7.01,26.2,56.3,183.55,oral_cavity,Active Decay
SAMP_7076,2.02,20.7,43.6,41.74,skin_surface,Bloat
SAMP_7077,8.53,18.2,75.2,155.29,skin_surface,Active Decay
SAMP_7078,10.14,23.5,59.3,238.4,skin_surface,Active Decay
SAMP_7079,8.14,17.6,56.3,143.18,skin_surface,Bloat
SAMP_7080,13.41,24.1,46.3,323.07,oral_cavity,Active Decay
SAMP_7081,4.09,17.2,51.3,70.33,skin_surface,Bloat
SAMP_7082,14.49,20.7,51.6,299.87,oral_cavity,Active Decay
SAMP_7083,5.67,16.3,89.3,92.42,soil_interface,Bloat
SAMP_7084,6.62,32.0,81.8,211.84,oral_cavity,Active Decay
SAMP_7085,10.44,15.4,40.8,160.84,soil_interface,Active Decay
SAMP_7086,0.19,22.0,70.8,4.08,skin_surface,Fresh
SAMP_7087,10.61,26.6,52.8,282.31,oral_cavity,Active Decay
SAMP_7088,9.64,26.1,45.2,251.57,skin_surface,Active Decay
SAMP_7089,3.71,25.4,75.3,94.19,oral_cavity,Bloat
SAMP_7090,0.9,20.7,46.6,18.57,oral_cavity,Fresh
SAMP_7091,0.95,27.4,62.2,26.12,oral_cavity,Fresh
SAMP_7092,25.67,25.7,71.6,659.68,soil_interface,Dry Remains
SAMP_7093,11.69,22.8,67.7,266.5,oral_cavity,Active Decay
SAMP_7094,1.36,23.0,88.9,31.27,soil_interface,Fresh
SAMP_7095,4.41,20.8,79.3,91.77,oral_cavity,Bloat
SAMP_7096,8.98,18.4,78.7,165.17,skin_surface,Active Decay
SAMP_7097,18.05,26.9,57.8,485.62,soil_interface,Advanced Decay
SAMP_7098,0.45,27.2,40.4,12.14,soil_interface,Fresh
SAMP_7099,2.7,18.5,76.7,49.95,oral_cavity,Bloat
SAMP_7100,22.05,21.4,90.0,471.87,skin_surface,Advanced Decay
SAMP_7101,0.1,21.4,60.3,2.14,oral_cavity,Fresh
SAMP_7102,2.25,21.9,89.3,49.25,oral_cavity,Bloat
SAMP_7103,30.0,22.3,47.1,669.0,skin_surface,Dry Remains
SAMP_7104,9.5,25.8,54.8,245.2,oral_cavity,Active Decay
SAMP_7105,3.03,19.0,48.5,57.64,oral_cavity,Bloat
SAMP_7106,0.69,18.6,63.8,12.9,oral_cavity,Fresh
SAMP_7107,0.29,26.9,79.8,7.69,oral_cavity,Fresh
SAMP_7108,2.81,20.1,57.0,56.42,oral_cavity,Bloat
SAMP_7109,21.33,16.9,85.3,360.43,soil_interface,Advanced Decay
SAMP_7110,5.38,20.1,67.2,108.08,oral_cavity,Bloat
SAMP_7111,12.74,20.7,63.3,263.75,skin_surface,Active Decay
SAMP_7112,25.05,28.2,79.4,706.27,skin_surface,Dry Remains
SAMP_7113,5.24,25.7,45.1,134.75,skin_surface,Bloat
SAMP_7114,2.12,26.6,78.7,56.47,skin_surface,Bloat
SAMP_7115,7.28,25.3,52.1,184.18,skin_surface,Active Decay
SAMP_7116,23.87,25.8,54.0,615.81,skin_surface,Dry Remains
SAMP_7117,16.32,19.2,70.0,313.26,oral_cavity,Active Decay
SAMP_7118,0.68,21.2,85.1,14.44,soil_interface,Fresh
SAMP_7119,11.8,18.0,68.9,212.31,soil_interface,Active Decay
SAMP_7120,8.48,21.2,72.4,179.86,skin_surface,Active Decay
SAMP_7121,23.8,24.7,78.8,587.9,oral_cavity,Advanced Decay
SAMP_7122,1.31,22.5,53.0,29.4,skin_surface,Fresh
SAMP_7123,7.64,27.2,81.4,207.71,skin_surface,Active Decay
SAMP_7124,21.16,17.4,60.9,368.15,skin_surface,Advanced Decay
SAMP_7125,5.28,24.0,48.8,126.64,skin_surface,Bloat
SAMP_7126,6.58,17.0,57.5,111.82,skin_surface,Bloat
SAMP_7127,0.73,22.4,52.3,16.37,skin_surface,Fresh
SAMP_7128,3.26,25.0,51.4,81.48,oral_cavity,Bloat
SAMP_7129,3.92,21.1,54.1,82.78,skin_surface,Bloat
SAMP_7130,29.03,24.2,49.0,702.44,oral_cavity,Dry Remains
SAMP_7131,3.32,18.2,73.4,60.46,skin_surface,Bloat
SAMP_7132,6.18,15.3,69.0,94.52,oral_cavity,Bloat
SAMP_7133,11.13,24.2,72.4,269.25,oral_cavity,Active Decay
SAMP_7134,1.77,29.0,57.2,51.32,oral_cavity,Bloat
SAMP_7135,6.66,18.0,78.5,119.95,soil_interface,Bloat
SAMP_7136,13.41,26.9,46.5,360.86,skin_surface,Advanced Decay
SAMP_7137,20.16,22.2,68.6,447.62,oral_cavity,Advanced Decay
SAMP_7138,9.84,16.7,53.8,164.36,skin_surface,Active Decay
SAMP_7139,11.06,17.5,66.4,193.51,skin_surface,Active Decay
SAMP_7140,1.35,22.1,56.2,29.83,skin_surface,Fresh
SAMP_7141,29.15,20.4,79.5,594.59,skin_surface,Advanced Decay
SAMP_7142,1.42,16.7,84.6,23.75,oral_cavity,Fresh
SAMP_7143,14.9,15.2,77.1,226.51,oral_cavity,Active Decay
SAMP_7144,3.08,18.6,48.8,57.22,oral_cavity,Bloat
SAMP_7145,27.12,22.8,53.7,618.33,skin_surface,Dry Remains
SAMP_7146,12.73,22.0,86.0,280.02,oral_cavity,Active Decay
SAMP_7147,14.02,20.0,61.9,280.33,skin_surface,Active Decay
SAMP_7148,2.47,22.8,87.1,56.37,oral_cavity,Bloat
SAMP_7149,5.85,26.2,59.6,153.34,oral_cavity,Active Decay
SAMP_7150,9.62,23.6,87.6,227.0,soil_interface,Active Decay
SAMP_7151,14.7,21.5,86.3,315.96,soil_interface,Active Decay
SAMP_7152,1.1,25.7,73.0,28.21,oral_cavity,Fresh
SAMP_7153,30.0,18.2,40.4,546.0,soil_interface,Advanced Decay
SAMP_7154,22.09,21.1,60.0,466.16,skin_surface,Advanced Decay
SAMP_7155,3.15,21.2,85.6,66.82,skin_surface,Bloat
SAMP_7156,17.3,17.1,84.3,295.87,oral_cavity,Active Decay
SAMP_7157,7.3,20.3,49.4,148.29,oral_cavity,Bloat
SAMP_7158,6.2,13.7,60.0,84.88,soil_interface,Bloat
SAMP_7159,3.78,29.6,81.8,111.74,soil_interface,Bloat
SAMP_7160,8.7,18.3,68.9,159.18,skin_surface,Active Decay
SAMP_7161,13.09,28.3,82.4,370.43,soil_interface,Advanced Decay
SAMP_7162,5.29,22.2,81.3,117.49,skin_surface,Bloat
SAMP_7163,9.92,24.3,85.4,241.09,oral_cavity,Active Decay
SAMP_7164,12.02,20.0,45.9,240.34,oral_cavity,Active Decay
SAMP_7165,12.42,22.8,47.3,283.12,oral_cavity,Active Decay
SAMP_7166,0.53,24.6,44.1,13.13,skin_surface,Fresh
SAMP_7167,19.64,24.7,86.8,485.19,soil_interface,Advanced Decay
SAMP_7168,6.13,25.1,63.8,153.85,skin_surface,Active Decay
SAMP_7169,3.04,20.5,43.2,62.4,skin_surface,Bloat
SAMP_7170,2.77,20.1,56.1,55.63,skin_surface,Bloat
SAMP_7171,6.6,15.6,57.6,102.92,oral_cavity,Bloat
SAMP_7172,21.79,24.1,80.5,525.11,oral_cavity,Advanced Decay
SAMP_7173,4.75,26.3,76.8,125.02,skin_surface,Bloat
SAMP_7174,13.85,28.5,74.5,394.78,skin_surface,Advanced Decay
SAMP_7175,1.02,23.2,41.1,23.63,soil_interface,Fresh
SAMP_7176,6.46,18.9,85.5,122.16,oral_cavity,Bloat
SAMP_7177,30.0,15.2,50.8,456.0,skin_surface,Advanced Decay
SAMP_7178,14.72,26.2,71.5,385.55,skin_surface,Advanced Decay
SAMP_7179,2.36,14.8,43.1,34.99,oral_cavity,Fresh
SAMP_7180,6.96,20.6,44.1,143.38,skin_surface,Bloat
SAMP_7181,2.66,21.1,40.5,56.14,oral_cavity,Bloat
SAMP_7182,5.27,21.7,68.3,114.33,skin_surface,Bloat
SAMP_7183,15.15,22.1,71.5,334.71,skin_surface,Active Decay
SAMP_7184,14.75,22.6,42.5,333.35,oral_cavity,Active Decay
SAMP_7185,2.59,12.3,54.5,31.84,soil_interface,Fresh
SAMP_7186,25.54,22.1,82.6,564.41,oral_cavity,Advanced Decay
SAMP_7187,8.98,13.1,45.1,117.62,oral_cavity,Bloat
SAMP_7188,4.78,24.9,50.8,119.0,skin_surface,Bloat
SAMP_7189,6.97,19.8,61.2,138.01,soil_interface,Bloat
SAMP_7190,9.29,13.4,82.1,124.49,oral_cavity,Bloat
SAMP_7191,8.21,18.7,52.7,153.48,oral_cavity,Active Decay
SAMP_7192,6.66,19.7,89.9,131.27,skin_surface,Bloat
SAMP_7193,7.03,26.8,57.8,188.42,oral_cavity,Active Decay
SAMP_7194,1.94,22.8,59.3,44.25,oral_cavity,Bloat
SAMP_7195,16.75,23.4,46.1,392.0,oral_cavity,Advanced Decay
SAMP_7196,7.8,26.7,74.0,208.36,soil_interface,Active Decay
SAMP_7197,1.41,21.6,52.2,30.35,soil_interface,Fresh
SAMP_7198,14.53,25.0,71.4,363.28,oral_cavity,Advanced Decay
SAMP_7199,26.95,24.7,51.2,665.62,skin_surface,Dry Remains
SAMP_7200,29.43,16.9,59.4,497.41,oral_cavity,Advanced Decay
SAMP_7201,4.6,27.9,82.8,128.47,skin_surface,Bloat
SAMP_7202,1.46,16.3,76.9,23.74,oral_cavity,Fresh
SAMP_7203,7.31,25.7,47.7,187.77,oral_cavity,Active Decay
SAMP_7204,1.19,15.9,70.4,19.0,skin_surface,Fresh
SAMP_7205,27.18,24.4,71.4,663.17,oral_cavity,Dry Remains
SAMP_7206,2.03,29.4,44.5,59.63,oral_cavity,Bloat
SAMP_7207,2.91,21.1,63.3,61.48,soil_interface,Bloat
SAMP_7208,5.22,21.0,53.0,109.61,soil_interface,Bloat
SAMP_7209,4.83,24.4,63.4,117.89,oral_cavity,Bloat
SAMP_7210,15.83,20.7,78.9,327.7,skin_surface,Active Decay
SAMP_7211,6.09,29.3,47.9,178.55,skin_surface,Active Decay
SAMP_7212,1.87,22.8,46.2,42.69,skin_surface,Bloat
SAMP_7213,3.11,20.7,53.5,64.36,soil_interface,Bloat
SAMP_7214,7.12,19.8,87.6,140.89,skin_surface,Bloat
SAMP_7215,1.6,18.3,77.4,29.19,skin_surface,Fresh
SAMP_7216,9.46,19.5,41.0,184.44,oral_cavity,Active Decay
SAMP_7217,8.34,20.6,60.1,171.83,skin_surface,Active Decay
SAMP_7218,12.54,20.0,52.9,250.84,skin_surface,Active Decay
SAMP_7219,27.76,19.4,71.9,538.52,oral_cavity,Advanced Decay
SAMP_7220,24.33,30.4,63.0,739.73,oral_cavity,Dry Remains
SAMP_7221,29.2,17.9,88.2,522.71,oral_cavity,Advanced Decay
SAMP_7222,2.81,22.6,50.9,63.43,oral_cavity,Bloat
SAMP_7223,1.41,24.4,69.4,34.42,oral_cavity,Fresh
SAMP_7224,3.6,24.5,75.0,88.18,oral_cavity,Bloat
SAMP_7225,22.55,21.8,81.3,491.5,oral_cavity,Advanced Decay
SAMP_7226,30.0,21.0,60.3,630.0,skin_surface,Dry Remains
SAMP_7227,19.61,23.8,74.3,466.79,skin_surface,Advanced Decay
SAMP_7228,1.17,23.1,55.2,26.92,oral_cavity,Fresh
SAMP_7229,29.46,21.0,61.8,618.57,soil_interface,Dry Remains
SAMP_7230,5.51,15.8,84.8,86.98,skin_surface,Bloat
SAMP_7231,0.1,20.1,87.5,2.01,skin_surface,Fresh
SAMP_7232,5.84,17.4,75.9,101.63,soil_interface,Bloat
SAMP_7233,0.47,19.3,58.7,9.1,oral_cavity,Fresh
SAMP_7234,7.85,22.1,81.0,173.48,skin_surface,Active Decay
SAMP_7235,4.13,23.4,41.3,96.72,skin_surface,Bloat
SAMP_7236,6.41,29.1,45.1,186.64,oral_cavity,Active Decay
SAMP_7237,9.5,19.9,73.1,189.0,oral_cavity,Active Decay
SAMP_7238,20.31,25.1,54.6,509.79,soil_interface,Advanced Decay
SAMP_7239,10.84,23.2,87.6,251.59,oral_cavity,Active Decay
SAMP_7240,5.69,27.2,61.8,154.84,soil_interface,Active Decay
SAMP_7241,17.12,24.3,61.5,415.92,skin_surface,Advanced Decay
SAMP_7242,23.6,18.0,73.9,424.8,skin_surface,Advanced Decay
SAMP_7243,1.28,15.1,78.4,19.26,oral_cavity,Fresh
SAMP_7244,7.59,23.2,63.8,176.12,skin_surface,Active Decay
SAMP_7245,3.35,19.9,50.7,66.62,oral_cavity,Bloat
SAMP_7246,0.48,18.1,78.7,8.73,oral_cavity,Fresh
SAMP_7247,11.04,16.9,56.0,186.62,soil_interface,Active Decay
SAMP_7248,19.86,22.6,48.8,448.86,oral_cavity,Advanced Decay
SAMP_7249,1.78,28.0,71.6,49.79,skin_surface,Bloat
SAMP_7250,16.74,20.4,44.5,341.4,soil_interface,Active Decay
SAMP_7251,19.2,24.4,88.6,468.48,oral_cavity,Advanced Decay
SAMP_7252,24.57,21.6,71.6,530.79,skin_surface,Advanced Decay
SAMP_7253,3.08,16.8,89.3,51.79,skin_surface,Bloat
SAMP_7254,23.43,24.9,56.9,583.39,skin_surface,Advanced Decay
SAMP_7255,3.87,17.6,88.6,68.05,soil_interface,Bloat
SAMP_7256,8.04,22.1,47.3,177.62,soil_interface,Active Decay
SAMP_7257,0.52,20.6,42.0,10.68,skin_surface,Fresh
SAMP_7258,0.45,25.6,41.6,11.49,skin_surface,Fresh
SAMP_7259,12.74,17.8,63.2,226.83,skin_surface,Active Decay
SAMP_7260,5.88,23.6,44.2,138.73,skin_surface,Bloat
SAMP_7261,2.96,18.6,65.6,55.08,skin_surface,Bloat
SAMP_7262,2.11,20.0,56.4,42.25,oral_cavity,Bloat
SAMP_7263,11.09,12.0,56.8,133.02,oral_cavity,Bloat
SAMP_7264,0.1,30.4,71.8,3.04,soil_interface,Fresh
SAMP_7265,16.39,24.2,48.2,396.72,oral_cavity,Advanced Decay
SAMP_7266,0.83,18.9,78.3,15.61,skin_surface,Fresh
SAMP_7267,2.13,17.5,69.1,37.2,soil_interface,Bloat
SAMP_7268,4.88,20.0,85.7,97.63,oral_cavity,Bloat
SAMP_7269,6.63,24.9,58.2,165.17,skin_surface,Active Decay
SAMP_7270,4.38,14.4,89.1,63.14,oral_cavity,Bloat
SAMP_7271,3.87,21.4,68.8,82.76,soil_interface,Bloat
SAMP_7272,30.0,29.1,88.7,873.0,oral_cavity,Dry Remains
SAMP_7273,10.26,17.5,41.4,179.56,skin_surface,Active Decay
SAMP_7274,0.24,22.3,76.4,5.29,skin_surface,Fresh
SAMP_7275,5.62,30.8,80.8,173.23,skin_surface,Active Decay
SAMP_7276,20.8,24.5,42.7,509.48,oral_cavity,Advanced Decay
SAMP_7277,3.59,22.5,68.9,80.72,skin_surface,Bloat
SAMP_7278,0.99,24.0,80.1,23.84,oral_cavity,Fresh
SAMP_7279,14.2,20.4,68.1,289.76,oral_cavity,Active Decay
SAMP_7280,9.31,27.2,43.2,253.35,skin_surface,Active Decay
SAMP_7281,8.45,20.4,74.7,172.32,oral_cavity,Active Decay
SAMP_7282,0.55,14.2,43.0,7.82,skin_surface,Fresh
SAMP_7283,1.51,20.4,80.9,30.89,soil_interface,Fresh
SAMP_7284,9.74,18.1,42.2,176.35,soil_interface,Active Decay
SAMP_7285,2.33,20.9,46.9,48.69,skin_surface,Bloat
SAMP_7286,7.01,21.0,53.8,147.28,oral_cavity,Bloat
SAMP_7287,7.87,26.8,71.7,210.97,skin_surface,Active Decay
SAMP_7288,3.33,24.8,88.8,82.68,soil_interface,Bloat
SAMP_7289,29.65,23.1,45.9,684.85,soil_interface,Dry Remains
SAMP_7290,18.48,22.0,47.1,406.58,skin_surface,Advanced Decay
SAMP_7291,12.81,17.8,58.4,228.1,soil_interface,Active Decay
SAMP_7292,0.81,13.3,81.8,10.8,soil_interface,Fresh
SAMP_7293,1.12,22.5,63.4,25.24,soil_interface,Fresh
SAMP_7294,6.79,25.2,56.1,171.06,skin_surface,Active Decay
SAMP_7295,1.75,21.6,68.1,37.84,soil_interface,Bloat
SAMP_7296,30.0,19.9,53.0,597.0,soil_interface,Advanced Decay
SAMP_7297,1.73,23.9,60.1,41.25,oral_cavity,Bloat
SAMP_7298,6.68,21.7,56.6,145.04,soil_interface,Bloat
SAMP_7299,4.53,28.7,80.2,129.94,oral_cavity,Bloat
SAMP_7300,10.2,26.9,86.2,274.37,skin_surface,Active Decay
SAMP_7301,1.38,25.8,78.0,35.64,skin_surface,Bloat
SAMP_7302,5.63,25.0,62.0,140.67,skin_surface,Bloat
SAMP_7303,3.21,16.8,65.2,53.96,soil_interface,Bloat
SAMP_7304,21.87,24.7,46.3,540.2,skin_surface,Advanced Decay
SAMP_7305,0.41,23.5,77.3,9.74,oral_cavity,Fresh
SAMP_7306,24.5,24.4,69.8,597.86,oral_cavity,Advanced Decay
SAMP_7307,17.9,24.0,85.1,429.53,skin_surface,Advanced Decay
SAMP_7308,3.53,23.8,50.0,84.06,skin_surface,Bloat
SAMP_7309,15.57,32.0,78.0,498.33,oral_cavity,Advanced Decay
SAMP_7310,0.32,21.7,74.2,6.88,skin_surface,Fresh
SAMP_7311,30.0,25.7,53.3,771.0,oral_cavity,Dry Remains
SAMP_7312,7.48,20.1,73.4,150.31,skin_surface,Active Decay
SAMP_7313,3.61,25.2,86.2,91.07,oral_cavity,Bloat
SAMP_7314,4.5,25.8,85.9,116.19,skin_surface,Bloat
SAMP_7315,0.69,23.5,76.0,16.15,oral_cavity,Fresh
SAMP_7316,30.0,28.7,42.4,861.0,oral_cavity,Dry Remains
SAMP_7317,0.4,18.5,83.6,7.42,soil_interface,Fresh
SAMP_7318,10.64,20.1,72.9,213.85,skin_surface,Active Decay
SAMP_7319,5.85,22.8,55.5,133.32,skin_surface,Bloat
SAMP_7320,29.74,25.5,49.4,758.44,skin_surface,Dry Remains
SAMP_7321,2.82,22.7,45.8,64.1,skin_surface,Bloat
SAMP_7322,7.59,27.1,42.5,205.82,skin_surface,Active Decay
SAMP_7323,6.58,19.4,77.7,127.74,skin_surface,Bloat
SAMP_7324,12.14,17.4,51.8,211.16,skin_surface,Active Decay
SAMP_7325,0.7,23.2,41.2,16.34,oral_cavity,Fresh
SAMP_7326,2.15,21.7,59.9,46.74,oral_cavity,Bloat
SAMP_7327,2.42,24.2,64.1,58.45,soil_interface,Bloat
SAMP_7328,13.4,21.9,48.5,293.46,soil_interface,Active Decay
SAMP_7329,2.1,20.6,42.2,43.19,oral_cavity,Bloat
SAMP_7330,8.52,21.7,49.5,184.91,oral_cavity,Active Decay
SAMP_7331,2.42,22.1,74.0,53.57,oral_cavity,Bloat
SAMP_7332,19.78,20.8,44.1,411.38,skin_surface,Advanced Decay
SAMP_7333,28.51,21.2,67.8,604.31,oral_cavity,Dry Remains
SAMP_7334,7.31,20.4,47.3,149.09,skin_surface,Bloat
SAMP_7335,4.34,25.4,49.8,110.32,soil_interface,Bloat
SAMP_7336,2.67,22.8,59.7,60.8,soil_interface,Bloat
SAMP_7337,0.51,31.0,45.0,15.83,oral_cavity,Fresh
SAMP_7338,3.13,22.6,48.7,70.66,soil_interface,Bloat
SAMP_7339,10.62,19.8,57.4,210.28,skin_surface,Active Decay
SAMP_7340,7.63,32.0,56.5,244.08,oral_cavity,Active Decay
SAMP_7341,28.83,23.7,77.5,683.3,skin_surface,Dry Remains
SAMP_7342,5.05,26.0,43.7,131.21,skin_surface,Bloat
SAMP_7343,11.84,24.4,83.0,288.83,soil_interface,Active Decay
SAMP_7344,6.72,24.5,80.8,164.64,oral_cavity,Active Decay
SAMP_7345,7.19,24.1,78.3,173.19,oral_cavity,Active Decay
SAMP_7346,3.12,17.6,55.5,54.85,skin_surface,Bloat
SAMP_7347,6.07,23.5,81.1,142.62,soil_interface,Bloat
SAMP_7348,6.36,16.7,49.1,106.27,soil_interface,Bloat
SAMP_7349,12.26,21.3,46.2,261.22,oral_cavity,Active Decay
SAMP_7350,28.24,19.1,42.2,539.41,oral_cavity,Advanced Decay
SAMP_7351,3.99,23.4,87.0,93.47,soil_interface,Bloat
SAMP_7352,0.43,23.3,55.4,10.05,skin_surface,Fresh
SAMP_7353,6.86,23.9,85.9,163.9,soil_interface,Active Decay
SAMP_7354,7.86,23.1,53.6,181.63,soil_interface,Active Decay
SAMP_7355,1.84,19.6,85.4,36.15,oral_cavity,Bloat
SAMP_7356,14.29,21.0,85.2,300.1,skin_surface,Active Decay
SAMP_7357,30.0,25.7,86.2,771.0,oral_cavity,Dry Remains
SAMP_7358,29.15,26.3,64.8,766.54,soil_interface,Dry Remains
SAMP_7359,2.2,17.4,83.3,38.2,skin_surface,Bloat
SAMP_7360,20.82,15.9,87.5,331.09,soil_interface,Active Decay
SAMP_7361,12.19,19.1,56.2,232.84,soil_interface,Active Decay
SAMP_7362,6.05,26.2,60.9,158.47,oral_cavity,Active Decay
SAMP_7363,7.78,26.9,76.0,209.24,oral_cavity,Active Decay
SAMP_7364,18.94,18.3,55.0,346.69,skin_surface,Active Decay
SAMP_7365,6.54,23.2,77.7,151.77,soil_interface,Active Decay
SAMP_7366,4.67,29.3,43.7,136.87,soil_interface,Bloat
SAMP_7367,6.8,23.7,66.2,161.1,soil_interface,Active Decay
SAMP_7368,8.65,27.7,46.1,239.72,skin_surface,Active Decay
SAMP_7369,2.1,26.0,54.7,54.49,oral_cavity,Bloat
SAMP_7370,23.12,18.4,52.9,425.35,oral_cavity,Advanced Decay
SAMP_7371,11.21,21.2,81.9,237.74,oral_cavity,Active Decay
SAMP_7372,10.03,22.1,49.7,221.69,skin_surface,Active Decay
SAMP_7373,1.05,22.4,80.4,23.48,soil_interface,Fresh
SAMP_7374,9.27,25.7,79.7,238.18,oral_cavity,Active Decay
SAMP_7375,1.29,23.6,64.9,30.43,soil_interface,Fresh
SAMP_7376,0.82,12.0,51.7,9.84,oral_cavity,Fresh
SAMP_7377,7.49,16.7,51.3,125.14,oral_cavity,Bloat
SAMP_7378,5.15,13.3,63.2,68.56,skin_surface,Bloat
SAMP_7379,8.89,22.7,40.4,201.74,skin_surface,Active Decay
SAMP_7380,0.93,23.0,66.6,21.49,soil_interface,Fresh
SAMP_7381,5.64,23.1,87.6,130.25,skin_surface,Bloat
SAMP_7382,1.92,18.2,47.7,34.96,oral_cavity,Fresh
SAMP_7383,30.0,24.7,68.7,741.0,soil_interface,Dry Remains
SAMP_7384,8.24,24.9,88.1,205.08,soil_interface,Active Decay
SAMP_7385,11.63,17.0,83.0,197.7,skin_surface,Active Decay
SAMP_7386,3.94,16.1,82.5,63.38,oral_cavity,Bloat
SAMP_7387,1.0,22.0,81.1,21.9,oral_cavity,Fresh
SAMP_7388,30.0,29.2,55.5,876.0,oral_cavity,Dry Remains
SAMP_7389,3.37,28.8,84.5,97.12,oral_cavity,Bloat
SAMP_7390,5.51,24.3,87.1,133.97,soil_interface,Bloat
SAMP_7391,10.49,19.1,64.8,200.44,oral_cavity,Active Decay
SAMP_7392,0.25,25.5,57.7,6.38,skin_surface,Fresh
SAMP_7393,16.62,20.2,60.7,335.74,skin_surface,Active Decay
SAMP_7394,7.69,18.9,56.7,145.36,soil_interface,Bloat
SAMP_7395,3.26,13.4,50.6,43.69,oral_cavity,Bloat
SAMP_7396,0.64,22.4,70.9,14.24,skin_surface,Fresh
SAMP_7397,1.77,19.5,68.1,34.58,oral_cavity,Fresh
SAMP_7398,22.54,22.4,63.1,504.92,oral_cavity,Advanced Decay
SAMP_7399,11.58,12.8,44.8,148.28,oral_cavity,Bloat
SAMP_7400,2.88,22.7,79.8,65.27,skin_surface,Bloat
SAMP_7401,0.68,12.3,48.7,8.35,oral_cavity,Fresh
SAMP_7402,11.73,26.4,45.7,309.72,skin_surface,Active Decay
SAMP_7403,8.5,24.1,71.2,204.75,oral_cavity,Active Decay
SAMP_7404,5.18,20.9,59.9,108.34,soil_interface,Bloat
SAMP_7405,4.52,24.3,43.0,109.82,skin_surface,Bloat
SAMP_7406,2.44,18.1,57.8,44.23,soil_interface,Bloat
SAMP_7407,11.07,22.3,78.6,246.97,oral_cavity,Active Decay
SAMP_7408,30.0,25.2,70.8,756.0,soil_interface,Dry Remains
SAMP_7409,1.93,12.0,58.1,23.19,skin_surface,Fresh
SAMP_7410,9.09,20.2,49.6,183.64,oral_cavity,Active Decay
SAMP_7411,5.52,21.9,71.6,120.88,skin_surface,Bloat
SAMP_7412,5.92,21.2,84.4,125.47,skin_surface,Bloat
SAMP_7413,2.93,27.8,72.3,81.52,soil_interface,Bloat
SAMP_7414,17.44,17.5,80.6,305.15,skin_surface,Active Decay
SAMP_7415,6.64,19.5,66.1,129.5,oral_cavity,Bloat
SAMP_7416,7.84,14.3,75.9,112.11,oral_cavity,Bloat
SAMP_7417,3.63,28.0,84.8,101.78,skin_surface,Bloat
SAMP_7418,2.01,21.0,78.7,42.14,oral_cavity,Bloat
SAMP_7419,0.9,20.2,85.5,18.14,skin_surface,Fresh
SAMP_7420,12.52,21.8,61.6,272.98,skin_surface,Active Decay
SAMP_7421,2.18,24.5,85.2,53.52,soil_interface,Bloat
SAMP_7422,11.71,23.4,71.1,274.11,skin_surface,Active Decay
SAMP_7423,4.95,32.0,83.5,158.37,skin_surface,Active Decay
SAMP_7424,5.37,23.8,42.0,127.92,oral_cavity,Bloat
SAMP_7425,6.33,20.1,72.9,127.3,oral_cavity,Bloat
SAMP_7426,4.58,19.8,82.4,90.76,soil_interface,Bloat
SAMP_7427,1.06,20.4,48.7,21.63,soil_interface,Fresh
SAMP_7428,3.71,16.0,73.1,59.28,skin_surface,Bloat
SAMP_7429,10.9,22.2,81.2,241.95,soil_interface,Active Decay
SAMP_7430,10.96,25.1,54.4,275.09,skin_surface,Active Decay
SAMP_7431,3.37,19.5,60.3,65.75,soil_interface,Bloat
SAMP_7432,6.16,18.8,68.5,115.88,oral_cavity,Bloat
SAMP_7433,2.15,28.1,66.0,60.41,skin_surface,Bloat
SAMP_7434,2.36,16.3,42.0,38.5,skin_surface,Bloat
SAMP_7435,0.23,13.7,44.9,3.19,skin_surface,Fresh
SAMP_7436,22.71,17.4,45.0,395.08,oral_cavity,Advanced Decay
SAMP_7437,2.37,15.8,53.1,37.39,skin_surface,Bloat
SAMP_7438,2.58,23.5,52.3,60.67,skin_surface,Bloat
SAMP_7439,3.28,20.6,77.1,67.56,oral_cavity,Bloat
SAMP_7440,1.36,21.1,68.6,28.76,skin_surface,Fresh
SAMP_7441,10.2,26.6,78.2,271.22,skin_surface,Active Decay
SAMP_7442,0.78,19.2,43.5,15.0,soil_interface,Fresh
SAMP_7443,1.44,25.1,64.3,36.17,skin_surface,Bloat
SAMP_7444,10.35,28.0,56.2,289.79,oral_cavity,Active Decay
SAMP_7445,4.15,20.2,82.5,83.83,skin_surface,Bloat
SAMP_7446,12.31,24.9,75.4,306.47,oral_cavity,Active Decay
SAMP_7447,8.15,21.0,83.5,171.18,skin_surface,Active Decay
SAMP_7448,2.96,25.7,42.3,76.01,oral_cavity,Bloat
SAMP_7449,10.52,15.7,76.0,165.19,oral_cavity,Active Decay
SAMP_7450,1.24,15.4,67.0,19.04,oral_cavity,Fresh
SAMP_7451,7.69,20.4,81.3,156.83,oral_cavity,Active Decay
SAMP_7452,5.75,18.4,65.4,105.75,soil_interface,Bloat
SAMP_7453,3.12,19.9,67.0,62.05,soil_interface,Bloat
SAMP_7454,9.26,21.1,42.6,195.46,skin_surface,Active Decay
SAMP_7455,20.51,24.9,73.4,510.58,oral_cavity,Advanced Decay
SAMP_7456,30.0,20.4,53.7,612.0,soil_interface,Dry Remains
SAMP_7457,9.36,18.7,41.0,175.01,soil_interface,Active Decay
SAMP_7458,5.19,20.6,43.3,106.85,soil_interface,Bloat
SAMP_7459,2.55,18.9,87.9,48.23,skin_surface,Bloat
SAMP_7460,2.97,18.3,57.3,54.39,oral_cavity,Bloat
SAMP_7461,6.53,15.5,83.4,101.2,oral_cavity,Bloat
SAMP_7462,4.58,22.3,88.0,102.07,soil_interface,Bloat
SAMP_7463,24.51,19.7,87.2,482.9,soil_interface,Advanced Decay
SAMP_7464,4.59,25.9,84.1,118.97,skin_surface,Bloat
SAMP_7465,4.68,16.2,84.7,75.74,oral_cavity,Bloat
SAMP_7466,4.84,19.8,54.5,95.78,skin_surface,Bloat
SAMP_7467,18.12,29.3,47.6,530.82,soil_interface,Advanced Decay
SAMP_7468,10.52,18.2,72.0,191.48,skin_surface,Active Decay
SAMP_7469,9.52,21.1,64.4,200.95,skin_surface,Active Decay
SAMP_7470,4.07,17.1,44.9,69.54,oral_cavity,Bloat
SAMP_7471,17.03,16.6,73.9,282.73,oral_cavity,Active Decay
SAMP_7472,0.39,28.2,68.1,11.03,skin_surface,Fresh
SAMP_7473,20.46,22.7,83.2,464.53,soil_interface,Advanced Decay
SAMP_7474,7.19,22.5,70.5,161.77,oral_cavity,Active Decay
SAMP_7475,5.08,15.2,68.7,77.2,oral_cavity,Bloat
SAMP_7476,6.87,23.4,62.0,160.87,skin_surface,Active Decay
SAMP_7477,11.01,26.6,63.1,292.83,oral_cavity,Active Decay
SAMP_7478,0.13,26.6,87.7,3.42,skin_surface,Fresh
SAMP_7479,20.52,24.7,46.9,506.9,skin_surface,Advanced Decay
SAMP_7480,5.92,17.5,62.3,103.59,skin_surface,Bloat
SAMP_7481,4.2,23.3,72.8,97.86,soil_interface,Bloat
SAMP_7482,1.49,24.7,61.7,36.75,oral_cavity,Bloat
SAMP_7483,5.79,14.8,54.2,85.67,skin_surface,Bloat
SAMP_7484,6.86,17.5,54.4,120.02,oral_cavity,Bloat
SAMP_7485,5.17,25.6,51.7,132.33,soil_interface,Bloat
SAMP_7486,11.35,25.5,57.2,289.49,soil_interface,Active Decay
SAMP_7487,5.46,15.8,83.6,86.31,oral_cavity,Bloat
SAMP_7488,30.0,25.2,65.3,756.0,oral_cavity,Dry Remains
SAMP_7489,9.14,22.4,52.0,204.84,oral_cavity,Active Decay
SAMP_7490,16.48,25.1,59.2,413.53,skin_surface,Advanced Decay
SAMP_7491,1.16,19.5,45.3,22.58,oral_cavity,Fresh
SAMP_7492,5.06,24.6,85.2,124.56,skin_surface,Bloat
SAMP_7493,4.11,25.4,60.4,104.33,skin_surface,Bloat
SAMP_7494,8.43,20.6,89.0,173.61,skin_surface,Active Decay
SAMP_7495,19.74,22.1,57.4,436.28,soil_interface,Advanced Decay
SAMP_7496,0.82,19.4,81.8,15.83,oral_cavity,Fresh
SAMP_7497,0.75,28.6,52.8,21.55,soil_interface,Fresh
SAMP_7498,18.99,21.5,43.8,408.34,oral_cavity,Advanced Decay
SAMP_7499,2.39,18.3,41.6,43.8,oral_cavity,Bloat
SAMP_7500,11.05,19.1,70.3,211.03,skin_surface,Active Decay
SAMP_7501,7.83,22.5,55.6,176.13,skin_surface,Active Decay
SAMP_7502,17.89,25.0,62.2,447.28,oral_cavity,Advanced Decay
SAMP_7503,1.34,16.7,80.9,22.32,skin_surface,Fresh
SAMP_7504,1.39,29.4,52.4,40.87,oral_cavity,Bloat
SAMP_7505,8.14,23.2,55.4,188.8,soil_interface,Active Decay
SAMP_7506,29.26,23.9,82.3,699.27,skin_surface,Dry Remains
SAMP_7507,5.36,21.6,64.6,115.81,skin_surface,Bloat
SAMP_7508,3.96,22.1,81.4,87.5,soil_interface,Bloat
SAMP_7509,9.33,21.4,58.7,199.7,skin_surface,Active Decay
SAMP_7510,26.66,26.1,59.9,695.74,skin_surface,Dry Remains
SAMP_7511,18.14,22.0,48.4,398.98,skin_surface,Advanced Decay
SAMP_7512,30.0,25.1,85.8,753.0,skin_surface,Dry Remains
SAMP_7513,0.23,20.3,84.8,4.63,oral_cavity,Fresh
SAMP_7514,1.2,22.8,89.2,27.3,oral_cavity,Fresh
SAMP_7515,9.4,18.8,60.1,176.77,oral_cavity,Active Decay
SAMP_7516,17.18,26.9,80.9,462.14,skin_surface,Advanced Decay
SAMP_7517,3.36,18.7,60.7,62.8,oral_cavity,Bloat
SAMP_7518,2.73,20.7,62.7,56.59,oral_cavity,Bloat
SAMP_7519,15.46,20.7,81.5,320.09,oral_cavity,Active Decay
SAMP_7520,0.58,20.6,48.9,11.95,skin_surface,Fresh
SAMP_7521,4.61,24.9,51.0,114.8,skin_surface,Bloat
SAMP_7522,7.05,20.7,55.7,145.9,skin_surface,Bloat
SAMP_7523,8.22,27.6,79.4,226.81,oral_cavity,Active Decay
SAMP_7524,13.04,18.7,58.6,243.89,soil_interface,Active Decay
SAMP_7525,4.38,22.7,57.9,99.49,skin_surface,Bloat
SAMP_7526,9.49,18.9,89.9,179.27,skin_surface,Active Decay
SAMP_7527,8.8,23.7,59.2,208.65,soil_interface,Active Decay
SAMP_7528,7.93,21.9,52.4,173.72,soil_interface,Active Decay
SAMP_7529,10.23,21.4,71.2,218.92,skin_surface,Active Decay
SAMP_7530,3.0,26.8,80.1,80.5,soil_interface,Bloat
SAMP_7531,0.88,19.4,43.5,17.16,skin_surface,Fresh
SAMP_7532,1.27,24.3,70.9,30.86,oral_cavity,Fresh
SAMP_7533,2.54,18.9,41.8,48.07,oral_cavity,Bloat
SAMP_7534,6.94,22.5,66.3,156.05,skin_surface,Active Decay
SAMP_7535,18.35,17.2,52.8,315.68,skin_surface,Active Decay
SAMP_7536,12.08,19.3,55.3,233.2,skin_surface,Active Decay
SAMP_7537,15.56,21.7,63.4,337.67,soil_interface,Active Decay
SAMP_7538,4.32,29.3,86.4,126.66,skin_surface,Bloat
SAMP_7539,5.19,22.4,75.5,116.17,oral_cavity,Bloat
SAMP_7540,5.0,28.6,86.8,143.1,oral_cavity,Bloat
SAMP_7541,2.13,22.9,73.0,48.79,soil_interface,Bloat
SAMP_7542,0.63,20.5,40.4,12.95,soil_interface,Fresh
SAMP_7543,8.94,28.2,53.3,252.06,skin_surface,Active Decay
SAMP_7544,30.0,23.7,85.3,711.0,soil_interface,Dry Remains
SAMP_7545,1.83,19.4,72.2,35.41,soil_interface,Bloat
SAMP_7546,0.48,23.9,89.1,11.43,soil_interface,Fresh
SAMP_7547,15.12,20.8,47.8,314.5,oral_cavity,Active Decay
SAMP_7548,2.91,14.0,54.8,40.76,skin_surface,Bloat
SAMP_7549,17.7,25.7,58.1,454.85,oral_cavity,Advanced Decay
SAMP_7550,12.17,26.4,56.3,321.34,soil_interface,Active Decay
SAMP_7551,29.13,29.4,52.6,856.35,soil_interface,Dry Remains
SAMP_7552,5.26,23.7,62.2,124.62,skin_surface,Bloat
SAMP_7553,10.85,21.0,72.1,227.77,skin_surface,Active Decay
SAMP_7554,6.25,25.3,55.6,158.18,skin_surface,Active Decay
SAMP_7555,9.96,25.4,44.0,252.94,skin_surface,Active Decay
SAMP_7556,5.97,28.6,75.4,170.77,oral_cavity,Active Decay
SAMP_7557,2.09,21.8,63.0,45.57,skin_surface,Bloat
SAMP_7558,7.09,21.3,67.8,151.03,oral_cavity,Active Decay
SAMP_7559,7.52,19.1,62.8,143.63,soil_interface,Bloat
SAMP_7560,16.64,24.1,84.5,401.0,skin_surface,Advanced Decay
SAMP_7561,13.3,15.8,67.9,210.14,soil_interface,Active Decay
SAMP_7562,10.9,25.1,86.2,273.6,skin_surface,Active Decay
SAMP_7563,1.2,24.4,65.5,29.36,oral_cavity,Fresh
SAMP_7564,12.75,24.3,54.6,309.87,oral_cavity,Active Decay
SAMP_7565,6.94,22.6,57.8,156.79,soil_interface,Active Decay
SAMP_7566,22.45,28.1,66.1,630.92,skin_surface,Dry Remains
SAMP_7567,25.24,25.5,66.5,643.65,oral_cavity,Dry Remains
SAMP_7568,0.57,19.6,74.4,11.12,oral_cavity,Fresh
SAMP_7569,17.18,19.6,51.2,336.8,skin_surface,Active Decay
SAMP_7570,0.38,18.5,72.9,7.11,oral_cavity,Fresh
SAMP_7571,4.58,24.2,78.9,110.73,oral_cavity,Bloat
SAMP_7572,7.82,18.0,73.8,140.68,skin_surface,Bloat
SAMP_7573,1.6,26.3,64.1,42.16,skin_surface,Bloat
SAMP_7574,13.72,27.3,89.6,374.46,skin_surface,Advanced Decay
SAMP_7575,0.1,18.5,60.2,1.85,soil_interface,Fresh
SAMP_7576,1.85,21.3,45.3,39.33,skin_surface,Bloat
SAMP_7577,8.69,22.1,81.1,192.14,soil_interface,Active Decay
SAMP_7578,12.53,25.5,50.6,319.55,oral_cavity,Active Decay
SAMP_7579,24.85,28.4,75.7,705.63,oral_cavity,Dry Remains
SAMP_7580,12.22,15.3,48.9,187.04,oral_cavity,Active Decay
SAMP_7581,11.14,20.7,40.8,230.61,oral_cavity,Active Decay
SAMP_7582,5.01,20.9,48.0,104.8,soil_interface,Bloat
SAMP_7583,0.1,16.4,58.8,1.64,soil_interface,Fresh
SAMP_7584,1.28,20.1,45.3,25.73,skin_surface,Fresh
SAMP_7585,7.65,23.7,49.9,181.25,skin_surface,Active Decay
SAMP_7586,11.24,20.9,78.2,234.98,skin_surface,Active Decay
SAMP_7587,5.4,15.8,78.5,85.37,skin_surface,Bloat
SAMP_7588,13.12,32.0,80.9,419.79,oral_cavity,Advanced Decay
SAMP_7589,7.38,23.1,82.1,170.44,skin_surface,Active Decay
SAMP_7590,0.77,22.4,61.0,17.26,skin_surface,Fresh
SAMP_7591,2.13,17.6,83.4,37.53,oral_cavity,Bloat
SAMP_7592,18.33,23.0,66.3,421.49,oral_cavity,Advanced Decay
SAMP_7593,12.91,21.3,63.5,274.91,oral_cavity,Active Decay
SAMP_7594,22.52,14.4,75.9,324.22,skin_surface,Active Decay
SAMP_7595,1.25,17.7,50.7,22.14,oral_cavity,Fresh
SAMP_7596,30.0,25.2,79.5,756.0,skin_surface,Dry Remains
SAMP_7597,2.35,29.8,61.5,70.02,skin_surface,Bloat
SAMP_7598,0.12,23.5,46.4,2.78,oral_cavity,Fresh
SAMP_7599,30.0,26.4,46.0,792.0,soil_interface,Dry Remains
SAMP_7600,3.3,21.4,48.2,70.62,skin_surface,Bloat
SAMP_7601,11.03,21.7,84.5,239.28,oral_cavity,Active Decay
SAMP_7602,1.94,26.4,89.5,51.33,soil_interface,Bloat
SAMP_7603,8.68,28.7,57.8,249.13,oral_cavity,Active Decay
SAMP_7604,23.44,27.2,54.6,637.51,soil_interface,Dry Remains
SAMP_7605,3.86,17.7,50.9,68.31,skin_surface,Bloat
SAMP_7606,11.09,21.7,81.2,240.75,oral_cavity,Active Decay
SAMP_7607,2.08,23.1,50.5,48.08,skin_surface,Bloat
SAMP_7608,9.8,21.0,86.2,205.86,oral_cavity,Active Decay
SAMP_7609,4.1,23.6,73.4,96.8,oral_cavity,Bloat
SAMP_7610,2.37,25.3,84.9,60.02,oral_cavity,Bloat
SAMP_7611,3.76,26.0,67.7,97.68,oral_cavity,Bloat
SAMP_7612,1.97,28.7,74.5,56.55,skin_surface,Bloat
SAMP_7613,23.22,20.7,71.0,480.64,soil_interface,Advanced Decay
SAMP_7614,5.06,16.5,81.6,83.51,soil_interface,Bloat
SAMP_7615,2.81,23.4,81.8,65.85,oral_cavity,Bloat
SAMP_7616,5.95,29.5,69.5,175.51,skin_surface,Active Decay
SAMP_7617,3.86,20.1,71.6,77.68,oral_cavity,Bloat
SAMP_7618,13.64,24.7,86.1,336.96,skin_surface,Active Decay
SAMP_7619,30.0,24.8,86.5,744.0,soil_interface,Dry Remains
SAMP_7620,5.76,22.8,73.2,131.4,oral_cavity,Bloat
SAMP_7621,19.74,22.0,40.4,434.17,soil_interface,Advanced Decay
SAMP_7622,8.34,18.3,45.2,152.69,soil_interface,Active Decay
SAMP_7623,1.71,12.9,82.9,22.07,skin_surface,Fresh
SAMP_7624,11.73,17.6,44.2,206.48,skin_surface,Active Decay
SAMP_7625,7.2,20.4,50.7,146.96,skin_surface,Bloat
SAMP_7626,10.52,26.4,51.5,277.61,soil_interface,Active Decay
SAMP_7627,22.04,21.6,70.0,476.16,skin_surface,Advanced Decay
SAMP_7628,5.81,19.9,68.8,115.54,oral_cavity,Bloat
SAMP_7629,23.14,18.4,54.5,425.86,skin_surface,Advanced Decay
SAMP_7630,13.89,24.6,50.4,341.69,oral_cavity,Active Decay
SAMP_7631,6.71,27.4,78.2,183.75,soil_interface,Active Decay
SAMP_7632,9.24,26.3,86.8,243.11,soil_interface,Active Decay
SAMP_7633,3.94,24.4,42.6,96.11,skin_surface,Bloat
SAMP_7634,30.0,16.1,46.7,483.0,skin_surface,Advanced Decay
SAMP_7635,11.01,20.6,72.1,226.74,soil_interface,Active Decay
SAMP_7636,0.45,29.8,80.2,13.36,oral_cavity,Fresh
SAMP_7637,3.95,26.5,79.6,104.79,skin_surface,Bloat
SAMP_7638,9.76,15.8,76.0,154.26,skin_surface,Active Decay
SAMP_7639,0.58,21.8,84.4,12.64,skin_surface,Fresh
SAMP_7640,0.24,23.5,50.9,5.68,oral_cavity,Fresh
SAMP_7641,5.98,19.0,45.4,113.6,skin_surface,Bloat
SAMP_7642,4.05,12.8,70.8,51.78,skin_surface,Bloat
SAMP_7643,5.77,22.4,81.1,129.2,oral_cavity,Bloat
SAMP_7644,3.05,18.8,69.1,57.29,oral_cavity,Bloat
SAMP_7645,1.8,18.9,88.1,34.02,oral_cavity,Fresh
SAMP_7646,11.68,20.6,79.8,240.7,oral_cavity,Active Decay
SAMP_7647,7.23,21.5,75.0,155.39,skin_surface,Active Decay
SAMP_7648,2.23,22.0,43.0,49.13,skin_surface,Bloat
SAMP_7649,3.85,18.5,45.4,71.24,oral_cavity,Bloat
SAMP_7650,8.96,21.1,79.2,189.06,skin_surface,Active Decay
SAMP_7651,0.75,15.0,49.9,11.25,skin_surface,Fresh
SAMP_7652,1.6,23.2,41.4,37.01,oral_cavity,Bloat
SAMP_7653,0.76,12.0,85.5,9.13,skin_surface,Fresh
SAMP_7654,16.73,20.8,84.5,347.98,skin_surface,Active Decay
SAMP_7655,13.96,25.7,50.9,358.77,oral_cavity,Advanced Decay
SAMP_7656,14.0,17.8,79.0,249.13,oral_cavity,Active Decay
SAMP_7657,12.6,24.9,42.4,313.72,soil_interface,Active Decay
SAMP_7658,11.07,26.6,54.3,294.41,skin_surface,Active Decay
SAMP_7659,6.48,12.0,71.2,77.78,skin_surface,Bloat
SAMP_7660,10.28,21.4,78.2,219.99,skin_surface,Active Decay
SAMP_7661,0.39,12.0,40.5,4.69,soil_interface,Fresh
SAMP_7662,9.71,21.5,56.3,208.86,soil_interface,Active Decay
SAMP_7663,15.05,22.0,50.7,331.0,oral_cavity,Active Decay
SAMP_7664,6.94,12.1,89.9,83.96,skin_surface,Bloat
SAMP_7665,4.42,29.7,73.5,131.4,skin_surface,Bloat
SAMP_7666,3.25,23.1,60.3,75.06,oral_cavity,Bloat
SAMP_7667,10.29,18.6,43.8,191.48,soil_interface,Active Decay
SAMP_7668,11.8,27.9,69.9,329.29,skin_surface,Active Decay
SAMP_7669,20.48,14.8,72.1,303.06,oral_cavity,Active Decay
SAMP_7670,4.19,17.1,80.8,71.66,soil_interface,Bloat
SAMP_7671,14.69,12.8,54.4,187.99,oral_cavity,Active Decay
SAMP_7672,8.24,29.2,89.1,240.63,oral_cavity,Active Decay
SAMP_7673,21.44,23.3,62.0,499.6,skin_surface,Advanced Decay
SAMP_7674,7.5,24.6,54.8,184.59,oral_cavity,Active Decay
SAMP_7675,7.29,23.2,57.4,169.14,skin_surface,Active Decay
SAMP_7676,8.62,24.3,66.0,209.58,oral_cavity,Active Decay
SAMP_7677,13.84,22.3,86.8,308.53,oral_cavity,Active Decay
SAMP_7678,30.0,23.1,76.8,693.0,oral_cavity,Dry Remains
SAMP_7679,0.76,22.4,68.9,17.12,skin_surface,Fresh
SAMP_7680,0.55,19.6,48.1,10.76,oral_cavity,Fresh
SAMP_7681,27.73,21.8,47.5,604.6,skin_surface,Dry Remains
SAMP_7682,7.55,23.1,65.1,174.35,soil_interface,Active Decay
SAMP_7683,9.54,22.4,76.4,213.75,soil_interface,Active Decay
SAMP_7684,6.59,16.1,77.6,106.03,skin_surface,Bloat
SAMP_7685,0.98,16.6,51.3,16.32,skin_surface,Fresh
SAMP_7686,14.61,26.3,45.0,384.35,skin_surface,Advanced Decay
SAMP_7687,13.75,20.8,59.2,286.05,skin_surface,Active Decay
SAMP_7688,3.74,24.3,85.9,90.77,soil_interface,Bloat
SAMP_7689,3.66,17.6,67.3,64.35,soil_interface,Bloat
SAMP_7690,18.19,16.1,56.0,292.89,soil_interface,Active Decay
SAMP_7691,0.75,18.6,56.2,13.97,soil_interface,Fresh
SAMP_7692,21.3,21.1,46.6,449.33,oral_cavity,Advanced Decay
SAMP_7693,2.97,19.3,63.7,57.24,skin_surface,Bloat
SAMP_7694,8.99,27.2,79.6,244.5,soil_interface,Active Decay
SAMP_7695,27.49,22.7,88.4,623.97,soil_interface,Dry Remains
SAMP_7696,11.34,29.4,65.1,333.27,soil_interface,Active Decay
SAMP_7697,5.35,23.6,48.4,126.3,skin_surface,Bloat
SAMP_7698,11.7,12.3,74.1,143.87,skin_surface,Bloat
SAMP_7699,4.22,26.2,77.8,110.45,oral_cavity,Bloat
SAMP_7700,3.25,16.0,43.6,51.95,skin_surface,Bloat
SAMP_7701,30.0,22.9,82.5,687.0,skin_surface,Dry Remains
SAMP_7702,13.89,18.9,81.5,262.61,soil_interface,Active Decay
SAMP_7703,10.35,30.6,63.6,316.66,soil_interface,Active Decay
SAMP_7704,4.39,27.8,68.0,122.03,skin_surface,Bloat
SAMP_7705,0.5,19.0,75.7,9.58,oral_cavity,Fresh
SAMP_7706,0.32,21.5,73.8,6.78,skin_surface,Fresh
SAMP_7707,8.08,23.0,40.8,185.8,skin_surface,Active Decay
SAMP_7708,14.36,25.5,46.1,366.08,oral_cavity,Advanced Decay
SAMP_7709,7.71,22.1,48.1,170.36,oral_cavity,Active Decay
SAMP_7710,18.38,17.9,77.8,328.91,soil_interface,Active Decay
SAMP_7711,0.34,19.1,62.0,6.49,oral_cavity,Fresh
SAMP_7712,4.57,22.0,67.3,100.52,oral_cavity,Bloat
SAMP_7713,2.71,26.9,78.6,72.79,skin_surface,Bloat
SAMP_7714,5.93,23.7,57.0,140.52,soil_interface,Bloat
SAMP_7715,0.75,18.9,77.4,14.2,soil_interface,Fresh
SAMP_7716,30.0,24.6,62.1,738.0,soil_interface,Dry Remains
SAMP_7717,2.53,20.5,58.9,51.79,skin_surface,Bloat
SAMP_7718,25.55,25.6,56.7,654.08,skin_surface,Dry Remains
SAMP_7719,5.55,32.0,88.2,177.58,soil_interface,Active Decay
SAMP_7720,30.0,20.6,78.6,618.0,skin_surface,Dry Remains
SAMP_7721,8.08,25.2,41.0,203.51,oral_cavity,Active Decay
SAMP_7722,26.71,19.0,87.9,507.53,skin_surface,Advanced Decay
SAMP_7723,0.1,21.6,78.8,2.16,soil_interface,Fresh
SAMP_7724,13.79,22.1,47.5,304.82,soil_interface,Active Decay
SAMP_7725,23.34,21.2,43.8,494.72,oral_cavity,Advanced Decay
SAMP_7726,1.5,31.9,55.4,48.01,skin_surface,Bloat
SAMP_7727,1.01,20.8,71.2,21.02,soil_interface,Fresh
SAMP_7728,5.53,24.3,70.8,134.29,oral_cavity,Bloat
SAMP_7729,27.13,14.3,53.8,387.99,skin_surface,Advanced Decay
SAMP_7730,7.82,23.7,62.3,185.27,skin_surface,Active Decay
SAMP_7731,7.5,26.6,50.6,199.4,oral_cavity,Active Decay
SAMP_7732,1.52,19.9,42.5,30.27,skin_surface,Fresh
SAMP_7733,0.1,12.0,65.8,1.2,skin_surface,Fresh
SAMP_7734,16.61,21.8,57.3,362.2,skin_surface,Advanced Decay
SAMP_7735,0.92,22.1,67.1,20.25,soil_interface,Fresh
SAMP_7736,10.05,24.9,87.3,250.17,skin_surface,Active Decay
SAMP_7737,24.61,30.0,47.2,738.18,soil_interface,Dry Remains
SAMP_7738,2.34,20.5,40.1,47.97,skin_surface,Bloat
SAMP_7739,10.94,18.6,43.8,203.57,oral_cavity,Active Decay
SAMP_7740,0.82,17.3,63.1,14.18,skin_surface,Fresh
SAMP_7741,9.26,22.8,75.3,211.06,skin_surface,Active Decay
SAMP_7742,1.79,23.9,69.0,42.79,oral_cavity,Bloat
SAMP_7743,13.32,19.8,64.7,263.66,oral_cavity,Active Decay
SAMP_7744,3.58,25.1,57.7,89.97,soil_interface,Bloat
SAMP_7745,6.22,23.9,55.5,148.77,skin_surface,Bloat
SAMP_7746,9.15,22.2,58.8,203.1,oral_cavity,Active Decay
SAMP_7747,1.88,18.4,70.6,34.57,oral_cavity,Fresh
SAMP_7748,13.53,20.1,48.4,272.03,oral_cavity,Active Decay
SAMP_7749,3.6,12.3,78.6,44.34,skin_surface,Bloat
SAMP_7750,10.86,22.9,68.8,248.65,oral_cavity,Active Decay
SAMP_7751,1.72,22.1,53.5,38.08,oral_cavity,Bloat
SAMP_7752,11.65,22.8,65.1,265.65,oral_cavity,Active Decay
SAMP_7753,1.37,24.0,88.1,32.92,skin_surface,Fresh
SAMP_7754,5.54,23.5,41.0,130.19,oral_cavity,Bloat
SAMP_7755,2.84,21.6,50.0,61.34,oral_cavity,Bloat
SAMP_7756,13.8,22.2,62.4,306.32,oral_cavity,Active Decay
SAMP_7757,3.04,16.4,71.9,49.83,oral_cavity,Bloat
SAMP_7758,21.35,19.7,50.6,420.53,oral_cavity,Advanced Decay
SAMP_7759,22.24,22.2,86.6,493.72,skin_surface,Advanced Decay
SAMP_7760,2.19,19.1,72.1,41.77,skin_surface,Bloat
SAMP_7761,9.52,25.4,83.9,241.69,oral_cavity,Active Decay
SAMP_7762,0.92,19.4,56.5,17.81,soil_interface,Fresh
SAMP_7763,4.97,22.9,81.4,113.77,skin_surface,Bloat
SAMP_7764,12.49,22.5,58.9,281.11,oral_cavity,Active Decay
SAMP_7765,10.77,25.0,52.6,269.28,oral_cavity,Active Decay
SAMP_7766,9.8,25.6,85.6,250.89,soil_interface,Active Decay
SAMP_7767,3.32,24.8,44.6,82.35,soil_interface,Bloat
SAMP_7768,4.75,13.6,87.1,64.58,oral_cavity,Bloat
SAMP_7769,1.09,26.8,62.9,29.12,oral_cavity,Fresh
SAMP_7770,12.69,28.1,89.6,356.72,skin_surface,Advanced Decay
SAMP_7771,7.01,20.1,67.0,140.89,skin_surface,Bloat
SAMP_7772,12.34,22.9,77.9,282.5,skin_surface,Active Decay
SAMP_7773,2.86,18.4,40.4,52.67,skin_surface,Bloat
SAMP_7774,3.92,14.2,64.8,55.69,oral_cavity,Bloat
SAMP_7775,4.07,19.0,76.9,77.29,oral_cavity,Bloat
SAMP_7776,0.26,19.8,79.1,5.16,skin_surface,Fresh
SAMP_7777,4.17,20.6,47.9,85.92,soil_interface,Bloat
SAMP_7778,16.26,18.2,60.9,295.95,oral_cavity,Active Decay
SAMP_7779,22.76,19.1,61.0,434.7,skin_surface,Advanced Decay
SAMP_7780,7.3,22.0,45.2,160.66,skin_surface,Active Decay
SAMP_7781,6.08,18.9,62.2,114.89,oral_cavity,Bloat
SAMP_7782,0.31,24.2,80.4,7.58,soil_interface,Fresh
SAMP_7783,21.14,24.7,55.0,522.07,skin_surface,Advanced Decay
SAMP_7784,0.13,31.5,61.6,4.13,skin_surface,Fresh
SAMP_7785,28.96,26.5,88.0,767.41,skin_surface,Dry Remains
SAMP_7786,6.72,23.0,41.6,154.52,oral_cavity,Active Decay
SAMP_7787,4.18,19.5,69.6,81.6,skin_surface,Bloat
SAMP_7788,25.8,23.2,77.2,598.54,skin_surface,Advanced Decay
SAMP_7789,0.25,23.3,78.0,5.75,oral_cavity,Fresh
SAMP_7790,8.71,19.9,75.8,173.31,skin_surface,Active Decay
SAMP_7791,7.96,25.1,76.3,199.83,oral_cavity,Active Decay
SAMP_7792,2.48,16.4,43.0,40.6,oral_cavity,Bloat
SAMP_7793,5.6,21.0,66.7,117.64,skin_surface,Bloat
SAMP_7794,10.56,24.2,79.1,255.63,oral_cavity,Active Decay
SAMP_7795,12.99,20.8,44.7,270.14,skin_surface,Active Decay
SAMP_7796,0.1,21.2,40.6,2.12,soil_interface,Fresh
SAMP_7797,27.62,21.4,80.7,591.13,oral_cavity,Advanced Decay
SAMP_7798,1.8,18.7,75.6,33.61,skin_surface,Fresh
SAMP_7799,2.66,26.7,60.6,71.03,skin_surface,Bloat
SAMP_7800,3.06,17.9,87.0,54.74,skin_surface,Bloat
SAMP_7801,0.39,23.3,78.3,8.98,skin_surface,Fresh
SAMP_7802,1.31,23.7,88.4,31.12,skin_surface,Fresh
SAMP_7803,30.0,18.2,86.5,546.0,oral_cavity,Advanced Decay
SAMP_7804,3.79,22.3,64.1,84.44,oral_cavity,Bloat
SAMP_7805,1.23,18.4,77.7,22.54,skin_surface,Fresh
SAMP_7806,1.13,27.6,73.5,31.23,oral_cavity,Fresh
SAMP_7807,12.71,17.4,80.6,221.16,soil_interface,Active Decay
SAMP_7808,19.28,19.4,79.4,374.04,skin_surface,Advanced Decay
SAMP_7809,2.97,17.1,47.7,50.79,oral_cavity,Bloat
SAMP_7810,0.21,16.6,51.7,3.51,oral_cavity,Fresh
SAMP_7811,2.52,28.4,53.3,71.69,oral_cavity,Bloat
SAMP_7812,0.58,24.2,80.9,14.08,skin_surface,Fresh
SAMP_7813,1.09,22.6,80.5,24.67,soil_interface,Fresh
SAMP_7814,5.65,19.4,64.8,109.57,oral_cavity,Bloat
SAMP_7815,2.61,25.6,69.0,66.88,oral_cavity,Bloat
SAMP_7816,7.26,18.7,81.3,135.68,oral_cavity,Bloat
SAMP_7817,2.92,25.2,55.6,73.67,oral_cavity,Bloat
SAMP_7818,28.22,18.5,42.5,522.15,skin_surface,Advanced Decay
SAMP_7819,23.64,19.4,64.1,458.59,skin_surface,Advanced Decay
SAMP_7820,8.37,25.0,85.7,209.14,oral_cavity,Active Decay
SAMP_7821,4.38,25.5,79.5,111.59,skin_surface,Bloat
SAMP_7822,4.8,24.4,58.3,117.09,oral_cavity,Bloat
SAMP_7823,5.31,17.8,43.2,94.48,oral_cavity,Bloat
SAMP_7824,13.0,20.2,71.8,262.68,oral_cavity,Active Decay
SAMP_7825,6.01,22.6,81.7,135.79,skin_surface,Bloat
SAMP_7826,19.43,18.6,73.2,361.4,skin_surface,Advanced Decay
SAMP_7827,28.84,27.5,61.3,793.13,oral_cavity,Dry Remains
SAMP_7828,4.09,12.4,46.2,50.76,oral_cavity,Bloat
SAMP_7829,8.23,18.9,85.5,155.46,oral_cavity,Active Decay
SAMP_7830,1.0,20.0,53.8,19.98,oral_cavity,Fresh
SAMP_7831,2.24,12.0,51.2,26.85,skin_surface,Fresh
SAMP_7832,5.34,16.4,80.8,87.5,oral_cavity,Bloat
SAMP_7833,2.31,24.5,89.1,56.58,skin_surface,Bloat
SAMP_7834,20.92,22.1,73.0,462.33,oral_cavity,Advanced Decay
SAMP_7835,1.72,28.3,71.2,48.77,skin_surface,Bloat
SAMP_7836,6.08,28.2,56.0,171.51,skin_surface,Active Decay
SAMP_7837,9.31,23.7,41.0,220.56,skin_surface,Active Decay
SAMP_7838,11.77,23.3,49.6,274.29,oral_cavity,Active Decay
SAMP_7839,4.83,22.3,69.2,107.71,oral_cavity,Bloat
SAMP_7840,20.33,12.0,47.6,244.0,oral_cavity,Active Decay
SAMP_7841,8.4,16.4,84.2,137.77,skin_surface,Bloat
SAMP_7842,5.79,22.4,49.4,129.68,oral_cavity,Bloat
SAMP_7843,0.7,24.5,66.1,17.05,oral_cavity,Fresh
SAMP_7844,6.25,23.2,65.6,144.98,soil_interface,Bloat
SAMP_7845,17.19,18.4,70.2,316.28,oral_cavity,Active Decay
SAMP_7846,9.53,25.7,56.4,245.0,soil_interface,Active Decay
SAMP_7847,17.85,27.9,83.7,497.95,soil_interface,Advanced Decay
SAMP_7848,6.81,25.8,62.2,175.76,soil_interface,Active Decay
SAMP_7849,1.26,26.0,75.0,32.78,soil_interface,Fresh
SAMP_7850,0.14,19.8,71.8,2.72,oral_cavity,Fresh
SAMP_7851,3.61,26.3,45.9,95.02,oral_cavity,Bloat
SAMP_7852,11.97,22.6,71.1,270.59,oral_cavity,Active Decay
SAMP_7853,15.62,24.0,67.5,374.85,oral_cavity,Advanced Decay
SAMP_7854,3.51,23.5,84.9,82.4,oral_cavity,Bloat
SAMP_7855,6.84,21.5,84.0,147.17,soil_interface,Bloat
SAMP_7856,5.47,18.6,47.5,101.68,oral_cavity,Bloat
SAMP_7857,5.29,21.7,44.1,114.69,oral_cavity,Bloat
SAMP_7858,2.63,25.9,54.7,68.15,skin_surface,Bloat
SAMP_7859,1.47,20.2,89.3,29.62,oral_cavity,Fresh
SAMP_7860,2.19,25.6,41.1,56.07,oral_cavity,Bloat
SAMP_7861,0.57,24.9,73.6,14.17,oral_cavity,Fresh
SAMP_7862,2.21,20.8,70.4,45.93,soil_interface,Bloat
SAMP_7863,0.1,27.6,72.3,2.76,skin_surface,Fresh
SAMP_7864,9.87,20.6,50.9,203.3,skin_surface,Active Decay
SAMP_7865,3.8,28.0,51.3,106.5,oral_cavity,Bloat
SAMP_7866,30.0,23.7,61.5,711.0,soil_interface,Dry Remains
SAMP_7867,2.15,21.9,44.8,47.16,oral_cavity,Bloat
SAMP_7868,4.24,18.4,43.7,78.09,skin_surface,Bloat
SAMP_7869,4.43,21.6,44.4,95.67,soil_interface,Bloat
SAMP_7870,0.1,21.2,68.6,2.12,skin_surface,Fresh
SAMP_7871,18.28,17.0,59.9,310.7,skin_surface,Active Decay
SAMP_7872,0.33,21.1,54.7,6.86,oral_cavity,Fresh
SAMP_7873,28.16,18.8,55.8,529.49,oral_cavity,Advanced Decay
SAMP_7874,22.26,24.3,50.4,540.99,soil_interface,Advanced Decay
SAMP_7875,7.67,27.2,60.6,208.58,oral_cavity,Active Decay
SAMP_7876,7.84,17.1,50.2,134.13,soil_interface,Bloat
SAMP_7877,10.61,28.8,74.9,305.47,skin_surface,Active Decay
SAMP_7878,4.89,21.5,46.2,105.24,skin_surface,Bloat
SAMP_7879,10.42,18.1,87.4,188.59,skin_surface,Active Decay
SAMP_7880,0.46,25.0,44.5,11.45,oral_cavity,Fresh
SAMP_7881,0.56,20.2,87.2,11.22,oral_cavity,Fresh
SAMP_7882,6.11,21.7,81.7,132.6,oral_cavity,Bloat
SAMP_7883,7.98,20.4,74.0,162.72,oral_cavity,Active Decay
SAMP_7884,21.88,18.7,85.6,409.09,soil_interface,Advanced Decay
SAMP_7885,1.11,24.9,47.0,27.53,oral_cavity,Fresh
SAMP_7886,17.3,20.9,48.8,361.49,skin_surface,Advanced Decay
SAMP_7887,2.36,16.3,52.6,38.43,oral_cavity,Bloat
SAMP_7888,5.01,24.2,52.2,121.25,skin_surface,Bloat
SAMP_7889,3.81,17.2,55.5,65.48,skin_surface,Bloat
SAMP_7890,5.11,17.4,68.8,88.93,skin_surface,Bloat
SAMP_7891,1.63,26.8,41.4,43.71,soil_interface,Bloat
SAMP_7892,7.0,17.2,59.1,120.45,soil_interface,Bloat
SAMP_7893,16.18,12.7,52.3,205.45,skin_surface,Active Decay
SAMP_7894,5.83,24.5,70.3,142.73,soil_interface,Bloat
SAMP_7895,6.75,20.8,89.3,140.31,skin_surface,Bloat
SAMP_7896,18.89,21.1,65.9,398.57,soil_interface,Advanced Decay
SAMP_7897,12.24,20.7,61.3,253.45,skin_surface,Active Decay
SAMP_7898,6.74,22.9,58.4,154.4,oral_cavity,Active Decay
SAMP_7899,2.98,19.0,79.2,56.62,soil_interface,Bloat
SAMP_7900,21.62,27.9,43.6,603.25,oral_cavity,Dry Remains
SAMP_7901,8.6,16.1,88.0,138.53,oral_cavity,Bloat
SAMP_7902,2.5,23.8,60.9,59.48,oral_cavity,Bloat
SAMP_7903,3.14,24.6,55.7,77.12,oral_cavity,Bloat
SAMP_7904,16.25,19.0,88.7,308.79,oral_cavity,Active Decay
SAMP_7905,0.45,17.9,86.8,8.08,skin_surface,Fresh
SAMP_7906,30.0,26.1,72.1,783.0,soil_interface,Dry Remains
SAMP_7907,1.4,18.0,40.9,25.14,oral_cavity,Fresh
SAMP_7908,15.9,19.6,77.4,311.63,skin_surface,Active Decay
SAMP_7909,5.02,25.5,56.8,128.05,oral_cavity,Bloat
SAMP_7910,6.78,22.1,59.4,149.77,oral_cavity,Bloat
SAMP_7911,21.26,14.8,47.9,314.6,skin_surface,Active Decay
SAMP_7912,5.33,29.0,66.2,154.45,soil_interface,Active Decay
SAMP_7913,7.71,19.9,77.2,153.45,oral_cavity,Active Decay
SAMP_7914,0.51,20.4,53.7,10.31,oral_cavity,Fresh
SAMP_7915,0.1,23.0,86.9,2.3,oral_cavity,Fresh
SAMP_7916,2.81,24.5,49.7,68.79,soil_interface,Bloat
SAMP_7917,11.41,29.8,43.3,340.09,oral_cavity,Active Decay
SAMP_7918,1.29,15.4,72.2,19.91,skin_surface,Fresh
SAMP_7919,1.21,25.3,82.5,30.55,soil_interface,Fresh
SAMP_7920,5.29,25.0,87.7,132.32,skin_surface,Bloat
SAMP_7921,10.44,21.5,78.4,224.39,soil_interface,Active Decay
SAMP_7922,12.45,25.1,50.0,312.51,soil_interface,Active Decay
SAMP_7923,1.97,25.7,88.9,50.52,skin_surface,Bloat
SAMP_7924,0.83,16.5,86.0,13.68,skin_surface,Fresh
SAMP_7925,28.2,29.0,48.2,817.81,oral_cavity,Dry Remains
SAMP_7926,3.02,15.8,67.9,47.72,soil_interface,Bloat
SAMP_7927,19.2,17.5,67.8,335.94,oral_cavity,Active Decay
SAMP_7928,19.91,21.0,62.1,418.19,skin_surface,Advanced Decay
SAMP_7929,14.81,29.7,89.2,439.77,oral_cavity,Advanced Decay
SAMP_7930,1.85,20.8,43.0,38.46,oral_cavity,Bloat
SAMP_7931,17.25,21.9,71.4,377.74,oral_cavity,Advanced Decay
SAMP_7932,14.66,27.7,50.3,406.2,skin_surface,Advanced Decay
SAMP_7933,9.08,20.8,66.4,188.89,oral_cavity,Active Decay
SAMP_7934,4.11,17.3,79.0,71.15,oral_cavity,Bloat
SAMP_7935,3.05,20.3,52.3,61.81,oral_cavity,Bloat
SAMP_7936,1.3,27.5,59.7,35.75,oral_cavity,Bloat
SAMP_7937,7.13,22.3,87.5,158.97,skin_surface,Active Decay
SAMP_7938,8.8,29.7,78.1,261.39,oral_cavity,Active Decay
SAMP_7939,4.45,25.0,68.6,111.31,oral_cavity,Bloat
SAMP_7940,6.45,19.4,51.1,125.14,skin_surface,Bloat
SAMP_7941,4.52,22.2,61.3,100.3,skin_surface,Bloat
SAMP_7942,10.24,18.6,78.7,190.55,skin_surface,Active Decay
SAMP_7943,23.15,19.3,81.0,446.84,soil_interface,Advanced Decay
SAMP_7944,1.79,32.0,52.2,57.29,oral_cavity,Bloat
SAMP_7945,4.8,26.1,73.1,125.36,soil_interface,Bloat
SAMP_7946,1.52,25.4,44.8,38.57,skin_surface,Bloat
SAMP_7947,9.81,19.5,41.2,191.23,skin_surface,Active Decay
SAMP_7948,13.05,28.3,67.4,369.36,skin_surface,Advanced Decay
SAMP_7949,26.87,26.4,51.2,709.36,oral_cavity,Dry Remains
SAMP_7950,3.27,29.5,43.9,96.45,oral_cavity,Bloat
SAMP_7951,30.0,29.3,76.5,878.99,skin_surface,Dry Remains
SAMP_7952,0.65,16.1,64.9,10.52,oral_cavity,Fresh
SAMP_7953,9.24,17.6,79.8,162.6,skin_surface,Active Decay
SAMP_7954,0.59,18.0,73.2,10.59,skin_surface,Fresh
SAMP_7955,22.42,18.2,76.5,408.08,oral_cavity,Advanced Decay
SAMP_7956,7.55,23.3,55.4,175.83,oral_cavity,Active Decay
SAMP_7957,11.07,19.7,53.2,218.02,oral_cavity,Active Decay
SAMP_7958,17.81,30.3,70.0,539.72,oral_cavity,Advanced Decay
SAMP_7959,1.63,29.6,50.0,48.21,oral_cavity,Bloat
SAMP_7960,0.39,22.0,80.8,8.66,oral_cavity,Fresh
SAMP_7961,21.11,29.8,66.1,629.07,oral_cavity,Dry Remains
SAMP_7962,3.78,28.0,51.3,105.91,oral_cavity,Bloat
SAMP_7963,1.38,20.2,71.3,27.89,oral_cavity,Fresh
SAMP_7964,6.32,14.0,87.3,88.48,soil_interface,Bloat
SAMP_7965,9.12,21.1,44.1,192.45,soil_interface,Active Decay
SAMP_7966,0.31,19.4,45.5,6.1,oral_cavity,Fresh
SAMP_7967,3.21,22.8,82.2,73.29,oral_cavity,Bloat
SAMP_7968,0.33,22.4,45.5,7.47,skin_surface,Fresh
SAMP_7969,5.45,22.3,42.0,121.6,oral_cavity,Bloat
SAMP_7970,22.55,24.1,57.4,543.39,skin_surface,Advanced Decay
SAMP_7971,30.0,17.1,63.3,513.0,oral_cavity,Advanced Decay
SAMP_7972,10.13,23.6,68.5,239.18,oral_cavity,Active Decay
SAMP_7973,1.76,20.2,65.4,35.61,soil_interface,Bloat
SAMP_7974,23.63,22.8,85.7,538.73,soil_interface,Advanced Decay
SAMP_7975,7.26,25.8,78.4,187.36,soil_interface,Active Decay
SAMP_7976,1.67,17.1,89.2,28.55,oral_cavity,Fresh
SAMP_7977,25.48,20.9,63.8,532.44,soil_interface,Advanced Decay
SAMP_7978,14.17,21.5,44.2,304.57,skin_surface,Active Decay
SAMP_7979,13.16,19.9,87.8,261.82,skin_surface,Active Decay
SAMP_7980,12.35,25.6,40.2,316.17,soil_interface,Active Decay
SAMP_7981,2.24,19.1,78.8,42.7,soil_interface,Bloat
SAMP_7982,2.37,19.8,41.6,46.93,skin_surface,Bloat
SAMP_7983,11.66,19.2,78.1,223.81,oral_cavity,Active Decay
SAMP_7984,2.48,26.4,86.9,65.5,skin_surface,Bloat
SAMP_7985,5.77,20.0,59.5,115.49,skin_surface,Bloat
SAMP_7986,15.23,23.8,52.0,362.54,soil_interface,Advanced Decay
SAMP_7987,15.32,29.9,51.3,458.14,skin_surface,Advanced Decay
SAMP_7988,6.04,21.7,64.6,131.02,oral_cavity,Bloat
SAMP_7989,15.71,26.4,48.5,414.78,skin_surface,Advanced Decay
SAMP_7990,18.24,28.7,73.6,523.49,oral_cavity,Advanced Decay
SAMP_7991,10.64,26.1,58.4,277.59,soil_interface,Active Decay
SAMP_7992,2.59,21.9,56.2,56.79,oral_cavity,Bloat
SAMP_7993,3.2,24.6,63.1,78.77,skin_surface,Bloat
SAMP_7994,3.78,16.9,67.1,63.9,soil_interface,Bloat
SAMP_7995,1.24,18.9,47.1,23.48,skin_surface,Fresh
SAMP_7996,3.19,19.6,75.4,62.53,soil_interface,Bloat
SAMP_7997,2.35,31.0,84.1,72.89,soil_interface,Bloat
SAMP_7998,6.08,18.7,53.9,113.62,oral_cavity,Bloat
SAMP_7999,23.91,18.7,49.0,447.07,skin_surface,Advanced Decay
SAMP_8000,1.1,17.8,78.0,19.64,skin_surface,Fresh
SAMP_8001,12.74,24.2,49.2,308.29,skin_surface,Active Decay
SAMP_8002,11.62,22.6,42.1,262.72,skin_surface,Active Decay
SAMP_8003,1.01,26.3,71.0,26.47,skin_surface,Fresh
SAMP_8004,25.58,24.7,52.0,631.93,oral_cavity,Dry Remains
SAMP_8005,8.4,16.5,48.6,138.67,skin_surface,Bloat
SAMP_8006,4.52,18.8,89.1,85.0,oral_cavity,Bloat
SAMP_8007,14.13,27.5,54.6,388.52,oral_cavity,Advanced Decay
SAMP_8008,2.98,21.2,85.2,63.08,skin_surface,Bloat
SAMP_8009,11.83,26.8,48.9,316.93,skin_surface,Active Decay
SAMP_8010,0.41,21.4,80.9,8.67,oral_cavity,Fresh
SAMP_8011,18.29,18.1,65.1,331.03,skin_surface,Active Decay
SAMP_8012,5.95,20.8,43.9,123.66,oral_cavity,Bloat
SAMP_8013,10.13,18.1,76.7,183.26,soil_interface,Active Decay
SAMP_8014,2.5,19.7,84.6,49.26,oral_cavity,Bloat
SAMP_8015,11.3,22.8,48.2,257.72,oral_cavity,Active Decay
SAMP_8016,14.79,24.0,76.3,355.07,skin_surface,Advanced Decay
SAMP_8017,6.41,15.6,62.3,99.99,skin_surface,Bloat
SAMP_8018,9.62,21.9,77.7,210.59,oral_cavity,Active Decay
SAMP_8019,6.09,19.7,75.7,120.05,oral_cavity,Bloat
SAMP_8020,22.45,19.4,41.3,435.56,oral_cavity,Advanced Decay
SAMP_8021,6.89,22.5,48.9,155.0,oral_cavity,Active Decay
SAMP_8022,18.44,19.8,63.6,365.1,oral_cavity,Advanced Decay
SAMP_8023,16.16,27.5,86.7,444.46,skin_surface,Advanced Decay
SAMP_8024,5.28,26.8,57.1,141.63,soil_interface,Bloat
SAMP_8025,2.61,26.7,71.4,69.81,skin_surface,Bloat
SAMP_8026,5.21,20.0,40.6,104.2,oral_cavity,Bloat
SAMP_8027,17.5,18.2,75.6,318.49,soil_interface,Active Decay
SAMP_8028,2.58,22.3,70.2,57.6,skin_surface,Bloat
SAMP_8029,7.43,21.4,75.8,159.06,oral_cavity,Active Decay
SAMP_8030,16.4,19.6,85.2,321.52,skin_surface,Active Decay
SAMP_8031,4.36,17.3,47.3,75.45,oral_cavity,Bloat
SAMP_8032,10.28,21.8,53.1,224.06,oral_cavity,Active Decay
SAMP_8033,2.82,20.4,89.8,57.5,oral_cavity,Bloat
SAMP_8034,1.16,24.8,47.8,28.7,skin_surface,Fresh
SAMP_8035,15.82,24.7,76.0,390.69,oral_cavity,Advanced Decay
SAMP_8036,1.04,26.4,76.3,27.51,skin_surface,Fresh
SAMP_8037,3.17,17.0,74.1,53.82,skin_surface,Bloat
SAMP_8038,19.32,23.6,51.4,455.9,skin_surface,Advanced Decay
SAMP_8039,4.25,19.1,50.8,81.24,oral_cavity,Bloat
SAMP_8040,30.0,17.1,73.3,513.0,soil_interface,Advanced Decay
SAMP_8041,30.0,20.3,49.3,609.0,skin_surface,Dry Remains
SAMP_8042,3.12,26.3,73.1,82.15,skin_surface,Bloat
SAMP_8043,0.42,20.5,64.6,8.58,skin_surface,Fresh
SAMP_8044,12.21,28.3,59.3,345.54,oral_cavity,Active Decay
SAMP_8045,6.0,24.2,55.0,145.11,oral_cavity,Bloat
SAMP_8046,1.06,20.4,87.4,21.66,skin_surface,Fresh
SAMP_8047,12.29,26.6,65.4,327.01,skin_surface,Active Decay
SAMP_8048,0.32,23.8,68.1,7.54,oral_cavity,Fresh
SAMP_8049,20.42,18.3,87.5,373.64,oral_cavity,Advanced Decay
SAMP_8050,1.49,29.4,72.7,43.88,oral_cavity,Bloat
SAMP_8051,1.36,23.0,87.9,31.32,soil_interface,Fresh
SAMP_8052,1.93,22.1,45.3,42.69,oral_cavity,Bloat
SAMP_8053,30.0,18.6,82.3,558.0,oral_cavity,Advanced Decay
SAMP_8054,11.81,26.7,56.8,315.45,soil_interface,Active Decay
SAMP_8055,16.16,24.1,80.5,389.53,skin_surface,Advanced Decay
SAMP_8056,5.07,24.5,82.8,124.19,skin_surface,Bloat
SAMP_8057,4.1,20.0,53.6,81.99,skin_surface,Bloat
SAMP_8058,2.67,25.3,60.4,67.6,skin_surface,Bloat
SAMP_8059,6.55,25.6,76.3,167.72,skin_surface,Active Decay
SAMP_8060,8.03,19.3,45.0,154.9,oral_cavity,Active Decay
SAMP_8061,9.99,16.3,77.8,162.85,soil_interface,Active Decay
SAMP_8062,2.97,24.3,45.5,72.22,oral_cavity,Bloat
SAMP_8063,29.69,15.7,85.7,466.16,oral_cavity,Advanced Decay
SAMP_8064,1.86,22.6,53.8,42.04,oral_cavity,Bloat
SAMP_8065,30.0,20.2,68.8,606.0,skin_surface,Dry Remains
SAMP_8066,0.15,26.9,45.9,4.03,skin_surface,Fresh
SAMP_8067,6.56,20.4,53.5,133.84,skin_surface,Bloat
SAMP_8068,4.06,26.4,60.2,107.06,skin_surface,Bloat
SAMP_8069,5.96,19.9,64.4,118.65,oral_cavity,Bloat
SAMP_8070,8.46,26.0,40.0,219.83,oral_cavity,Active Decay
SAMP_8071,5.72,30.2,84.4,172.74,skin_surface,Active Decay
SAMP_8072,5.36,17.7,40.4,94.85,oral_cavity,Bloat
SAMP_8073,13.19,23.2,78.7,306.12,oral_cavity,Active Decay
SAMP_8074,11.58,32.0,63.5,370.55,soil_interface,Advanced Decay
SAMP_8075,17.91,22.3,66.2,399.48,skin_surface,Advanced Decay
SAMP_8076,2.88,22.2,50.4,63.85,oral_cavity,Bloat
SAMP_8077,9.4,25.2,70.4,236.98,skin_surface,Active Decay
SAMP_8078,8.8,22.2,66.9,195.35,skin_surface,Active Decay
SAMP_8079,4.62,15.2,48.2,70.17,oral_cavity,Bloat
SAMP_8080,6.66,26.5,51.9,176.4,oral_cavity,Active Decay
SAMP_8081,3.77,14.0,43.3,52.72,oral_cavity,Bloat
SAMP_8082,1.53,20.3,43.3,31.05,oral_cavity,Fresh
SAMP_8083,2.41,26.8,40.7,64.47,oral_cavity,Bloat
SAMP_8084,1.12,20.6,51.0,22.97,soil_interface,Fresh
SAMP_8085,11.49,19.2,74.0,220.62,skin_surface,Active Decay
SAMP_8086,10.81,25.5,55.8,275.64,soil_interface,Active Decay
SAMP_8087,30.0,18.6,57.1,558.0,oral_cavity,Advanced Decay
SAMP_8088,13.08,17.1,46.6,223.69,oral_cavity,Active Decay
SAMP_8089,0.53,23.1,68.8,12.35,soil_interface,Fresh
SAMP_8090,21.56,21.3,57.1,459.29,skin_surface,Advanced Decay
SAMP_8091,19.85,17.0,73.8,337.52,soil_interface,Active Decay
SAMP_8092,5.86,24.5,77.1,143.51,oral_cavity,Bloat
SAMP_8093,8.82,23.9,69.2,210.69,soil_interface,Active Decay
SAMP_8094,30.0,20.6,53.8,618.0,skin_surface,Dry Remains
SAMP_8095,7.6,20.8,65.4,158.07,oral_cavity,Active Decay
SAMP_8096,23.57,23.9,52.6,563.39,skin_surface,Advanced Decay
SAMP_8097,0.87,26.8,85.1,23.23,skin_surface,Fresh
SAMP_8098,2.12,20.9,78.3,44.31,oral_cavity,Bloat
SAMP_8099,5.81,24.6,64.7,142.97,soil_interface,Bloat
SAMP_8100,8.79,24.3,88.3,213.57,skin_surface,Active Decay
SAMP_8101,16.94,25.5,67.3,431.98,oral_cavity,Advanced Decay
SAMP_8102,30.0,22.2,56.4,666.0,oral_cavity,Dry Remains
SAMP_8103,4.92,18.4,44.8,90.6,oral_cavity,Bloat
SAMP_8104,0.49,20.2,67.2,9.81,oral_cavity,Fresh
SAMP_8105,16.15,23.4,83.0,377.98,skin_surface,Advanced Decay
SAMP_8106,9.27,29.3,83.3,271.7,skin_surface,Active Decay
SAMP_8107,2.21,20.1,70.2,44.49,skin_surface,Bloat
SAMP_8108,6.83,25.2,59.7,172.08,skin_surface,Active Decay
SAMP_8109,13.56,20.7,72.5,280.69,oral_cavity,Active Decay
SAMP_8110,14.71,22.4,78.1,329.61,soil_interface,Active Decay
SAMP_8111,6.92,28.1,60.6,194.56,oral_cavity,Active Decay
SAMP_8112,3.64,25.1,63.8,91.4,oral_cavity,Bloat
SAMP_8113,30.0,17.0,74.0,510.0,skin_surface,Advanced Decay
SAMP_8114,10.89,19.7,83.8,214.48,skin_surface,Active Decay
SAMP_8115,5.25,27.0,79.6,141.66,soil_interface,Bloat
SAMP_8116,3.29,22.6,41.1,74.39,soil_interface,Bloat
SAMP_8117,13.13,17.4,46.2,228.54,soil_interface,Active Decay
SAMP_8118,2.77,18.7,82.6,51.86,skin_surface,Bloat
SAMP_8119,1.88,24.8,81.7,46.72,oral_cavity,Bloat
SAMP_8120,7.55,26.0,59.4,196.21,skin_surface,Active Decay
SAMP_8121,3.42,22.1,69.2,75.69,oral_cavity,Bloat
SAMP_8122,9.91,31.9,85.3,316.22,oral_cavity,Active Decay
SAMP_8123,1.25,25.3,85.6,31.75,oral_cavity,Fresh
SAMP_8124,10.64,21.0,79.2,223.45,oral_cavity,Active Decay
SAMP_8125,3.33,18.7,50.5,62.29,skin_surface,Bloat
SAMP_8126,0.1,18.1,76.5,1.81,oral_cavity,Fresh
SAMP_8127,1.36,23.3,45.1,31.63,oral_cavity,Fresh
SAMP_8128,27.12,20.0,84.7,542.46,soil_interface,Advanced Decay
SAMP_8129,20.2,28.7,47.5,579.76,skin_surface,Advanced Decay
SAMP_8130,2.66,27.9,73.1,74.23,soil_interface,Bloat
SAMP_8131,15.07,24.5,70.5,369.15,skin_surface,Advanced Decay
SAMP_8132,9.38,17.3,78.8,162.27,oral_cavity,Active Decay
SAMP_8133,30.0,19.3,67.6,579.0,oral_cavity,Advanced Decay
SAMP_8134,4.68,27.0,43.0,126.3,skin_surface,Bloat
SAMP_8135,11.44,19.7,75.3,225.37,soil_interface,Active Decay
SAMP_8136,0.66,26.5,59.2,17.4,oral_cavity,Fresh
SAMP_8137,5.05,23.9,56.0,120.6,soil_interface,Bloat
SAMP_8138,30.0,22.2,89.6,666.0,skin_surface,Dry Remains
SAMP_8139,7.74,19.2,69.5,148.67,oral_cavity,Bloat
SAMP_8140,3.4,21.6,75.5,73.33,skin_surface,Bloat
SAMP_8141,1.28,22.8,66.3,29.22,skin_surface,Fresh
SAMP_8142,12.16,26.1,78.5,317.32,oral_cavity,Active Decay
SAMP_8143,10.35,18.5,77.6,191.52,oral_cavity,Active Decay
SAMP_8144,4.68,20.9,72.9,97.88,skin_surface,Bloat
SAMP_8145,30.0,22.2,89.9,666.0,skin_surface,Dry Remains
SAMP_8146,0.22,24.7,63.0,5.55,oral_cavity,Fresh
SAMP_8147,3.62,18.4,75.3,66.61,soil_interface,Bloat
SAMP_8148,25.39,16.7,79.9,424.04,oral_cavity,Advanced Decay
SAMP_8149,3.87,24.7,58.8,95.6,oral_cavity,Bloat
SAMP_8150,2.91,15.9,62.9,46.22,oral_cavity,Bloat
SAMP_8151,7.64,27.1,88.5,207.06,soil_interface,Active Decay
SAMP_8152,17.36,21.4,41.6,371.54,skin_surface,Advanced Decay
SAMP_8153,1.09,15.8,56.8,17.2,skin_surface,Fresh
SAMP_8154,28.65,20.1,64.3,575.88,soil_interface,Advanced Decay
SAMP_8155,15.85,23.5,40.1,372.5,skin_surface,Advanced Decay
SAMP_8156,2.0,19.9,85.0,39.8,oral_cavity,Bloat
SAMP_8157,12.45,22.1,54.3,275.11,skin_surface,Active Decay
SAMP_8158,4.86,25.0,52.9,121.52,skin_surface,Bloat
SAMP_8159,5.15,21.2,81.0,109.11,oral_cavity,Bloat
SAMP_8160,15.29,18.3,53.9,279.84,oral_cavity,Active Decay
SAMP_8161,30.0,20.8,72.9,624.0,skin_surface,Dry Remains
SAMP_8162,1.35,27.7,81.1,37.51,oral_cavity,Bloat
SAMP_8163,5.46,28.7,79.6,156.65,oral_cavity,Active Decay
SAMP_8164,6.56,13.9,79.1,91.15,skin_surface,Bloat
SAMP_8165,4.72,26.4,44.4,124.64,soil_interface,Bloat
SAMP_8166,4.51,23.0,44.0,103.79,oral_cavity,Bloat
SAMP_8167,0.54,25.7,55.3,13.8,skin_surface,Fresh
SAMP_8168,11.57,19.8,41.8,229.07,skin_surface,Active Decay
SAMP_8169,5.73,14.9,65.0,85.39,skin_surface,Bloat
SAMP_8170,2.17,24.3,59.7,52.65,soil_interface,Bloat
SAMP_8171,16.93,18.2,67.9,308.13,skin_surface,Active Decay
SAMP_8172,16.22,16.4,54.9,266.06,skin_surface,Active Decay
SAMP_8173,6.66,16.7,64.3,111.27,soil_interface,Bloat
SAMP_8174,3.54,24.4,56.7,86.49,oral_cavity,Bloat
SAMP_8175,10.16,22.6,49.8,229.7,oral_cavity,Active Decay
SAMP_8176,3.4,25.1,72.5,85.31,skin_surface,Bloat
SAMP_8177,2.69,24.7,73.7,66.49,oral_cavity,Bloat
SAMP_8178,13.11,20.3,81.5,266.18,oral_cavity,Active Decay
SAMP_8179,0.41,21.7,83.7,8.93,oral_cavity,Fresh
SAMP_8180,1.0,20.0,75.2,19.91,skin_surface,Fresh
SAMP_8181,0.1,21.2,74.4,2.12,soil_interface,Fresh
SAMP_8182,1.66,18.1,42.8,30.04,oral_cavity,Fresh
SAMP_8183,0.71,23.6,45.5,16.87,skin_surface,Fresh
SAMP_8184,30.0,26.3,80.6,789.0,oral_cavity,Dry Remains
SAMP_8185,3.41,18.7,51.6,63.73,skin_surface,Bloat
SAMP_8186,1.62,27.1,57.8,43.81,skin_surface,Bloat
SAMP_8187,2.76,22.5,47.3,62.04,soil_interface,Bloat
SAMP_8188,27.51,23.0,49.8,632.69,oral_cavity,Dry Remains
SAMP_8189,7.34,15.2,78.8,111.61,skin_surface,Bloat
SAMP_8190,4.54,14.8,53.1,67.17,oral_cavity,Bloat
SAMP_8191,20.67,22.6,62.5,467.06,skin_surface,Advanced Decay
SAMP_8192,5.03,25.2,47.6,126.63,soil_interface,Bloat
SAMP_8193,4.08,19.3,73.9,78.74,soil_interface,Bloat
SAMP_8194,2.32,28.7,76.4,66.67,oral_cavity,Bloat
SAMP_8195,4.74,24.9,58.1,118.15,soil_interface,Bloat
SAMP_8196,3.81,18.4,79.2,70.07,oral_cavity,Bloat
SAMP_8197,11.31,22.1,52.0,249.96,oral_cavity,Active Decay
SAMP_8198,3.42,31.9,74.6,109.07,soil_interface,Bloat
SAMP_8199,8.61,17.0,76.5,146.35,oral_cavity,Bloat
SAMP_8200,0.68,24.1,88.4,16.43,oral_cavity,Fresh
SAMP_8201,2.12,20.7,51.6,43.95,oral_cavity,Bloat
SAMP_8202,5.23,24.8,44.7,129.76,oral_cavity,Bloat
SAMP_8203,27.64,27.1,53.2,748.99,oral_cavity,Dry Remains
SAMP_8204,4.74,20.5,46.1,97.09,soil_interface,Bloat
SAMP_8205,10.91,26.5,48.5,289.08,skin_surface,Active Decay
SAMP_8206,2.94,30.9,56.7,91.0,skin_surface,Bloat
SAMP_8207,1.36,22.3,60.7,30.3,oral_cavity,Fresh
SAMP_8208,0.6,25.1,85.2,15.14,skin_surface,Fresh
SAMP_8209,3.64,19.6,49.8,71.43,skin_surface,Bloat
SAMP_8210,1.72,22.1,88.6,37.92,soil_interface,Bloat
SAMP_8211,1.91,21.3,80.5,40.72,soil_interface,Bloat
SAMP_8212,14.3,25.2,84.1,360.43,skin_surface,Advanced Decay
SAMP_8213,0.16,26.8,86.5,4.28,soil_interface,Fresh
SAMP_8214,8.16,21.6,77.7,176.26,oral_cavity,Active Decay
SAMP_8215,4.77,28.1,79.4,134.08,oral_cavity,Bloat
SAMP_8216,7.06,28.1,61.9,198.48,skin_surface,Active Decay
SAMP_8217,8.27,25.4,65.5,210.17,oral_cavity,Active Decay
SAMP_8218,3.76,19.9,86.6,74.82,oral_cavity,Bloat
SAMP_8219,3.5,19.6,58.9,68.54,soil_interface,Bloat
SAMP_8220,13.22,18.8,42.1,248.54,skin_surface,Active Decay
SAMP_8221,20.5,25.8,78.1,528.92,oral_cavity,Advanced Decay
SAMP_8222,2.14,17.2,68.7,36.79,skin_surface,Bloat
SAMP_8223,1.03,24.7,80.7,25.37,soil_interface,Fresh
SAMP_8224,22.81,17.7,43.8,403.7,soil_interface,Advanced Decay
SAMP_8225,4.31,25.3,71.1,108.95,skin_surface,Bloat
SAMP_8226,8.01,22.1,52.4,177.12,skin_surface,Active Decay
SAMP_8227,4.46,27.3,85.2,121.64,skin_surface,Bloat
SAMP_8228,1.34,26.6,45.5,35.76,skin_surface,Bloat
SAMP_8229,8.9,27.7,82.2,246.52,skin_surface,Active Decay
SAMP_8230,7.45,27.8,44.4,207.04,skin_surface,Active Decay
SAMP_8231,2.27,22.6,41.3,51.28,skin_surface,Bloat
SAMP_8232,6.01,17.4,51.8,104.62,soil_interface,Bloat
SAMP_8233,15.94,17.8,56.7,283.78,oral_cavity,Active Decay
SAMP_8234,8.93,13.7,71.3,122.29,oral_cavity,Bloat
SAMP_8235,1.02,17.7,46.6,18.04,skin_surface,Fresh
SAMP_8236,7.94,22.3,61.9,177.09,oral_cavity,Active Decay
SAMP_8237,12.13,19.8,50.2,240.2,skin_surface,Active Decay
SAMP_8238,15.74,21.3,82.8,335.18,oral_cavity,Active Decay
SAMP_8239,9.92,24.0,42.2,238.05,skin_surface,Active Decay
SAMP_8240,1.66,20.8,57.8,34.46,soil_interface,Fresh
SAMP_8241,12.38,17.5,71.6,216.73,skin_surface,Active Decay
SAMP_8242,11.31,21.8,85.7,246.59,oral_cavity,Active Decay
SAMP_8243,0.25,18.4,83.4,4.55,soil_interface,Fresh
SAMP_8244,5.31,20.9,84.8,110.9,oral_cavity,Bloat
SAMP_8245,4.05,27.4,43.1,110.94,skin_surface,Bloat
SAMP_8246,11.07,20.9,82.0,231.34,skin_surface,Active Decay
SAMP_8247,2.44,29.1,79.0,70.86,soil_interface,Bloat
SAMP_8248,8.94,27.7,85.1,247.56,oral_cavity,Active Decay
SAMP_8249,24.44,19.7,55.6,481.51,skin_surface,Advanced Decay
SAMP_8250,15.99,17.6,85.6,281.34,oral_cavity,Active Decay
SAMP_8251,25.44,21.8,60.1,554.62,oral_cavity,Advanced Decay
SAMP_8252,30.0,26.6,71.7,798.0,soil_interface,Dry Remains
SAMP_8253,0.11,20.0,61.2,2.15,skin_surface,Fresh
SAMP_8254,9.75,25.6,61.4,249.55,skin_surface,Active Decay
SAMP_8255,5.32,26.8,67.3,142.7,oral_cavity,Bloat
SAMP_8256,19.65,18.9,57.8,371.4,skin_surface,Advanced Decay
SAMP_8257,2.9,19.3,79.6,55.99,soil_interface,Bloat
SAMP_8258,30.0,24.9,71.7,747.0,skin_surface,Dry Remains
SAMP_8259,9.51,22.6,74.5,214.96,skin_surface,Active Decay
SAMP_8260,15.78,19.3,51.6,304.48,soil_interface,Active Decay
SAMP_8261,0.89,20.6,88.5,18.43,soil_interface,Fresh
SAMP_8262,2.03,21.7,73.0,43.98,skin_surface,Bloat
SAMP_8263,14.2,15.7,49.9,223.02,skin_surface,Active Decay
SAMP_8264,0.22,25.1,77.5,5.58,skin_surface,Fresh
SAMP_8265,16.98,20.1,48.7,341.22,oral_cavity,Active Decay
SAMP_8266,0.14,12.0,43.2,1.69,skin_surface,Fresh
SAMP_8267,10.7,21.9,66.4,234.41,soil_interface,Active Decay
SAMP_8268,4.54,19.0,67.7,86.31,soil_interface,Bloat
SAMP_8269,9.45,28.8,49.4,272.29,soil_interface,Active Decay
SAMP_8270,11.91,19.7,57.4,234.59,oral_cavity,Active Decay
SAMP_8271,4.19,17.6,87.3,73.79,soil_interface,Bloat
SAMP_8272,1.14,24.0,54.3,27.42,skin_surface,Fresh
SAMP_8273,0.72,19.4,47.8,14.0,oral_cavity,Fresh
SAMP_8274,8.89,18.9,89.6,168.02,skin_surface,Active Decay
SAMP_8275,7.35,24.0,55.1,176.48,soil_interface,Active Decay
SAMP_8276,13.56,17.8,74.0,241.29,oral_cavity,Active Decay
SAMP_8277,7.13,16.2,51.6,115.48,soil_interface,Bloat
SAMP_8278,5.49,28.9,67.5,158.65,soil_interface,Active Decay
SAMP_8279,5.08,24.3,59.3,123.36,oral_cavity,Bloat
SAMP_8280,0.27,20.9,88.1,5.6,soil_interface,Fresh
SAMP_8281,4.09,22.0,61.6,89.94,soil_interface,Bloat
SAMP_8282,30.0,24.0,69.2,720.0,oral_cavity,Dry Remains
SAMP_8283,20.68,25.9,87.2,535.6,oral_cavity,Advanced Decay
SAMP_8284,4.0,19.0,89.5,75.91,oral_cavity,Bloat
SAMP_8285,8.86,23.5,45.1,208.27,oral_cavity,Active Decay
SAMP_8286,18.79,20.0,81.7,375.85,skin_surface,Advanced Decay
SAMP_8287,5.82,21.2,59.1,123.4,oral_cavity,Bloat
SAMP_8288,0.18,22.6,69.7,4.1,soil_interface,Fresh
SAMP_8289,0.77,22.0,58.8,17.04,soil_interface,Fresh
SAMP_8290,7.14,24.9,60.1,177.82,oral_cavity,Active Decay
SAMP_8291,30.0,23.9,47.9,717.0,skin_surface,Dry Remains
SAMP_8292,11.82,16.0,68.6,189.05,skin_surface,Active Decay
SAMP_8293,0.74,16.6,67.3,12.21,skin_surface,Fresh
SAMP_8294,2.1,20.5,49.5,43.04,oral_cavity,Bloat
SAMP_8295,14.75,29.3,67.1,432.31,oral_cavity,Advanced Decay
SAMP_8296,18.42,18.6,88.7,342.54,oral_cavity,Active Decay
SAMP_8297,9.62,21.2,75.7,203.85,oral_cavity,Active Decay
SAMP_8298,10.34,19.9,64.0,205.77,soil_interface,Active Decay
SAMP_8299,0.29,19.8,85.8,5.69,oral_cavity,Fresh
SAMP_8300,17.63,22.7,68.8,400.28,oral_cavity,Advanced Decay
SAMP_8301,15.52,27.6,46.8,428.48,skin_surface,Advanced Decay
SAMP_8302,3.0,23.8,67.4,71.35,oral_cavity,Bloat
SAMP_8303,12.33,18.8,49.0,231.86,oral_cavity,Active Decay
SAMP_8304,2.42,32.0,78.4,77.4,skin_surface,Bloat
SAMP_8305,0.41,22.3,88.4,9.18,skin_surface,Fresh
SAMP_8306,2.25,19.7,58.0,44.24,oral_cavity,Bloat
SAMP_8307,1.97,27.6,61.7,54.31,skin_surface,Bloat
SAMP_8308,4.12,20.1,61.1,82.83,skin_surface,Bloat
SAMP_8309,5.42,28.7,54.3,155.57,skin_surface,Active Decay
SAMP_8310,7.1,18.5,79.7,131.42,skin_surface,Bloat
SAMP_8311,6.48,27.7,70.9,179.41,oral_cavity,Active Decay
SAMP_8312,3.16,22.8,43.2,71.96,skin_surface,Bloat
SAMP_8313,0.3,27.2,81.9,8.05,skin_surface,Fresh
SAMP_8314,9.29,29.6,49.4,275.02,soil_interface,Active Decay
SAMP_8315,5.04,17.5,89.0,88.16,soil_interface,Bloat
SAMP_8316,3.55,27.1,58.8,96.15,skin_surface,Bloat
SAMP_8317,20.17,16.4,70.8,330.78,skin_surface,Active Decay
SAMP_8318,13.73,17.8,43.9,244.46,skin_surface,Active Decay
SAMP_8319,19.5,18.8,57.2,366.65,soil_interface,Advanced Decay
SAMP_8320,6.83,24.0,80.1,163.96,soil_interface,Active Decay
SAMP_8321,1.4,22.1,63.9,31.01,oral_cavity,Fresh
SAMP_8322,11.91,21.3,85.2,253.78,oral_cavity,Active Decay
SAMP_8323,2.31,22.6,68.8,52.15,oral_cavity,Bloat
SAMP_8324,5.82,24.4,86.4,142.01,oral_cavity,Bloat
SAMP_8325,0.67,24.7,89.1,16.6,soil_interface,Fresh
SAMP_8326,17.45,26.4,62.7,460.61,oral_cavity,Advanced Decay
SAMP_8327,1.35,29.3,68.3,39.44,oral_cavity,Bloat
SAMP_8328,23.34,21.9,81.7,511.16,soil_interface,Advanced Decay
SAMP_8329,19.97,19.9,51.1,397.36,oral_cavity,Advanced Decay
SAMP_8330,6.25,24.5,83.1,153.05,oral_cavity,Active Decay
SAMP_8331,13.64,17.4,69.6,237.34,skin_surface,Active Decay
SAMP_8332,9.66,19.3,76.3,186.46,skin_surface,Active Decay
SAMP_8333,16.25,26.0,44.0,422.48,oral_cavity,Advanced Decay
SAMP_8334,5.65,21.5,78.3,121.54,skin_surface,Bloat
SAMP_8335,15.41,17.2,55.5,265.03,oral_cavity,Active Decay
SAMP_8336,6.21,16.0,80.3,99.32,skin_surface,Bloat
SAMP_8337,28.3,22.2,65.5,628.18,skin_surface,Dry Remains
SAMP_8338,6.66,26.6,53.7,177.22,soil_interface,Active Decay
SAMP_8339,6.21,26.5,87.6,164.58,skin_surface,Active Decay
SAMP_8340,15.37,22.4,78.3,344.39,skin_surface,Active Decay
SAMP_8341,17.24,30.0,89.3,517.08,skin_surface,Advanced Decay
SAMP_8342,8.09,21.6,58.2,174.64,oral_cavity,Active Decay
SAMP_8343,1.98,21.4,72.5,42.42,oral_cavity,Bloat
SAMP_8344,6.31,12.0,70.6,75.68,skin_surface,Bloat
SAMP_8345,30.0,20.2,74.4,606.0,oral_cavity,Dry Remains
SAMP_8346,13.98,25.4,41.9,355.17,skin_surface,Advanced Decay
SAMP_8347,16.67,28.3,54.6,471.72,oral_cavity,Advanced Decay
SAMP_8348,0.33,18.7,85.5,6.24,soil_interface,Fresh
SAMP_8349,6.31,23.8,61.2,150.14,soil_interface,Active Decay
SAMP_8350,10.4,26.2,88.0,272.54,oral_cavity,Active Decay
SAMP_8351,17.72,22.0,50.7,389.87,skin_surface,Advanced Decay
SAMP_8352,0.51,12.9,89.9,6.52,skin_surface,Fresh
SAMP_8353,19.14,23.0,74.9,440.11,soil_interface,Advanced Decay
SAMP_8354,7.95,25.0,78.8,198.74,oral_cavity,Active Decay
SAMP_8355,2.2,18.2,59.8,40.0,skin_surface,Bloat
SAMP_8356,3.82,21.0,85.4,80.14,skin_surface,Bloat
SAMP_8357,3.31,17.4,67.3,57.63,oral_cavity,Bloat
SAMP_8358,7.57,12.0,74.0,90.82,oral_cavity,Bloat
SAMP_8359,0.53,26.1,44.7,13.85,oral_cavity,Fresh
SAMP_8360,1.73,22.0,71.6,37.97,soil_interface,Bloat
SAMP_8361,16.75,28.4,84.0,475.7,oral_cavity,Advanced Decay
SAMP_8362,1.42,25.4,48.9,36.13,skin_surface,Bloat
SAMP_8363,2.66,20.6,76.9,54.75,oral_cavity,Bloat
SAMP_8364,6.04,21.7,41.3,131.06,oral_cavity,Bloat
SAMP_8365,7.28,24.3,86.3,176.9,skin_surface,Active Decay
SAMP_8366,14.42,25.9,89.1,373.55,soil_interface,Advanced Decay
SAMP_8367,5.93,23.3,57.7,138.17,skin_surface,Bloat
SAMP_8368,15.6,26.4,45.4,411.84,skin_surface,Advanced Decay
SAMP_8369,9.63,20.8,72.9,200.35,skin_surface,Active Decay
SAMP_8370,1.2,18.0,41.5,21.6,skin_surface,Fresh
SAMP_8371,1.7,21.7,64.1,36.89,skin_surface,Bloat
SAMP_8372,5.75,22.8,53.6,130.99,soil_interface,Bloat
SAMP_8373,5.06,17.2,63.7,86.97,skin_surface,Bloat
SAMP_8374,13.61,16.7,40.9,227.25,skin_surface,Active Decay
SAMP_8375,8.69,23.8,42.6,206.88,skin_surface,Active Decay
SAMP_8376,4.91,20.4,40.8,100.21,oral_cavity,Bloat
SAMP_8377,1.87,21.3,71.0,39.88,oral_cavity,Bloat
SAMP_8378,2.57,20.6,68.0,53.0,oral_cavity,Bloat
SAMP_8379,8.57,28.1,51.7,240.77,skin_surface,Active Decay
SAMP_8380,5.51,27.0,72.3,148.68,oral_cavity,Bloat
SAMP_8381,7.23,17.1,84.2,123.71,oral_cavity,Bloat
SAMP_8382,1.87,19.9,53.9,37.24,soil_interface,Bloat
SAMP_8383,10.87,25.4,81.6,276.2,skin_surface,Active Decay
SAMP_8384,19.14,24.4,73.1,467.06,oral_cavity,Advanced Decay
SAMP_8385,2.98,21.8,41.7,65.03,skin_surface,Bloat
SAMP_8386,6.76,17.4,58.8,117.68,oral_cavity,Bloat
SAMP_8387,30.0,19.3,65.4,579.0,skin_surface,Advanced Decay
SAMP_8388,4.05,19.9,76.6,80.66,skin_surface,Bloat
SAMP_8389,9.04,23.1,54.4,208.82,oral_cavity,Active Decay
SAMP_8390,0.95,28.8,89.1,27.22,oral_cavity,Fresh
SAMP_8391,9.31,19.3,74.2,179.77,oral_cavity,Active Decay
SAMP_8392,0.94,17.9,58.6,16.81,oral_cavity,Fresh
SAMP_8393,30.0,21.6,44.9,648.0,oral_cavity,Dry Remains
SAMP_8394,12.58,26.1,49.1,328.23,soil_interface,Active Decay
SAMP_8395,15.52,16.2,64.4,251.41,skin_surface,Active Decay
SAMP_8396,12.18,27.8,64.7,338.53,soil_interface,Active Decay
SAMP_8397,8.91,21.3,78.4,189.77,skin_surface,Active Decay
SAMP_8398,5.98,19.1,76.3,114.16,skin_surface,Bloat
SAMP_8399,19.55,15.6,50.1,304.91,oral_cavity,Active Decay
SAMP_8400,30.0,24.8,69.7,744.0,oral_cavity,Dry Remains
SAMP_8401,6.91,21.3,41.0,147.23,skin_surface,Bloat
SAMP_8402,26.81,22.7,59.9,608.69,soil_interface,Dry Remains
SAMP_8403,8.75,18.4,78.2,161.09,oral_cavity,Active Decay
SAMP_8404,7.73,20.7,60.0,160.02,skin_surface,Active Decay
SAMP_8405,6.06,20.1,81.8,121.81,oral_cavity,Bloat
SAMP_8406,2.35,21.6,88.8,50.72,skin_surface,Bloat
SAMP_8407,0.1,19.3,70.4,1.93,skin_surface,Fresh
SAMP_8408,2.76,15.9,47.3,43.95,skin_surface,Bloat
SAMP_8409,7.13,32.0,59.0,228.09,oral_cavity,Active Decay
SAMP_8410,4.78,16.5,40.5,78.87,oral_cavity,Bloat
SAMP_8411,5.95,22.7,70.1,135.08,skin_surface,Bloat
SAMP_8412,30.0,14.9,81.1,447.0,soil_interface,Advanced Decay
SAMP_8413,4.31,14.0,71.5,60.37,oral_cavity,Bloat
SAMP_8414,6.02,22.4,79.3,134.81,skin_surface,Bloat
SAMP_8415,1.43,22.7,80.0,32.53,skin_surface,Fresh
SAMP_8416,0.49,27.0,82.6,13.27,oral_cavity,Fresh
SAMP_8417,14.93,23.6,53.3,352.46,skin_surface,Advanced Decay
SAMP_8418,8.46,21.4,83.6,180.95,oral_cavity,Active Decay
SAMP_8419,14.3,18.2,72.7,260.27,skin_surface,Active Decay
SAMP_8420,1.62,28.0,54.5,45.46,skin_surface,Bloat
SAMP_8421,8.48,25.7,89.4,218.0,skin_surface,Active Decay
SAMP_8422,2.93,17.0,87.5,49.73,oral_cavity,Bloat
SAMP_8423,2.59,22.2,68.7,57.46,soil_interface,Bloat
SAMP_8424,0.12,22.6,82.2,2.62,oral_cavity,Fresh
SAMP_8425,1.4,20.6,53.1,28.77,skin_surface,Fresh
SAMP_8426,3.7,25.1,60.8,92.87,skin_surface,Bloat
SAMP_8427,1.24,25.3,49.2,31.45,skin_surface,Fresh
SAMP_8428,30.0,21.2,66.0,636.0,oral_cavity,Dry Remains
SAMP_8429,3.69,20.9,64.8,77.14,soil_interface,Bloat
SAMP_8430,1.4,28.0,50.6,39.1,oral_cavity,Bloat
SAMP_8431,2.22,25.7,73.6,57.05,soil_interface,Bloat
SAMP_8432,8.86,22.3,45.9,197.58,oral_cavity,Active Decay
SAMP_8433,0.66,15.5,43.1,10.26,oral_cavity,Fresh
SAMP_8434,19.84,23.4,59.2,464.17,oral_cavity,Advanced Decay
SAMP_8435,30.0,24.8,60.5,744.0,oral_cavity,Dry Remains
SAMP_8436,2.83,12.0,56.0,34.0,oral_cavity,Fresh
SAMP_8437,5.98,23.0,52.9,137.54,oral_cavity,Bloat
SAMP_8438,0.22,20.3,56.9,4.54,soil_interface,Fresh
SAMP_8439,10.24,21.1,48.2,215.99,skin_surface,Active Decay
SAMP_8440,5.34,18.4,60.2,98.31,oral_cavity,Bloat
SAMP_8441,3.15,21.4,85.2,67.37,oral_cavity,Bloat
SAMP_8442,2.32,27.6,51.2,63.96,skin_surface,Bloat
SAMP_8443,10.61,20.2,74.2,214.4,oral_cavity,Active Decay
SAMP_8444,5.38,25.9,47.1,139.4,soil_interface,Bloat
SAMP_8445,1.98,18.8,57.7,37.23,skin_surface,Bloat
SAMP_8446,11.68,25.0,56.1,292.08,skin_surface,Active Decay
SAMP_8447,8.33,22.0,86.9,183.17,skin_surface,Active Decay
SAMP_8448,19.57,23.4,61.4,457.86,skin_surface,Advanced Decay
SAMP_8449,1.25,22.0,74.5,27.49,oral_cavity,Fresh
SAMP_8450,15.4,24.6,70.1,378.89,oral_cavity,Advanced Decay
SAMP_8451,11.19,12.0,47.1,134.33,oral_cavity,Bloat
SAMP_8452,1.22,16.3,87.0,19.92,skin_surface,Fresh
SAMP_8453,11.87,23.7,57.3,281.28,skin_surface,Active Decay
SAMP_8454,5.83,13.8,42.2,80.4,skin_surface,Bloat
SAMP_8455,29.0,19.9,55.0,577.13,oral_cavity,Advanced Decay
SAMP_8456,1.53,21.8,56.8,33.29,skin_surface,Fresh
SAMP_8457,10.3,18.7,44.6,192.53,oral_cavity,Active Decay
SAMP_8458,4.81,19.2,71.0,92.4,skin_surface,Bloat
SAMP_8459,30.0,23.1,57.3,693.0,soil_interface,Dry Remains
SAMP_8460,4.0,26.0,71.5,104.11,skin_surface,Bloat
SAMP_8461,30.0,18.2,40.3,546.0,soil_interface,Advanced Decay
SAMP_8462,23.18,19.7,89.1,456.56,soil_interface,Advanced Decay
SAMP_8463,3.15,19.1,48.5,60.21,skin_surface,Bloat
SAMP_8464,16.27,12.3,73.0,200.16,oral_cavity,Active Decay
SAMP_8465,30.0,22.6,75.8,678.0,oral_cavity,Dry Remains
SAMP_8466,2.91,25.7,48.6,74.85,skin_surface,Bloat
SAMP_8467,5.74,26.1,45.6,149.83,soil_interface,Bloat
SAMP_8468,7.34,18.5,47.6,135.85,skin_surface,Bloat
SAMP_8469,3.49,17.0,52.3,59.41,oral_cavity,Bloat
SAMP_8470,0.15,22.1,48.4,3.4,soil_interface,Fresh
SAMP_8471,2.49,25.3,73.7,62.9,oral_cavity,Bloat
SAMP_8472,3.31,22.6,61.0,74.85,skin_surface,Bloat
SAMP_8473,5.86,23.2,66.9,136.01,skin_surface,Bloat
SAMP_8474,1.88,26.6,42.4,49.92,soil_interface,Bloat
SAMP_8475,20.66,19.0,83.1,392.46,soil_interface,Advanced Decay
SAMP_8476,12.2,21.1,48.5,257.52,soil_interface,Active Decay
SAMP_8477,0.89,28.5,58.0,25.38,skin_surface,Fresh
SAMP_8478,10.5,21.2,43.6,222.62,skin_surface,Active Decay
SAMP_8479,10.6,16.9,46.8,179.19,skin_surface,Active Decay
SAMP_8480,30.0,19.3,73.3,579.0,soil_interface,Advanced Decay
SAMP_8481,0.1,18.2,74.6,1.82,oral_cavity,Fresh
SAMP_8482,2.85,23.4,73.8,66.67,oral_cavity,Bloat
SAMP_8483,26.28,18.4,67.6,483.59,oral_cavity,Advanced Decay
SAMP_8484,26.9,23.1,87.6,621.44,skin_surface,Dry Remains
SAMP_8485,12.75,19.1,65.4,243.54,oral_cavity,Active Decay
SAMP_8486,14.51,13.5,62.5,195.94,skin_surface,Active Decay
SAMP_8487,0.96,23.2,52.4,22.26,oral_cavity,Fresh
SAMP_8488,7.21,22.6,44.9,163.01,oral_cavity,Active Decay
SAMP_8489,2.63,24.1,67.4,63.48,oral_cavity,Bloat
SAMP_8490,2.0,19.3,55.7,38.59,skin_surface,Bloat
SAMP_8491,16.62,18.9,66.2,314.18,oral_cavity,Active Decay
SAMP_8492,1.45,23.6,50.3,34.24,oral_cavity,Fresh
SAMP_8493,6.32,28.1,81.9,177.69,soil_interface,Active Decay
SAMP_8494,27.9,22.0,90.0,613.8,soil_interface,Dry Remains
SAMP_8495,2.06,23.7,56.1,48.72,soil_interface,Bloat
SAMP_8496,30.0,20.7,82.1,621.0,skin_surface,Dry Remains
SAMP_8497,30.0,15.8,83.6,474.0,soil_interface,Advanced Decay
SAMP_8498,8.11,25.9,89.8,210.07,skin_surface,Active Decay
SAMP_8499,1.87,25.6,57.1,47.74,soil_interface,Bloat
SAMP_8500,3.8,24.8,77.8,94.23,oral_cavity,Bloat
SAMP_8501,5.53,21.3,51.4,117.68,oral_cavity,Bloat
SAMP_8502,3.7,24.4,71.2,90.3,oral_cavity,Bloat
SAMP_8503,3.29,25.6,75.2,84.32,soil_interface,Bloat
SAMP_8504,30.0,28.5,77.1,855.0,skin_surface,Dry Remains
SAMP_8505,1.66,26.0,50.4,43.29,skin_surface,Bloat
SAMP_8506,13.22,22.3,82.4,294.75,skin_surface,Active Decay
SAMP_8507,0.1,16.8,61.0,1.68,soil_interface,Fresh
SAMP_8508,9.07,22.6,50.8,204.94,soil_interface,Active Decay
SAMP_8509,24.76,23.0,67.1,569.54,skin_surface,Advanced Decay
SAMP_8510,3.4,24.8,83.2,84.22,skin_surface,Bloat
SAMP_8511,2.05,27.4,88.4,56.23,oral_cavity,Bloat
SAMP_8512,10.55,21.6,77.4,227.8,skin_surface,Active Decay
SAMP_8513,12.47,30.4,40.3,379.05,soil_interface,Advanced Decay
SAMP_8514,11.65,15.0,46.7,174.73,skin_surface,Active Decay
SAMP_8515,3.85,23.7,43.8,91.16,skin_surface,Bloat
SAMP_8516,2.91,18.8,45.1,54.64,oral_cavity,Bloat
SAMP_8517,30.0,14.4,59.2,432.0,oral_cavity,Advanced Decay
SAMP_8518,25.68,21.2,56.9,544.38,oral_cavity,Advanced Decay
SAMP_8519,6.11,16.2,45.7,99.02,skin_surface,Bloat
SAMP_8520,18.72,21.4,84.1,400.62,skin_surface,Advanced Decay
SAMP_8521,6.02,22.1,70.8,133.06,soil_interface,Bloat
SAMP_8522,5.52,26.5,79.8,146.37,skin_surface,Bloat
SAMP_8523,1.71,16.0,58.6,27.28,oral_cavity,Fresh
SAMP_8524,5.56,25.6,60.5,142.29,oral_cavity,Bloat
SAMP_8525,7.71,22.4,55.9,172.69,soil_interface,Active Decay
SAMP_8526,0.23,26.1,61.9,5.94,skin_surface,Fresh
SAMP_8527,5.87,20.3,70.5,119.2,skin_surface,Bloat
SAMP_8528,15.2,16.7,64.6,253.89,skin_surface,Active Decay
SAMP_8529,11.4,17.1,81.9,194.87,oral_cavity,Active Decay
SAMP_8530,10.08,16.8,85.0,169.39,oral_cavity,Active Decay
SAMP_8531,24.03,23.9,63.5,574.32,oral_cavity,Advanced Decay
SAMP_8532,0.18,27.9,52.0,5.08,oral_cavity,Fresh
SAMP_8533,8.14,19.7,87.3,160.42,skin_surface,Active Decay
SAMP_8534,15.48,24.5,76.8,379.29,skin_surface,Advanced Decay
SAMP_8535,7.79,15.9,72.0,123.93,soil_interface,Bloat
SAMP_8536,3.91,22.7,77.3,88.85,soil_interface,Bloat
SAMP_8537,1.46,24.7,43.8,36.18,skin_surface,Bloat
SAMP_8538,21.85,16.2,43.4,354.03,skin_surface,Advanced Decay
SAMP_8539,6.36,21.2,47.7,134.9,skin_surface,Bloat
SAMP_8540,21.05,24.9,47.4,524.07,oral_cavity,Advanced Decay
SAMP_8541,8.82,12.0,61.0,105.78,soil_interface,Bloat
SAMP_8542,11.21,27.3,47.9,306.16,skin_surface,Active Decay
SAMP_8543,16.31,23.4,82.7,381.65,soil_interface,Advanced Decay
SAMP_8544,10.76,24.9,68.9,268.01,soil_interface,Active Decay
SAMP_8545,5.08,20.3,58.4,103.04,skin_surface,Bloat
SAMP_8546,7.21,15.1,43.5,108.84,oral_cavity,Bloat
SAMP_8547,16.25,24.1,69.6,391.57,skin_surface,Advanced Decay
SAMP_8548,4.68,21.7,45.8,101.52,skin_surface,Bloat
SAMP_8549,4.91,22.1,77.2,108.56,skin_surface,Bloat
SAMP_8550,1.01,26.4,80.1,26.55,oral_cavity,Fresh
SAMP_8551,24.6,25.0,67.2,615.06,skin_surface,Dry Remains
SAMP_8552,0.95,29.7,47.5,28.35,soil_interface,Fresh
SAMP_8553,10.45,22.6,79.3,236.11,soil_interface,Active Decay
SAMP_8554,5.33,19.2,55.4,102.35,oral_cavity,Bloat
SAMP_8555,5.2,21.2,51.1,110.29,soil_interface,Bloat
SAMP_8556,11.38,23.7,63.5,269.71,oral_cavity,Active Decay
SAMP_8557,0.69,26.1,86.1,18.13,soil_interface,Fresh
SAMP_8558,9.01,16.1,54.9,145.01,oral_cavity,Bloat
SAMP_8559,14.79,22.0,85.3,325.28,soil_interface,Active Decay
SAMP_8560,17.61,28.4,42.7,500.27,skin_surface,Advanced Decay
SAMP_8561,1.87,21.0,44.2,39.26,oral_cavity,Bloat
SAMP_8562,22.77,25.7,74.9,585.22,oral_cavity,Advanced Decay
SAMP_8563,10.68,24.0,49.5,256.21,oral_cavity,Active Decay
SAMP_8564,21.36,25.8,55.8,551.05,skin_surface,Advanced Decay
SAMP_8565,6.64,18.8,46.8,124.86,soil_interface,Bloat
SAMP_8566,7.81,18.8,56.6,146.82,skin_surface,Bloat
SAMP_8567,25.14,22.1,54.0,555.55,soil_interface,Advanced Decay
SAMP_8568,23.02,15.9,76.8,365.97,skin_surface,Advanced Decay
SAMP_8569,5.94,20.9,75.1,124.25,soil_interface,Bloat
SAMP_8570,3.21,23.0,87.7,73.78,skin_surface,Bloat
SAMP_8571,5.0,29.1,76.2,145.36,oral_cavity,Bloat
SAMP_8572,4.91,23.6,74.7,115.79,skin_surface,Bloat
SAMP_8573,3.38,24.5,74.7,82.83,oral_cavity,Bloat
SAMP_8574,3.13,26.7,84.1,83.51,soil_interface,Bloat
SAMP_8575,19.74,18.1,54.8,357.25,oral_cavity,Advanced Decay
SAMP_8576,0.72,21.3,55.0,15.43,oral_cavity,Fresh
SAMP_8577,11.32,31.7,77.1,358.84,oral_cavity,Advanced Decay
SAMP_8578,1.9,21.7,51.4,41.17,skin_surface,Bloat
SAMP_8579,4.22,26.5,85.6,111.93,oral_cavity,Bloat
SAMP_8580,0.64,25.9,66.7,16.45,soil_interface,Fresh
SAMP_8581,3.15,16.1,55.0,50.66,oral_cavity,Bloat
SAMP_8582,14.63,23.2,78.8,339.38,oral_cavity,Active Decay
SAMP_8583,21.63,22.6,55.6,488.83,oral_cavity,Advanced Decay
SAMP_8584,2.5,23.3,88.2,58.35,oral_cavity,Bloat
SAMP_8585,6.23,19.0,89.1,118.33,skin_surface,Bloat
SAMP_8586,6.35,17.5,73.3,111.21,oral_cavity,Bloat
SAMP_8587,20.68,20.1,45.7,415.69,oral_cavity,Advanced Decay
SAMP_8588,14.39,21.6,53.2,310.79,oral_cavity,Active Decay
SAMP_8589,7.2,26.7,65.8,192.15,oral_cavity,Active Decay
SAMP_8590,11.11,29.3,82.6,325.5,skin_surface,Active Decay
SAMP_8591,18.8,27.6,49.2,518.78,skin_surface,Advanced Decay
SAMP_8592,0.1,25.4,45.2,2.54,oral_cavity,Fresh
SAMP_8593,5.16,18.0,43.7,92.82,oral_cavity,Bloat
SAMP_8594,23.78,20.4,65.3,485.07,skin_surface,Advanced Decay
SAMP_8595,13.48,22.8,84.2,307.41,oral_cavity,Active Decay
SAMP_8596,7.83,19.5,42.1,152.63,skin_surface,Active Decay
SAMP_8597,7.54,24.3,50.6,183.29,soil_interface,Active Decay
SAMP_8598,4.27,24.9,74.7,106.41,oral_cavity,Bloat
SAMP_8599,7.35,24.1,81.3,177.15,oral_cavity,Active Decay
SAMP_8600,10.65,26.1,80.4,278.05,oral_cavity,Active Decay
SAMP_8601,5.42,18.4,79.3,99.71,skin_surface,Bloat
SAMP_8602,12.52,25.7,46.5,321.84,oral_cavity,Active Decay
SAMP_8603,19.75,19.2,59.9,379.19,skin_surface,Advanced Decay
SAMP_8604,1.68,18.2,89.2,30.58,soil_interface,Fresh
SAMP_8605,6.01,24.1,89.4,144.76,oral_cavity,Bloat
SAMP_8606,5.24,26.9,70.1,141.03,oral_cavity,Bloat
SAMP_8607,11.63,24.0,75.5,279.13,skin_surface,Active Decay
SAMP_8608,2.88,22.1,87.6,63.54,oral_cavity,Bloat
SAMP_8609,10.22,23.2,62.5,237.18,oral_cavity,Active Decay
SAMP_8610,21.0,22.5,46.8,472.4,skin_surface,Advanced Decay
SAMP_8611,5.42,17.5,73.4,94.76,oral_cavity,Bloat
SAMP_8612,24.19,17.0,88.0,411.28,soil_interface,Advanced Decay
SAMP_8613,30.0,21.7,74.9,651.0,oral_cavity,Dry Remains
SAMP_8614,1.12,22.3,80.2,25.01,skin_surface,Fresh
SAMP_8615,2.65,22.0,61.1,58.37,skin_surface,Bloat
SAMP_8616,30.0,24.7,44.8,741.0,oral_cavity,Dry Remains
SAMP_8617,30.0,21.1,48.4,633.0,oral_cavity,Dry Remains
SAMP_8618,1.03,24.3,89.1,24.98,oral_cavity,Fresh
SAMP_8619,0.15,21.4,64.7,3.23,soil_interface,Fresh
SAMP_8620,1.76,29.3,40.6,51.47,skin_surface,Bloat
SAMP_8621,30.0,22.3,87.8,669.0,oral_cavity,Dry Remains
SAMP_8622,1.98,31.4,64.9,62.31,skin_surface,Bloat
SAMP_8623,6.98,23.4,81.8,163.39,skin_surface,Active Decay
SAMP_8624,18.87,21.1,67.4,398.08,soil_interface,Advanced Decay
SAMP_8625,0.21,18.4,45.1,3.79,oral_cavity,Fresh
SAMP_8626,9.28,16.2,70.8,150.27,soil_interface,Active Decay
SAMP_8627,3.24,18.0,89.9,58.39,skin_surface,Bloat
SAMP_8628,19.83,18.5,41.7,366.84,soil_interface,Advanced Decay
SAMP_8629,3.33,23.6,82.1,78.66,oral_cavity,Bloat
SAMP_8630,11.61,19.9,51.8,230.99,oral_cavity,Active Decay
SAMP_8631,11.22,22.7,59.7,254.59,soil_interface,Active Decay
SAMP_8632,2.5,27.1,58.6,67.85,soil_interface,Bloat
SAMP_8633,0.35,21.6,84.9,7.65,oral_cavity,Fresh
SAMP_8634,5.26,30.3,65.2,159.49,skin_surface,Active Decay
SAMP_8635,3.41,17.3,62.4,59.05,oral_cavity,Bloat
SAMP_8636,16.55,21.4,80.9,354.25,oral_cavity,Advanced Decay
SAMP_8637,16.11,19.8,42.4,319.03,oral_cavity,Active Decay
SAMP_8638,6.11,25.7,44.3,156.95,oral_cavity,Active Decay
SAMP_8639,9.33,13.0,41.1,121.25,skin_surface,Bloat
SAMP_8640,9.27,16.2,74.4,150.17,oral_cavity,Active Decay
SAMP_8641,17.55,21.6,66.3,379.16,oral_cavity,Advanced Decay
SAMP_8642,5.53,28.2,83.8,156.06,soil_interface,Active Decay
SAMP_8643,3.22,22.9,64.9,73.78,oral_cavity,Bloat
SAMP_8644,3.08,16.6,51.1,51.12,skin_surface,Bloat
SAMP_8645,7.68,17.2,80.3,132.15,soil_interface,Bloat
SAMP_8646,5.96,28.7,54.7,171.14,oral_cavity,Active Decay
SAMP_8647,5.8,19.5,86.8,113.11,oral_cavity,Bloat
SAMP_8648,0.96,18.2,52.5,17.39,skin_surface,Fresh
SAMP_8649,12.68,27.9,48.4,353.77,skin_surface,Advanced Decay
SAMP_8650,2.4,26.0,64.7,62.52,skin_surface,Bloat
SAMP_8651,2.19,27.1,42.5,59.44,skin_surface,Bloat
SAMP_8652,5.32,18.2,41.8,96.88,soil_interface,Bloat
SAMP_8653,2.58,15.9,64.8,41.1,oral_cavity,Bloat
SAMP_8654,8.77,22.5,50.8,197.26,skin_surface,Active Decay
SAMP_8655,4.64,23.3,40.5,108.2,oral_cavity,Bloat
SAMP_8656,5.96,23.5,54.8,140.03,oral_cavity,Bloat
SAMP_8657,7.7,27.9,63.9,214.94,oral_cavity,Active Decay
SAMP_8658,2.28,15.1,59.7,34.36,skin_surface,Fresh
SAMP_8659,1.69,25.4,46.8,43.0,soil_interface,Bloat
SAMP_8660,21.24,17.6,69.0,373.79,oral_cavity,Advanced Decay
SAMP_8661,5.69,25.4,75.5,144.44,oral_cavity,Bloat
SAMP_8662,5.31,20.1,73.8,106.77,oral_cavity,Bloat
SAMP_8663,0.36,18.7,59.7,6.78,oral_cavity,Fresh
SAMP_8664,6.89,19.6,46.9,135.07,skin_surface,Bloat
SAMP_8665,8.08,16.2,65.0,130.87,skin_surface,Bloat
SAMP_8666,8.18,22.2,84.5,181.67,soil_interface,Active Decay
SAMP_8667,12.28,18.9,63.4,232.03,skin_surface,Active Decay
SAMP_8668,1.95,25.1,49.8,49.04,skin_surface,Bloat
SAMP_8669,2.91,24.6,44.7,71.5,oral_cavity,Bloat
SAMP_8670,16.65,28.8,87.2,479.4,skin_surface,Advanced Decay
SAMP_8671,29.41,23.5,77.2,691.06,skin_surface,Dry Remains
SAMP_8672,1.46,24.1,55.6,35.21,soil_interface,Bloat
SAMP_8673,6.88,27.6,54.8,190.01,soil_interface,Active Decay
SAMP_8674,2.41,19.5,84.8,47.0,soil_interface,Bloat
SAMP_8675,0.62,16.0,48.9,9.91,oral_cavity,Fresh
SAMP_8676,3.94,22.8,66.8,89.78,oral_cavity,Bloat
SAMP_8677,1.55,16.3,75.7,25.28,soil_interface,Fresh
SAMP_8678,12.38,31.8,59.8,393.57,skin_surface,Advanced Decay
SAMP_8679,7.63,27.8,42.0,212.11,skin_surface,Active Decay
SAMP_8680,1.55,30.7,51.4,47.67,oral_cavity,Bloat
SAMP_8681,0.1,22.2,85.1,2.22,soil_interface,Fresh
SAMP_8682,16.51,24.2,66.2,399.56,skin_surface,Advanced Decay
SAMP_8683,1.94,20.2,80.8,39.15,skin_surface,Bloat
SAMP_8684,9.32,25.5,67.8,237.65,soil_interface,Active Decay
SAMP_8685,4.11,17.1,87.2,70.26,oral_cavity,Bloat
SAMP_8686,8.81,12.0,85.5,105.68,skin_surface,Bloat
SAMP_8687,3.79,18.8,64.1,71.31,skin_surface,Bloat
SAMP_8688,0.91,16.2,55.9,14.73,skin_surface,Fresh
SAMP_8689,2.52,27.9,70.1,70.38,oral_cavity,Bloat
SAMP_8690,2.08,29.3,73.7,61.04,skin_surface,Bloat
SAMP_8691,5.59,16.4,64.9,91.62,skin_surface,Bloat
SAMP_8692,10.74,27.2,81.1,292.07,skin_surface,Active Decay
SAMP_8693,3.06,25.8,49.2,79.02,soil_interface,Bloat
SAMP_8694,0.12,15.7,56.7,1.91,oral_cavity,Fresh
SAMP_8695,7.32,20.4,74.3,149.28,soil_interface,Bloat
SAMP_8696,9.31,19.7,52.3,183.37,skin_surface,Active Decay
SAMP_8697,30.0,25.0,62.0,750.0,skin_surface,Dry Remains
SAMP_8698,8.9,17.1,88.2,152.24,oral_cavity,Active Decay
SAMP_8699,6.37,21.6,71.3,137.61,oral_cavity,Bloat
SAMP_8700,8.52,19.3,87.5,164.42,skin_surface,Active Decay
SAMP_8701,26.3,23.9,76.1,628.5,oral_cavity,Dry Remains
SAMP_8702,17.62,21.1,76.2,371.88,soil_interface,Advanced Decay
SAMP_8703,3.9,19.9,69.6,77.62,oral_cavity,Bloat
SAMP_8704,2.71,21.1,47.1,57.15,soil_interface,Bloat
SAMP_8705,3.05,30.1,66.0,91.71,skin_surface,Bloat
SAMP_8706,7.02,20.3,52.6,142.51,skin_surface,Bloat
SAMP_8707,13.63,17.8,89.9,242.57,oral_cavity,Active Decay
SAMP_8708,7.0,24.3,53.3,170.0,oral_cavity,Active Decay
SAMP_8709,0.7,21.4,51.5,15.02,oral_cavity,Fresh
SAMP_8710,12.86,16.3,71.2,209.59,skin_surface,Active Decay
SAMP_8711,16.4,30.9,65.5,506.68,skin_surface,Advanced Decay
SAMP_8712,3.42,20.6,41.1,70.41,skin_surface,Bloat
SAMP_8713,10.91,20.5,46.5,223.66,soil_interface,Active Decay
SAMP_8714,5.56,22.6,80.6,125.69,skin_surface,Bloat
SAMP_8715,21.99,28.9,64.2,635.6,oral_cavity,Dry Remains
SAMP_8716,18.66,15.3,47.3,285.47,oral_cavity,Active Decay
SAMP_8717,7.45,23.1,63.3,172.18,soil_interface,Active Decay
SAMP_8718,11.76,30.3,52.7,356.34,oral_cavity,Advanced Decay
SAMP_8719,21.49,22.5,51.2,483.43,skin_surface,Advanced Decay
SAMP_8720,6.85,17.1,87.9,117.07,oral_cavity,Bloat
SAMP_8721,3.76,19.5,58.1,73.28,oral_cavity,Bloat
SAMP_8722,14.01,22.8,42.3,319.44,skin_surface,Active Decay
SAMP_8723,2.49,27.3,88.5,67.85,skin_surface,Bloat
SAMP_8724,4.92,20.6,79.7,101.33,skin_surface,Bloat
SAMP_8725,20.08,25.3,52.7,507.99,skin_surface,Advanced Decay
SAMP_8726,12.89,16.3,60.4,210.09,oral_cavity,Active Decay
SAMP_8727,5.17,16.2,83.1,83.79,oral_cavity,Bloat
SAMP_8728,2.42,20.1,57.9,48.59,skin_surface,Bloat
SAMP_8729,4.4,27.8,68.4,122.32,skin_surface,Bloat
SAMP_8730,3.34,22.3,66.7,74.53,oral_cavity,Bloat
SAMP_8731,1.94,23.2,60.1,44.94,skin_surface,Bloat
SAMP_8732,13.6,23.1,72.0,314.15,skin_surface,Active Decay
SAMP_8733,2.9,26.4,63.7,76.68,oral_cavity,Bloat
SAMP_8734,6.05,19.6,41.1,118.67,skin_surface,Bloat
SAMP_8735,4.88,24.8,80.7,120.91,skin_surface,Bloat
SAMP_8736,30.0,18.7,45.7,561.0,oral_cavity,Advanced Decay
SAMP_8737,4.96,29.9,63.2,148.33,skin_surface,Bloat
SAMP_8738,0.83,18.8,69.0,15.67,skin_surface,Fresh
SAMP_8739,0.94,18.5,75.3,17.41,soil_interface,Fresh
SAMP_8740,8.93,24.2,60.5,216.21,skin_surface,Active Decay
SAMP_8741,9.15,22.3,76.8,203.98,oral_cavity,Active Decay
SAMP_8742,5.43,23.3,46.6,126.42,oral_cavity,Bloat
SAMP_8743,5.65,22.9,72.7,129.47,soil_interface,Bloat
SAMP_8744,0.55,17.6,81.3,9.76,soil_interface,Fresh
SAMP_8745,7.27,28.5,84.5,207.14,oral_cavity,Active Decay
SAMP_8746,7.03,25.6,69.0,179.88,oral_cavity,Active Decay
SAMP_8747,1.62,27.4,55.6,44.38,skin_surface,Bloat
SAMP_8748,1.1,19.9,48.2,21.82,skin_surface,Fresh
SAMP_8749,1.32,23.7,57.3,31.26,oral_cavity,Fresh
SAMP_8750,1.07,22.8,67.0,24.28,skin_surface,Fresh
SAMP_8751,9.41,26.5,49.8,249.33,oral_cavity,Active Decay
SAMP_8752,2.19,26.6,87.6,58.19,oral_cavity,Bloat
SAMP_8753,2.9,22.8,84.9,66.03,oral_cavity,Bloat
SAMP_8754,1.91,15.9,41.6,30.31,skin_surface,Fresh
SAMP_8755,30.0,29.1,68.1,873.0,soil_interface,Dry Remains
SAMP_8756,19.28,24.2,79.5,466.67,skin_surface,Advanced Decay
SAMP_8757,2.62,19.6,52.3,51.35,oral_cavity,Bloat
SAMP_8758,3.97,23.6,66.2,93.66,soil_interface,Bloat
SAMP_8759,2.36,16.0,60.3,37.69,oral_cavity,Bloat
SAMP_8760,6.77,26.2,49.8,177.38,skin_surface,Active Decay
SAMP_8761,0.2,16.1,70.7,3.19,skin_surface,Fresh
SAMP_8762,11.13,21.1,89.7,234.8,oral_cavity,Active Decay
SAMP_8763,7.41,23.0,58.3,170.33,oral_cavity,Active Decay
SAMP_8764,22.89,26.2,67.6,599.74,soil_interface,Advanced Decay
SAMP_8765,1.8,22.4,56.4,40.23,skin_surface,Bloat
SAMP_8766,16.3,24.5,83.8,399.4,oral_cavity,Advanced Decay
SAMP_8767,15.7,21.9,83.2,343.84,soil_interface,Active Decay
SAMP_8768,1.36,21.9,48.9,29.79,oral_cavity,Fresh
SAMP_8769,5.08,22.3,85.0,113.38,oral_cavity,Bloat
SAMP_8770,1.87,21.2,47.6,39.54,skin_surface,Bloat
SAMP_8771,2.94,15.3,44.8,44.98,skin_surface,Bloat
SAMP_8772,3.06,18.9,72.6,57.74,oral_cavity,Bloat
SAMP_8773,8.12,23.0,59.3,186.87,oral_cavity,Active Decay
SAMP_8774,5.3,21.0,66.5,111.31,skin_surface,Bloat
SAMP_8775,29.51,21.4,72.6,631.6,skin_surface,Dry Remains
SAMP_8776,1.35,20.7,42.6,27.97,soil_interface,Fresh
SAMP_8777,30.0,18.5,54.6,555.0,skin_surface,Advanced Decay
SAMP_8778,2.62,20.0,63.0,52.44,skin_surface,Bloat
SAMP_8779,14.82,20.8,53.3,308.31,oral_cavity,Active Decay
SAMP_8780,4.14,22.0,42.4,91.07,soil_interface,Bloat
SAMP_8781,1.54,23.6,44.3,36.44,oral_cavity,Bloat
SAMP_8782,19.51,21.3,80.1,415.59,skin_surface,Advanced Decay
SAMP_8783,3.69,17.9,85.6,66.13,soil_interface,Bloat
SAMP_8784,10.75,16.4,47.6,176.37,soil_interface,Active Decay
SAMP_8785,8.36,32.0,52.5,267.43,skin_surface,Active Decay
SAMP_8786,6.38,17.5,72.6,111.68,skin_surface,Bloat
SAMP_8787,6.85,19.9,87.7,136.28,soil_interface,Bloat
SAMP_8788,13.18,24.1,55.0,317.56,soil_interface,Active Decay
SAMP_8789,0.92,23.4,82.8,21.5,skin_surface,Fresh
SAMP_8790,11.03,24.1,65.3,265.86,skin_surface,Active Decay
SAMP_8791,22.62,20.2,87.8,456.83,oral_cavity,Advanced Decay
SAMP_8792,0.6,23.0,46.8,13.69,skin_surface,Fresh
SAMP_8793,1.52,22.2,88.7,33.65,oral_cavity,Fresh
SAMP_8794,12.61,20.8,62.0,262.29,skin_surface,Active Decay
SAMP_8795,5.75,23.0,87.6,132.24,skin_surface,Bloat
SAMP_8796,5.17,26.2,62.9,135.39,oral_cavity,Bloat
SAMP_8797,1.47,21.9,66.5,32.26,oral_cavity,Fresh
SAMP_8798,7.07,21.9,80.2,154.78,oral_cavity,Active Decay
SAMP_8799,1.35,26.3,76.1,35.58,oral_cavity,Bloat
SAMP_8800,6.47,25.8,71.0,167.04,skin_surface,Active Decay
SAMP_8801,14.42,28.3,60.8,408.17,soil_interface,Advanced Decay
SAMP_8802,2.99,15.0,79.6,44.81,skin_surface,Bloat
SAMP_8803,6.55,25.6,87.4,167.79,oral_cavity,Active Decay
SAMP_8804,30.0,24.4,40.5,732.0,oral_cavity,Dry Remains
SAMP_8805,11.6,18.5,69.4,214.68,skin_surface,Active Decay
SAMP_8806,18.41,23.0,83.3,423.45,skin_surface,Advanced Decay
SAMP_8807,5.36,26.2,72.7,140.4,skin_surface,Bloat
SAMP_8808,14.6,18.7,80.0,273.1,oral_cavity,Active Decay
SAMP_8809,0.41,23.8,84.8,9.84,oral_cavity,Fresh
SAMP_8810,1.31,25.5,77.5,33.44,oral_cavity,Fresh
SAMP_8811,2.27,17.7,75.9,40.18,skin_surface,Bloat
SAMP_8812,5.14,21.4,88.2,110.01,skin_surface,Bloat
SAMP_8813,18.69,23.2,83.2,433.64,soil_interface,Advanced Decay
SAMP_8814,4.25,18.8,80.8,79.91,skin_surface,Bloat
SAMP_8815,10.63,18.5,44.3,196.68,skin_surface,Active Decay
SAMP_8816,12.36,21.5,52.0,265.64,soil_interface,Active Decay
SAMP_8817,8.82,25.2,67.8,222.35,skin_surface,Active Decay
SAMP_8818,4.42,24.6,75.5,108.73,skin_surface,Bloat
SAMP_8819,8.61,18.6,55.2,160.05,soil_interface,Active Decay
SAMP_8820,4.19,24.6,44.7,103.06,oral_cavity,Bloat
SAMP_8821,0.88,18.7,55.6,16.38,oral_cavity,Fresh
SAMP_8822,30.0,15.6,78.6,468.0,soil_interface,Advanced Decay
SAMP_8823,1.36,20.5,83.9,27.89,skin_surface,Fresh
SAMP_8824,0.75,26.5,85.6,19.9,skin_surface,Fresh
SAMP_8825,21.08,24.6,58.9,518.59,soil_interface,Advanced Decay
SAMP_8826,3.59,22.0,58.6,79.05,oral_cavity,Bloat
SAMP_8827,10.51,20.3,60.3,213.29,skin_surface,Active Decay
SAMP_8828,3.99,20.4,58.8,81.39,skin_surface,Bloat
SAMP_8829,4.97,22.4,73.3,111.26,oral_cavity,Bloat
SAMP_8830,3.04,17.7,57.9,53.8,oral_cavity,Bloat
SAMP_8831,4.2,20.6,41.0,86.55,skin_surface,Bloat
SAMP_8832,5.29,21.1,62.0,111.58,oral_cavity,Bloat
SAMP_8833,12.74,16.6,51.2,211.56,oral_cavity,Active Decay
SAMP_8834,7.16,18.6,41.4,133.27,oral_cavity,Bloat
SAMP_8835,28.75,23.6,63.5,678.42,skin_surface,Dry Remains
SAMP_8836,0.43,22.0,50.3,9.41,soil_interface,Fresh
SAMP_8837,6.99,20.8,62.6,145.45,skin_surface,Bloat
SAMP_8838,8.78,18.4,53.9,161.48,skin_surface,Active Decay
SAMP_8839,25.28,28.3,70.2,715.48,soil_interface,Dry Remains
SAMP_8840,0.5,18.6,89.5,9.38,oral_cavity,Fresh
SAMP_8841,8.52,23.0,67.4,195.99,oral_cavity,Active Decay
SAMP_8842,19.22,20.0,72.3,384.32,oral_cavity,Advanced Decay
SAMP_8843,2.77,22.1,86.0,61.21,oral_cavity,Bloat
SAMP_8844,20.9,23.8,58.7,497.38,oral_cavity,Advanced Decay
SAMP_8845,0.19,16.5,48.3,3.17,oral_cavity,Fresh
SAMP_8846,13.18,22.0,54.1,290.06,oral_cavity,Active Decay
SAMP_8847,27.05,26.8,60.1,724.87,skin_surface,Dry Remains
SAMP_8848,10.71,29.0,72.3,310.47,oral_cavity,Active Decay
SAMP_8849,5.78,21.5,40.2,124.29,skin_surface,Bloat
SAMP_8850,0.46,22.2,82.7,10.19,skin_surface,Fresh
SAMP_8851,25.27,30.8,43.8,778.36,oral_cavity,Dry Remains
SAMP_8852,6.35,26.5,85.0,168.39,soil_interface,Active Decay
SAMP_8853,0.29,19.5,87.5,5.74,skin_surface,Fresh
SAMP_8854,11.71,19.5,89.5,228.27,oral_cavity,Active Decay
SAMP_8855,6.57,25.8,80.5,169.63,oral_cavity,Active Decay
SAMP_8856,1.33,18.0,47.1,23.9,skin_surface,Fresh
SAMP_8857,2.41,26.4,75.3,63.66,skin_surface,Bloat
SAMP_8858,0.67,23.3,50.2,15.53,skin_surface,Fresh
SAMP_8859,8.54,24.1,84.9,205.82,oral_cavity,Active Decay
SAMP_8860,9.73,21.0,55.8,204.32,skin_surface,Active Decay
SAMP_8861,7.05,19.5,56.3,137.42,skin_surface,Bloat
SAMP_8862,16.99,27.8,85.9,472.27,soil_interface,Advanced Decay
SAMP_8863,19.73,21.0,40.7,414.4,skin_surface,Advanced Decay
SAMP_8864,9.56,20.4,49.7,195.05,oral_cavity,Active Decay
SAMP_8865,0.13,21.7,61.1,2.79,oral_cavity,Fresh
SAMP_8866,11.88,22.8,75.0,270.91,oral_cavity,Active Decay
SAMP_8867,5.41,17.9,72.4,96.89,skin_surface,Bloat
SAMP_8868,8.34,19.7,73.5,164.24,oral_cavity,Active Decay
SAMP_8869,10.47,19.5,84.0,204.2,skin_surface,Active Decay
SAMP_8870,4.31,25.4,46.1,109.51,skin_surface,Bloat
SAMP_8871,24.9,18.5,66.1,460.67,oral_cavity,Advanced Decay
SAMP_8872,1.44,15.0,76.3,21.58,skin_surface,Fresh
SAMP_8873,11.13,14.1,71.8,156.97,skin_surface,Active Decay
SAMP_8874,0.1,16.1,62.4,1.61,skin_surface,Fresh
SAMP_8875,25.86,27.4,40.9,708.46,soil_interface,Dry Remains
SAMP_8876,1.19,22.1,43.0,26.38,skin_surface,Fresh
SAMP_8877,1.0,24.0,45.9,23.93,oral_cavity,Fresh
SAMP_8878,4.05,24.1,57.2,97.6,soil_interface,Bloat
SAMP_8879,4.68,22.2,45.9,103.83,skin_surface,Bloat
SAMP_8880,2.41,21.7,61.3,52.34,skin_surface,Bloat
SAMP_8881,8.8,26.2,48.9,230.5,skin_surface,Active Decay
SAMP_8882,5.85,22.6,79.0,132.22,oral_cavity,Bloat
SAMP_8883,0.35,27.6,83.6,9.6,oral_cavity,Fresh
SAMP_8884,3.85,24.5,59.5,94.36,skin_surface,Bloat
SAMP_8885,16.63,19.5,65.6,324.29,oral_cavity,Active Decay
SAMP_8886,11.7,20.0,87.7,234.04,soil_interface,Active Decay
SAMP_8887,12.91,19.1,66.8,246.49,oral_cavity,Active Decay
SAMP_8888,11.98,26.9,89.8,322.19,skin_surface,Active Decay
SAMP_8889,3.72,20.4,47.1,75.98,skin_surface,Bloat
SAMP_8890,1.05,18.8,83.1,19.74,skin_surface,Fresh
SAMP_8891,3.18,23.3,64.9,74.12,skin_surface,Bloat
SAMP_8892,17.83,21.6,41.1,385.02,skin_surface,Advanced Decay
SAMP_8893,30.0,23.2,88.6,696.0,oral_cavity,Dry Remains
SAMP_8894,6.81,29.6,88.3,201.55,oral_cavity,Active Decay
SAMP_8895,0.1,25.7,59.2,2.57,soil_interface,Fresh
SAMP_8896,1.51,22.1,87.7,33.34,soil_interface,Fresh
SAMP_8897,3.89,16.4,47.1,63.75,oral_cavity,Bloat
SAMP_8898,8.64,20.0,74.0,172.83,oral_cavity,Active Decay
SAMP_8899,0.78,24.8,49.6,19.36,oral_cavity,Fresh
SAMP_8900,28.71,17.3,52.3,496.68,soil_interface,Advanced Decay
SAMP_8901,4.54,30.6,79.0,139.0,oral_cavity,Bloat
SAMP_8902,24.37,22.1,58.9,538.59,oral_cavity,Advanced Decay
SAMP_8903,15.17,22.2,40.4,336.66,oral_cavity,Active Decay
SAMP_8904,14.08,19.3,60.7,271.8,skin_surface,Active Decay
SAMP_8905,9.33,24.0,51.4,223.98,soil_interface,Active Decay
SAMP_8906,9.86,17.4,74.2,171.49,oral_cavity,Active Decay
SAMP_8907,10.16,30.7,49.7,311.95,oral_cavity,Active Decay
SAMP_8908,9.91,27.3,82.1,270.49,skin_surface,Active Decay
SAMP_8909,8.07,25.9,53.4,208.97,oral_cavity,Active Decay
SAMP_8910,30.0,16.4,59.7,492.0,oral_cavity,Advanced Decay
SAMP_8911,13.18,22.8,54.9,300.47,soil_interface,Active Decay
SAMP_8912,15.0,26.8,72.2,402.09,soil_interface,Advanced Decay
SAMP_8913,20.59,24.4,45.1,502.48,soil_interface,Advanced Decay
SAMP_8914,2.43,18.0,63.9,43.72,skin_surface,Bloat
SAMP_8915,0.88,19.4,56.7,16.98,oral_cavity,Fresh
SAMP_8916,6.6,20.2,84.2,133.22,skin_surface,Bloat
SAMP_8917,7.22,19.6,43.7,141.46,oral_cavity,Bloat
SAMP_8918,17.67,28.1,81.5,496.57,oral_cavity,Advanced Decay
SAMP_8919,5.87,14.3,48.4,83.88,oral_cavity,Bloat
SAMP_8920,8.46,24.6,44.4,208.11,soil_interface,Active Decay
SAMP_8921,7.49,16.8,50.1,125.8,skin_surface,Bloat
SAMP_8922,0.39,18.2,45.1,7.09,oral_cavity,Fresh
SAMP_8923,9.55,14.0,66.0,133.71,oral_cavity,Bloat
SAMP_8924,17.61,19.8,89.4,348.58,soil_interface,Active Decay
SAMP_8925,1.71,28.0,41.7,47.99,soil_interface,Bloat
SAMP_8926,9.02,23.1,63.1,208.41,skin_surface,Active Decay
SAMP_8927,9.0,17.2,59.3,154.88,oral_cavity,Active Decay
SAMP_8928,1.79,26.1,57.0,46.81,skin_surface,Bloat
SAMP_8929,1.32,26.9,56.6,35.45,skin_surface,Bloat
SAMP_8930,30.0,22.4,84.8,672.0,soil_interface,Dry Remains
SAMP_8931,5.0,30.1,40.9,150.62,oral_cavity,Active Decay
SAMP_8932,2.58,25.3,78.7,65.28,skin_surface,Bloat
SAMP_8933,1.88,24.7,52.6,46.42,oral_cavity,Bloat
SAMP_8934,11.01,18.8,59.2,207.07,skin_surface,Active Decay
SAMP_8935,9.4,24.5,61.0,230.35,oral_cavity,Active Decay
SAMP_8936,10.32,22.9,55.2,236.23,soil_interface,Active Decay
SAMP_8937,0.92,24.1,44.7,22.2,oral_cavity,Fresh
SAMP_8938,22.4,19.3,45.7,432.31,skin_surface,Advanced Decay
SAMP_8939,4.93,22.5,54.9,110.95,skin_surface,Bloat
SAMP_8940,3.76,18.7,81.1,70.3,soil_interface,Bloat
SAMP_8941,6.21,13.4,46.7,83.16,skin_surface,Bloat
SAMP_8942,4.94,26.0,77.1,128.55,oral_cavity,Bloat
SAMP_8943,19.92,16.0,54.4,318.72,oral_cavity,Active Decay
SAMP_8944,26.49,22.4,84.2,593.32,skin_surface,Advanced Decay
SAMP_8945,3.62,23.3,61.4,84.26,skin_surface,Bloat
SAMP_8946,19.95,23.3,48.6,464.75,oral_cavity,Advanced Decay
SAMP_8947,15.21,20.9,89.3,317.9,skin_surface,Active Decay
SAMP_8948,26.71,23.1,48.8,616.97,oral_cavity,Dry Remains
SAMP_8949,2.82,23.9,68.4,67.41,soil_interface,Bloat
SAMP_8950,8.6,24.9,68.5,214.21,oral_cavity,Active Decay
SAMP_8951,3.21,28.9,58.6,92.76,oral_cavity,Bloat
SAMP_8952,17.38,22.9,87.6,397.96,oral_cavity,Advanced Decay
SAMP_8953,0.1,22.3,82.2,2.23,skin_surface,Fresh
SAMP_8954,8.32,18.4,81.5,153.09,oral_cavity,Active Decay
SAMP_8955,4.14,23.7,88.7,98.19,skin_surface,Bloat
SAMP_8956,3.9,24.7,62.9,96.24,oral_cavity,Bloat
SAMP_8957,10.35,21.2,44.9,219.5,oral_cavity,Active Decay
SAMP_8958,19.07,24.2,78.3,461.51,soil_interface,Advanced Decay
SAMP_8959,9.4,20.8,59.0,195.43,soil_interface,Active Decay
SAMP_8960,19.19,24.7,49.5,473.87,skin_surface,Advanced Decay
SAMP_8961,3.07,25.7,64.2,78.99,soil_interface,Bloat
SAMP_8962,7.33,25.6,86.3,187.63,oral_cavity,Active Decay
SAMP_8963,5.99,22.5,48.6,134.73,oral_cavity,Bloat
SAMP_8964,0.12,17.8,82.4,2.08,oral_cavity,Fresh
SAMP_8965,8.14,19.6,60.9,159.5,soil_interface,Active Decay
SAMP_8966,10.83,24.4,46.8,264.33,skin_surface,Active Decay
SAMP_8967,8.96,31.8,82.4,285.02,oral_cavity,Active Decay
SAMP_8968,13.33,20.6,88.5,274.57,oral_cavity,Active Decay
SAMP_8969,8.47,23.8,54.6,201.61,oral_cavity,Active Decay
SAMP_8970,0.69,19.8,55.2,13.68,oral_cavity,Fresh
SAMP_8971,1.24,18.1,59.5,22.41,skin_surface,Fresh
SAMP_8972,9.08,19.3,80.7,175.15,oral_cavity,Active Decay
SAMP_8973,3.22,13.7,40.5,44.05,oral_cavity,Bloat
SAMP_8974,0.83,27.4,51.2,22.74,oral_cavity,Fresh
SAMP_8975,5.61,13.1,75.3,73.55,skin_surface,Bloat
SAMP_8976,8.08,20.9,60.3,168.91,skin_surface,Active Decay
SAMP_8977,3.99,17.3,56.5,68.96,skin_surface,Bloat
SAMP_8978,12.75,18.5,83.6,235.79,skin_surface,Active Decay
SAMP_8979,10.32,27.5,85.9,283.85,oral_cavity,Active Decay
SAMP_8980,4.05,22.8,87.4,92.27,oral_cavity,Bloat
SAMP_8981,14.06,18.1,53.6,254.48,soil_interface,Active Decay
SAMP_8982,10.46,19.6,85.6,205.04,oral_cavity,Active Decay
SAMP_8983,10.15,18.9,76.8,191.76,skin_surface,Active Decay
SAMP_8984,8.06,21.8,47.7,175.74,soil_interface,Active Decay
SAMP_8985,0.11,22.7,70.5,2.6,skin_surface,Fresh
SAMP_8986,11.92,29.6,41.3,352.95,oral_cavity,Advanced Decay
SAMP_8987,4.72,14.3,75.4,67.45,soil_interface,Bloat
SAMP_8988,28.58,21.9,76.7,625.88,oral_cavity,Dry Remains
SAMP_8989,17.04,20.7,79.5,352.66,skin_surface,Advanced Decay
SAMP_8990,8.86,25.8,48.6,228.59,oral_cavity,Active Decay
SAMP_8991,2.91,23.4,71.4,68.0,skin_surface,Bloat
SAMP_8992,2.28,24.4,48.9,55.58,skin_surface,Bloat
SAMP_8993,4.16,23.4,87.3,97.37,skin_surface,Bloat
SAMP_8994,6.47,18.3,73.8,118.46,skin_surface,Bloat
SAMP_8995,3.51,26.8,44.8,94.09,soil_interface,Bloat
SAMP_8996,7.23,25.2,49.4,182.31,oral_cavity,Active Decay
SAMP_8997,1.81,25.7,73.2,46.46,soil_interface,Bloat
SAMP_8998,30.0,27.1,63.8,813.0,oral_cavity,Dry Remains
SAMP_8999,1.14,23.7,76.8,27.07,oral_cavity,Fresh
SAMP_9000,26.87,27.9,54.0,749.79,soil_interface,Dry Remains
SAMP_9001,24.49,23.5,72.9,575.4,skin_surface,Advanced Decay
SAMP_9002,7.45,21.1,48.8,157.24,oral_cavity,Active Decay
SAMP_9003,12.91,22.0,67.2,283.94,skin_surface,Active Decay
SAMP_9004,5.73,21.9,87.9,125.44,oral_cavity,Bloat
SAMP_9005,9.94,19.9,71.4,197.87,skin_surface,Active Decay
SAMP_9006,4.16,28.5,42.5,118.67,skin_surface,Bloat
SAMP_9007,3.58,23.2,89.4,83.13,soil_interface,Bloat
SAMP_9008,8.63,22.4,47.8,193.38,oral_cavity,Active Decay
SAMP_9009,6.89,23.6,75.9,162.7,oral_cavity,Active Decay
SAMP_9010,8.66,32.0,66.6,277.25,oral_cavity,Active Decay
SAMP_9011,3.38,17.5,54.7,59.11,oral_cavity,Bloat
SAMP_9012,4.57,18.6,48.9,85.04,soil_interface,Bloat
SAMP_9013,0.88,16.5,48.9,14.46,soil_interface,Fresh
SAMP_9014,0.54,21.1,82.9,11.33,skin_surface,Fresh
SAMP_9015,2.92,23.0,83.6,67.23,skin_surface,Bloat
SAMP_9016,0.77,20.1,63.3,15.51,soil_interface,Fresh
SAMP_9017,1.1,19.8,45.2,21.69,oral_cavity,Fresh
SAMP_9018,16.76,22.6,84.2,378.84,oral_cavity,Advanced Decay
SAMP_9019,0.4,20.0,64.4,7.93,oral_cavity,Fresh
SAMP_9020,10.76,23.2,61.9,249.56,soil_interface,Active Decay
SAMP_9021,3.18,26.5,60.4,84.33,skin_surface,Bloat
SAMP_9022,20.52,24.7,58.3,506.89,skin_surface,Advanced Decay
SAMP_9023,6.64,25.5,66.3,169.21,oral_cavity,Active Decay
SAMP_9024,3.65,26.3,70.2,95.91,skin_surface,Bloat
SAMP_9025,7.29,23.1,63.3,168.41,soil_interface,Active Decay
SAMP_9026,4.81,21.4,84.8,102.98,oral_cavity,Bloat
SAMP_9027,8.31,18.9,55.9,157.02,skin_surface,Active Decay
SAMP_9028,1.22,20.4,68.9,24.81,oral_cavity,Fresh
SAMP_9029,30.0,19.9,55.0,597.0,skin_surface,Advanced Decay
SAMP_9030,5.54,24.9,77.7,138.03,skin_surface,Bloat
SAMP_9031,4.28,23.4,45.1,100.17,oral_cavity,Bloat
SAMP_9032,12.39,24.8,49.4,307.17,skin_surface,Active Decay
SAMP_9033,4.52,17.4,80.1,78.72,oral_cavity,Bloat
SAMP_9034,17.91,27.7,49.2,496.22,soil_interface,Advanced Decay
SAMP_9035,6.06,20.3,71.3,122.94,soil_interface,Bloat
SAMP_9036,12.71,17.6,88.5,223.76,skin_surface,Active Decay
SAMP_9037,1.14,20.2,66.1,22.96,oral_cavity,Fresh
SAMP_9038,18.72,31.9,49.4,597.03,skin_surface,Advanced Decay
SAMP_9039,13.31,20.4,56.0,271.47,skin_surface,Active Decay
SAMP_9040,2.38,20.7,81.2,49.24,oral_cavity,Bloat
SAMP_9041,1.57,21.2,57.6,33.28,oral_cavity,Fresh
SAMP_9042,3.8,21.4,76.2,81.37,soil_interface,Bloat
SAMP_9043,30.0,18.9,78.9,567.0,skin_surface,Advanced Decay
SAMP_9044,2.97,22.6,65.1,67.08,soil_interface,Bloat
SAMP_9045,6.09,26.3,79.2,160.18,skin_surface,Active Decay
SAMP_9046,0.3,23.3,55.8,7.1,skin_surface,Fresh
SAMP_9047,5.06,17.6,65.8,89.09,skin_surface,Bloat
SAMP_9048,8.47,20.6,74.3,174.49,oral_cavity,Active Decay
SAMP_9049,30.0,19.8,48.4,594.0,soil_interface,Advanced Decay
SAMP_9050,7.27,22.2,53.7,161.44,soil_interface,Active Decay
SAMP_9051,17.1,27.3,72.6,466.79,soil_interface,Advanced Decay
SAMP_9052,7.92,21.4,72.8,169.52,skin_surface,Active Decay
SAMP_9053,0.42,21.6,64.7,8.99,skin_surface,Fresh
SAMP_9054,3.78,29.1,79.8,110.1,skin_surface,Bloat
SAMP_9055,8.57,25.5,64.1,218.52,soil_interface,Active Decay
SAMP_9056,30.0,24.3,84.1,729.0,skin_surface,Dry Remains
SAMP_9057,19.6,29.8,76.8,584.06,oral_cavity,Advanced Decay
SAMP_9058,2.59,24.0,55.7,62.22,skin_surface,Bloat
SAMP_9059,2.49,14.1,59.8,35.05,soil_interface,Bloat
SAMP_9060,2.25,25.3,73.4,56.83,oral_cavity,Bloat
SAMP_9061,25.57,15.6,84.7,398.96,skin_surface,Advanced Decay
SAMP_9062,19.15,23.8,48.9,455.78,oral_cavity,Advanced Decay
SAMP_9063,14.91,15.1,65.7,225.16,soil_interface,Active Decay
SAMP_9064,4.99,20.1,45.9,100.26,skin_surface,Bloat
SAMP_9065,7.02,20.5,54.0,143.9,skin_surface,Bloat
SAMP_9066,6.24,18.9,74.3,117.98,skin_surface,Bloat
SAMP_9067,2.92,20.6,43.9,60.2,soil_interface,Bloat
SAMP_9068,7.03,26.1,73.1,183.55,soil_interface,Active Decay
SAMP_9069,0.31,19.1,85.0,5.92,soil_interface,Fresh
SAMP_9070,1.41,24.2,88.5,34.21,oral_cavity,Fresh
SAMP_9071,21.77,18.1,50.8,393.99,oral_cavity,Advanced Decay
SAMP_9072,13.93,21.2,77.4,295.32,soil_interface,Active Decay
SAMP_9073,5.5,23.3,86.3,128.08,soil_interface,Bloat
SAMP_9074,7.28,18.0,44.6,131.05,oral_cavity,Bloat
SAMP_9075,4.62,16.8,60.7,77.62,oral_cavity,Bloat
SAMP_9076,13.5,24.0,86.0,324.02,oral_cavity,Active Decay
SAMP_9077,15.33,26.5,50.1,406.34,oral_cavity,Advanced Decay
SAMP_9078,14.41,21.7,86.7,312.68,skin_surface,Active Decay
SAMP_9079,12.82,20.2,66.4,259.03,oral_cavity,Active Decay
SAMP_9080,2.29,22.6,45.0,51.71,oral_cavity,Bloat
SAMP_9081,4.12,22.2,62.5,91.56,soil_interface,Bloat
SAMP_9082,6.35,23.0,56.3,145.95,oral_cavity,Bloat
SAMP_9083,4.02,12.0,54.1,48.2,skin_surface,Bloat
SAMP_9084,14.06,17.7,67.1,248.91,oral_cavity,Active Decay
SAMP_9085,4.0,18.6,64.2,74.31,skin_surface,Bloat
SAMP_9086,1.49,22.6,64.1,33.62,oral_cavity,Fresh
SAMP_9087,5.09,22.7,44.4,115.59,oral_cavity,Bloat
SAMP_9088,30.0,24.5,80.1,735.0,skin_surface,Dry Remains
SAMP_9089,2.56,23.0,64.1,58.89,soil_interface,Bloat
SAMP_9090,9.47,16.8,81.0,159.12,skin_surface,Active Decay
SAMP_9091,5.67,27.8,81.2,157.72,oral_cavity,Active Decay
SAMP_9092,0.74,27.1,55.9,19.97,soil_interface,Fresh
SAMP_9093,6.69,17.0,40.2,113.76,oral_cavity,Bloat
SAMP_9094,12.11,23.3,85.6,282.21,soil_interface,Active Decay
SAMP_9095,7.2,19.6,78.0,141.11,oral_cavity,Bloat
SAMP_9096,20.57,22.6,45.4,464.78,skin_surface,Advanced Decay
SAMP_9097,3.41,26.2,75.1,89.34,oral_cavity,Bloat
SAMP_9098,0.9,30.5,41.0,27.51,skin_surface,Fresh
SAMP_9099,27.58,25.0,41.4,689.44,skin_surface,Dry Remains
SAMP_9100,4.75,23.2,66.3,110.23,skin_surface,Bloat
SAMP_9101,8.59,20.6,44.8,176.95,oral_cavity,Active Decay
SAMP_9102,15.7,22.7,88.2,356.44,soil_interface,Advanced Decay
SAMP_9103,3.92,27.4,84.7,107.42,soil_interface,Bloat
SAMP_9104,12.59,21.8,72.5,274.54,skin_surface,Active Decay
SAMP_9105,1.46,18.5,43.2,26.92,skin_surface,Fresh
SAMP_9106,3.44,15.5,56.2,53.37,skin_surface,Bloat
SAMP_9107,1.56,24.1,58.6,37.67,oral_cavity,Bloat
SAMP_9108,16.67,23.0,64.0,383.46,soil_interface,Advanced Decay
SAMP_9109,2.52,19.4,48.4,48.86,oral_cavity,Bloat
SAMP_9110,12.64,26.1,68.9,329.83,skin_surface,Active Decay
SAMP_9111,28.7,20.3,61.8,582.6,skin_surface,Advanced Decay
SAMP_9112,7.5,21.5,87.4,161.31,skin_surface,Active Decay
SAMP_9113,7.77,21.9,86.8,170.07,soil_interface,Active Decay
SAMP_9114,6.18,20.6,68.3,127.33,oral_cavity,Bloat
SAMP_9115,3.94,22.9,72.2,90.31,skin_surface,Bloat
SAMP_9116,6.46,26.6,46.9,171.73,skin_surface,Active Decay
SAMP_9117,9.23,17.4,51.2,160.66,oral_cavity,Active Decay
SAMP_9118,30.0,24.0,85.0,720.0,skin_surface,Dry Remains
SAMP_9119,27.77,22.7,75.0,630.34,soil_interface,Dry Remains
SAMP_9120,19.82,22.6,49.5,447.84,oral_cavity,Advanced Decay
SAMP_9121,21.99,25.5,68.5,560.85,skin_surface,Advanced Decay
SAMP_9122,6.31,22.2,86.7,140.04,skin_surface,Bloat
SAMP_9123,10.71,23.9,57.3,256.05,skin_surface,Active Decay
SAMP_9124,22.54,24.9,49.3,561.35,soil_interface,Advanced Decay
SAMP_9125,4.99,20.0,87.1,99.83,oral_cavity,Bloat
SAMP_9126,30.0,23.2,63.1,696.0,skin_surface,Dry Remains
SAMP_9127,5.37,21.0,60.9,112.87,skin_surface,Bloat
SAMP_9128,9.19,21.5,53.4,197.59,oral_cavity,Active Decay
SAMP_9129,12.37,20.7,84.6,256.1,soil_interface,Active Decay
SAMP_9130,30.0,23.9,82.3,717.0,oral_cavity,Dry Remains
SAMP_9131,2.81,22.3,60.1,62.56,oral_cavity,Bloat
SAMP_9132,13.71,23.6,41.5,323.54,skin_surface,Active Decay
SAMP_9133,7.36,21.9,62.3,161.11,oral_cavity,Active Decay
SAMP_9134,3.13,15.6,49.0,48.79,skin_surface,Bloat
SAMP_9135,14.99,22.1,47.1,331.24,soil_interface,Active Decay
SAMP_9136,8.03,22.3,59.7,179.17,oral_cavity,Active Decay
SAMP_9137,10.82,23.0,45.0,248.79,oral_cavity,Active Decay
SAMP_9138,3.9,19.6,87.9,76.43,oral_cavity,Bloat
SAMP_9139,6.56,17.2,42.4,112.9,oral_cavity,Bloat
SAMP_9140,9.61,24.5,60.1,235.36,oral_cavity,Active Decay
SAMP_9141,5.19,20.9,48.1,108.48,soil_interface,Bloat
SAMP_9142,2.21,22.7,74.4,50.19,skin_surface,Bloat
SAMP_9143,30.0,20.9,43.9,627.0,oral_cavity,Dry Remains
SAMP_9144,7.16,22.0,67.3,157.6,soil_interface,Active Decay
SAMP_9145,13.24,20.2,78.7,267.44,oral_cavity,Active Decay
SAMP_9146,5.29,18.1,87.5,95.82,skin_surface,Bloat
SAMP_9147,4.39,23.9,74.9,104.85,oral_cavity,Bloat
SAMP_9148,5.23,19.6,45.0,102.48,oral_cavity,Bloat
SAMP_9149,5.26,22.7,44.4,119.46,skin_surface,Bloat
SAMP_9150,7.86,23.6,76.6,185.42,skin_surface,Active Decay
SAMP_9151,7.84,19.7,50.8,154.47,skin_surface,Active Decay
SAMP_9152,6.87,17.2,62.4,118.25,skin_surface,Bloat
SAMP_9153,1.45,31.7,88.8,45.89,oral_cavity,Bloat
SAMP_9154,6.85,19.9,81.0,136.38,skin_surface,Bloat
SAMP_9155,1.85,24.5,82.3,45.39,soil_interface,Bloat
SAMP_9156,1.35,29.8,83.0,40.18,oral_cavity,Bloat
SAMP_9157,26.98,25.2,71.0,679.84,oral_cavity,Dry Remains
SAMP_9158,9.29,20.8,77.2,193.18,skin_surface,Active Decay
SAMP_9159,10.77,21.7,57.9,233.78,skin_surface,Active Decay
SAMP_9160,5.14,18.7,89.9,96.08,skin_surface,Bloat
SAMP_9161,23.97,25.5,54.0,611.15,skin_surface,Dry Remains
SAMP_9162,10.16,24.3,69.5,246.87,soil_interface,Active Decay
SAMP_9163,14.66,19.9,54.1,291.75,oral_cavity,Active Decay
SAMP_9164,4.6,17.8,45.6,81.84,skin_surface,Bloat
SAMP_9165,30.0,16.7,68.4,501.0,skin_surface,Advanced Decay
SAMP_9166,17.17,25.9,57.7,444.8,skin_surface,Advanced Decay
SAMP_9167,19.24,22.5,69.2,432.85,oral_cavity,Advanced Decay
SAMP_9168,1.89,22.9,67.9,43.28,skin_surface,Bloat
SAMP_9169,3.16,18.7,67.1,59.1,skin_surface,Bloat
SAMP_9170,3.36,16.1,46.2,54.15,skin_surface,Bloat
SAMP_9171,3.16,25.9,62.0,81.83,oral_cavity,Bloat
SAMP_9172,19.34,22.2,80.6,429.31,skin_surface,Advanced Decay
SAMP_9173,0.32,25.6,55.8,8.3,soil_interface,Fresh
SAMP_9174,0.79,20.5,62.2,16.23,soil_interface,Fresh
SAMP_9175,3.2,21.1,64.7,67.54,skin_surface,Bloat
SAMP_9176,2.23,24.9,83.1,55.52,skin_surface,Bloat
SAMP_9177,2.64,24.9,72.8,65.68,oral_cavity,Bloat
SAMP_9178,15.99,25.2,45.0,403.0,skin_surface,Advanced Decay
SAMP_9179,8.28,20.8,83.3,172.25,oral_cavity,Active Decay
SAMP_9180,0.1,24.5,81.6,2.45,soil_interface,Fresh
SAMP_9181,5.61,26.4,77.7,148.09,oral_cavity,Bloat
SAMP_9182,5.24,21.6,63.3,113.2,skin_surface,Bloat
SAMP_9183,1.21,19.9,77.9,24.07,soil_interface,Fresh
SAMP_9184,11.27,27.4,63.9,308.92,soil_interface,Active Decay
SAMP_9185,12.11,19.4,76.8,234.93,skin_surface,Active Decay
SAMP_9186,12.76,24.5,84.0,312.66,skin_surface,Active Decay
SAMP_9187,13.04,21.8,84.5,284.2,skin_surface,Active Decay
SAMP_9188,0.1,14.6,62.7,1.46,oral_cavity,Fresh
SAMP_9189,30.0,26.5,83.0,795.0,oral_cavity,Dry Remains
SAMP_9190,16.83,12.0,45.1,201.98,oral_cavity,Active Decay
SAMP_9191,23.43,14.1,45.1,330.39,oral_cavity,Active Decay
SAMP_9192,0.16,24.1,67.4,3.8,soil_interface,Fresh
SAMP_9193,27.16,24.1,72.6,654.55,oral_cavity,Dry Remains
SAMP_9194,16.6,19.4,47.6,321.97,skin_surface,Active Decay
SAMP_9195,18.15,22.6,63.6,410.27,oral_cavity,Advanced Decay
SAMP_9196,0.98,12.0,44.7,11.75,soil_interface,Fresh
SAMP_9197,13.42,24.8,70.1,332.91,oral_cavity,Active Decay
SAMP_9198,30.0,23.0,82.8,690.0,skin_surface,Dry Remains
SAMP_9199,11.35,21.8,76.9,247.41,skin_surface,Active Decay
SAMP_9200,8.45,22.1,58.9,186.81,soil_interface,Active Decay
SAMP_9201,29.12,24.0,89.7,698.86,oral_cavity,Dry Remains
SAMP_9202,5.85,21.9,73.1,128.13,soil_interface,Bloat
SAMP_9203,9.15,14.5,80.8,132.61,skin_surface,Bloat
SAMP_9204,6.47,30.8,73.5,199.25,oral_cavity,Active Decay
SAMP_9205,27.01,26.8,89.5,723.81,oral_cavity,Dry Remains
SAMP_9206,0.79,16.9,81.1,13.37,skin_surface,Fresh
SAMP_9207,6.95,20.6,66.0,143.25,oral_cavity,Bloat
SAMP_9208,11.61,21.1,58.3,245.06,soil_interface,Active Decay
SAMP_9209,15.7,26.3,74.1,412.85,oral_cavity,Advanced Decay
SAMP_9210,8.75,13.4,69.5,117.21,skin_surface,Bloat
SAMP_9211,23.96,20.0,71.5,479.2,skin_surface,Advanced Decay
SAMP_9212,28.47,15.0,57.2,427.07,skin_surface,Advanced Decay
SAMP_9213,0.66,20.9,61.4,13.89,oral_cavity,Fresh
SAMP_9214,5.15,20.1,67.9,103.47,soil_interface,Bloat
SAMP_9215,0.24,22.3,82.0,5.29,skin_surface,Fresh
SAMP_9216,4.0,19.6,78.1,78.32,skin_surface,Bloat
SAMP_9217,7.7,19.0,45.9,146.25,skin_surface,Bloat
SAMP_9218,24.17,24.5,52.3,592.12,skin_surface,Advanced Decay
SAMP_9219,18.74,23.8,41.3,446.11,soil_interface,Advanced Decay
SAMP_9220,1.36,24.2,40.4,33.01,soil_interface,Fresh
SAMP_9221,0.98,21.3,51.2,20.8,oral_cavity,Fresh
SAMP_9222,8.9,19.7,80.0,175.29,oral_cavity,Active Decay
SAMP_9223,7.6,21.5,85.2,163.3,soil_interface,Active Decay
SAMP_9224,3.1,24.0,59.6,74.34,oral_cavity,Bloat
SAMP_9225,22.97,13.3,68.2,305.52,soil_interface,Active Decay
SAMP_9226,26.22,23.6,75.3,618.87,skin_surface,Dry Remains
SAMP_9227,5.15,23.2,87.6,119.52,oral_cavity,Bloat
SAMP_9228,22.1,22.2,85.6,490.63,oral_cavity,Advanced Decay
SAMP_9229,4.84,21.4,42.9,103.67,skin_surface,Bloat
SAMP_9230,13.35,12.0,52.4,160.19,soil_interface,Active Decay
SAMP_9231,6.46,20.2,42.5,130.52,oral_cavity,Bloat
SAMP_9232,1.31,29.2,70.8,38.19,oral_cavity,Bloat
SAMP_9233,26.3,22.1,75.5,581.27,soil_interface,Advanced Decay
SAMP_9234,6.05,20.8,55.4,125.91,oral_cavity,Bloat
SAMP_9235,13.26,22.1,82.7,293.07,skin_surface,Active Decay
SAMP_9236,4.58,23.4,62.6,107.07,skin_surface,Bloat
SAMP_9237,0.19,24.6,89.9,4.69,oral_cavity,Fresh
SAMP_9238,1.06,21.1,40.0,22.36,oral_cavity,Fresh
SAMP_9239,6.86,23.7,45.5,162.49,oral_cavity,Active Decay
SAMP_9240,11.71,28.7,55.1,336.1,oral_cavity,Active Decay
SAMP_9241,4.08,26.0,41.3,105.97,skin_surface,Bloat
SAMP_9242,11.89,31.4,79.1,373.36,skin_surface,Advanced Decay
SAMP_9243,11.99,19.4,42.6,232.69,skin_surface,Active Decay
SAMP_9244,12.17,28.7,77.4,349.33,skin_surface,Active Decay
SAMP_9245,6.78,18.8,42.6,127.52,oral_cavity,Bloat
SAMP_9246,24.64,23.4,52.6,576.52,oral_cavity,Advanced Decay
SAMP_9247,6.72,24.9,82.1,167.27,oral_cavity,Active Decay
SAMP_9248,5.98,20.0,87.6,119.66,skin_surface,Bloat
SAMP_9249,2.22,22.4,60.7,49.81,soil_interface,Bloat
SAMP_9250,3.68,25.6,88.5,94.12,oral_cavity,Bloat
SAMP_9251,0.43,19.2,71.3,8.31,skin_surface,Fresh
SAMP_9252,10.04,28.7,60.8,288.11,skin_surface,Active Decay
SAMP_9253,2.86,16.5,80.1,47.15,skin_surface,Bloat
SAMP_9254,3.63,29.8,54.8,108.06,soil_interface,Bloat
SAMP_9255,14.73,26.0,53.3,383.04,oral_cavity,Advanced Decay
SAMP_9256,3.96,21.6,72.8,85.61,oral_cavity,Bloat
SAMP_9257,2.77,20.4,59.5,56.58,oral_cavity,Bloat
SAMP_9258,1.85,20.0,46.8,37.04,oral_cavity,Bloat
SAMP_9259,14.91,21.5,43.3,320.57,skin_surface,Active Decay
SAMP_9260,1.39,21.8,79.4,30.29,soil_interface,Fresh
SAMP_9261,6.05,27.0,73.8,163.27,skin_surface,Active Decay
SAMP_9262,7.07,29.9,60.6,211.42,oral_cavity,Active Decay
SAMP_9263,11.63,22.8,84.8,265.12,oral_cavity,Active Decay
SAMP_9264,10.03,18.6,60.5,186.59,soil_interface,Active Decay
SAMP_9265,16.65,19.8,75.5,329.58,skin_surface,Active Decay
SAMP_9266,0.46,21.3,85.5,9.75,soil_interface,Fresh
SAMP_9267,3.52,17.9,82.0,62.94,skin_surface,Bloat
SAMP_9268,3.29,17.3,65.6,56.86,soil_interface,Bloat
SAMP_9269,1.58,30.4,74.0,47.98,soil_interface,Bloat
SAMP_9270,3.41,23.2,60.7,79.19,skin_surface,Bloat
SAMP_9271,3.71,18.7,72.4,69.33,skin_surface,Bloat
SAMP_9272,7.38,25.3,52.9,186.69,skin_surface,Active Decay
SAMP_9273,10.9,17.3,61.7,188.53,oral_cavity,Active Decay
SAMP_9274,4.8,17.6,50.5,84.45,oral_cavity,Bloat
SAMP_9275,12.71,18.8,41.9,238.96,oral_cavity,Active Decay
SAMP_9276,4.1,28.6,69.4,117.18,oral_cavity,Bloat
SAMP_9277,3.43,21.0,83.2,72.01,oral_cavity,Bloat
SAMP_9278,7.79,12.2,41.3,95.05,skin_surface,Bloat
SAMP_9279,0.24,26.8,49.8,6.43,soil_interface,Fresh
SAMP_9280,0.83,20.8,63.0,17.3,skin_surface,Fresh
SAMP_9281,5.41,14.6,73.3,79.02,skin_surface,Bloat
SAMP_9282,28.63,20.7,48.6,592.68,oral_cavity,Advanced Decay
SAMP_9283,12.78,24.1,42.8,308.09,oral_cavity,Active Decay
SAMP_9284,0.92,23.6,66.0,21.77,skin_surface,Fresh
SAMP_9285,18.73,29.2,80.9,546.88,soil_interface,Advanced Decay
SAMP_9286,13.18,18.6,41.8,245.13,oral_cavity,Active Decay
SAMP_9287,9.44,22.2,57.5,209.58,skin_surface,Active Decay
SAMP_9288,17.16,19.2,73.2,329.55,skin_surface,Active Decay
SAMP_9289,5.18,15.8,46.5,81.8,oral_cavity,Bloat
SAMP_9290,2.5,25.5,51.8,63.85,oral_cavity,Bloat
SAMP_9291,7.17,23.9,66.8,171.48,skin_surface,Active Decay
SAMP_9292,7.96,23.1,87.7,183.86,skin_surface,Active Decay
SAMP_9293,7.73,23.7,54.4,183.18,oral_cavity,Active Decay
SAMP_9294,8.33,19.3,64.4,160.69,oral_cavity,Active Decay
SAMP_9295,29.7,18.0,60.0,534.63,skin_surface,Advanced Decay
SAMP_9296,23.25,22.2,84.9,516.22,oral_cavity,Advanced Decay
SAMP_9297,20.85,26.6,43.6,554.66,soil_interface,Advanced Decay
SAMP_9298,16.17,28.4,68.3,459.1,oral_cavity,Advanced Decay
SAMP_9299,28.72,25.2,82.3,723.81,oral_cavity,Dry Remains
SAMP_9300,1.04,22.1,89.4,22.92,oral_cavity,Fresh
SAMP_9301,3.08,23.1,74.9,71.16,soil_interface,Bloat
SAMP_9302,6.83,22.0,59.0,150.33,skin_surface,Active Decay
SAMP_9303,18.74,17.9,60.6,335.5,soil_interface,Active Decay
SAMP_9304,7.04,22.1,57.6,155.48,skin_surface,Active Decay
SAMP_9305,13.78,16.7,70.2,230.2,soil_interface,Active Decay
SAMP_9306,1.5,21.5,77.0,32.17,soil_interface,Fresh
SAMP_9307,2.91,28.5,81.0,82.91,oral_cavity,Bloat
SAMP_9308,13.16,25.3,60.8,332.93,soil_interface,Active Decay
SAMP_9309,1.8,18.3,75.8,32.94,soil_interface,Fresh
SAMP_9310,4.33,21.7,85.8,93.93,soil_interface,Bloat
SAMP_9311,3.08,18.7,86.0,57.54,soil_interface,Bloat
SAMP_9312,4.31,21.7,75.2,93.43,skin_surface,Bloat
SAMP_9313,12.32,26.2,71.8,322.81,soil_interface,Active Decay
SAMP_9314,4.59,24.6,66.6,112.82,skin_surface,Bloat
SAMP_9315,8.1,31.9,49.2,258.48,skin_surface,Active Decay
SAMP_9316,1.05,26.8,46.2,28.22,oral_cavity,Fresh
SAMP_9317,16.35,22.8,64.3,372.74,skin_surface,Advanced Decay
SAMP_9318,4.62,24.7,48.0,114.08,skin_surface,Bloat
SAMP_9319,10.46,21.2,68.8,221.68,skin_surface,Active Decay
SAMP_9320,12.92,17.5,72.3,226.17,soil_interface,Active Decay
SAMP_9321,2.35,27.2,66.3,64.0,skin_surface,Bloat
SAMP_9322,21.6,26.0,41.8,561.6,skin_surface,Advanced Decay
SAMP_9323,9.58,21.0,42.9,201.12,oral_cavity,Active Decay
SAMP_9324,5.6,23.1,45.7,129.33,oral_cavity,Bloat
SAMP_9325,2.01,27.0,47.7,54.35,skin_surface,Bloat
SAMP_9326,28.53,25.4,89.5,724.54,skin_surface,Dry Remains
SAMP_9327,14.07,16.1,57.2,226.49,oral_cavity,Active Decay
SAMP_9328,2.33,23.0,54.6,53.64,oral_cavity,Bloat
SAMP_9329,4.12,21.3,42.6,87.77,oral_cavity,Bloat
SAMP_9330,16.59,26.5,71.8,439.64,skin_surface,Advanced Decay
SAMP_9331,11.9,26.1,72.6,310.5,skin_surface,Active Decay
SAMP_9332,14.52,27.3,48.8,396.26,oral_cavity,Advanced Decay
SAMP_9333,5.82,17.5,86.0,101.84,skin_surface,Bloat
SAMP_9334,12.6,18.9,80.0,238.23,oral_cavity,Active Decay
SAMP_9335,4.89,26.5,51.5,129.47,skin_surface,Bloat
SAMP_9336,2.37,19.6,64.3,46.52,oral_cavity,Bloat
SAMP_9337,10.02,15.9,62.9,159.24,soil_interface,Active Decay
SAMP_9338,30.0,24.1,57.4,723.0,oral_cavity,Dry Remains
SAMP_9339,3.72,19.8,80.9,73.64,skin_surface,Bloat
SAMP_9340,6.18,29.2,45.5,180.45,skin_surface,Active Decay
SAMP_9341,11.21,23.2,60.8,260.04,oral_cavity,Active Decay
SAMP_9342,7.8,22.6,61.4,176.24,oral_cavity,Active Decay
SAMP_9343,18.54,20.5,63.4,380.12,oral_cavity,Advanced Decay
SAMP_9344,14.34,28.4,83.1,407.37,soil_interface,Advanced Decay
SAMP_9345,0.6,23.4,50.9,14.06,oral_cavity,Fresh
SAMP_9346,30.0,20.4,45.1,612.0,skin_surface,Dry Remains
SAMP_9347,13.96,18.8,70.9,262.44,skin_surface,Active Decay
SAMP_9348,19.94,21.7,48.7,432.78,oral_cavity,Advanced Decay
SAMP_9349,10.53,18.1,43.7,190.64,oral_cavity,Active Decay
SAMP_9350,19.4,26.1,61.3,506.32,soil_interface,Advanced Decay
SAMP_9351,1.19,14.8,51.0,17.64,oral_cavity,Fresh
SAMP_9352,4.27,21.4,58.1,91.44,oral_cavity,Bloat
SAMP_9353,20.91,24.4,53.0,510.17,skin_surface,Advanced Decay
SAMP_9354,2.25,23.4,44.6,52.7,oral_cavity,Bloat
SAMP_9355,0.81,19.1,68.0,15.56,skin_surface,Fresh
SAMP_9356,15.52,24.6,41.4,381.73,oral_cavity,Advanced Decay
SAMP_9357,18.05,18.5,88.3,333.88,soil_interface,Active Decay
SAMP_9358,1.78,21.9,57.1,38.88,skin_surface,Bloat
SAMP_9359,19.27,24.6,74.8,473.92,soil_interface,Advanced Decay
SAMP_9360,11.61,23.9,80.5,277.43,oral_cavity,Active Decay
SAMP_9361,7.34,19.3,54.0,141.69,oral_cavity,Bloat
SAMP_9362,17.73,26.8,77.4,475.28,soil_interface,Advanced Decay
SAMP_9363,5.43,22.3,81.6,121.19,oral_cavity,Bloat
SAMP_9364,2.16,25.0,52.1,53.92,skin_surface,Bloat
SAMP_9365,3.35,28.1,89.6,94.21,oral_cavity,Bloat
SAMP_9366,7.04,26.5,41.0,186.44,soil_interface,Active Decay
SAMP_9367,7.58,26.5,50.9,200.83,oral_cavity,Active Decay
SAMP_9368,16.38,22.8,79.0,373.4,skin_surface,Advanced Decay
SAMP_9369,15.67,25.2,49.7,394.91,skin_surface,Advanced Decay
SAMP_9370,8.71,22.9,74.9,199.4,oral_cavity,Active Decay
SAMP_9371,15.18,17.2,82.8,261.05,oral_cavity,Active Decay
SAMP_9372,2.13,23.2,88.0,49.4,soil_interface,Bloat
SAMP_9373,0.51,23.0,63.7,11.81,skin_surface,Fresh
SAMP_9374,20.69,24.3,88.6,502.66,skin_surface,Advanced Decay
SAMP_9375,0.79,21.5,60.6,16.89,skin_surface,Fresh
SAMP_9376,2.83,19.0,50.9,53.82,oral_cavity,Bloat
SAMP_9377,11.88,24.6,65.7,292.37,skin_surface,Active Decay
SAMP_9378,5.27,16.7,72.5,87.96,skin_surface,Bloat
SAMP_9379,20.9,27.8,62.9,581.02,skin_surface,Advanced Decay
SAMP_9380,3.54,21.1,68.3,74.65,oral_cavity,Bloat
SAMP_9381,0.12,23.0,60.8,2.75,soil_interface,Fresh
SAMP_9382,3.58,24.2,66.2,86.54,oral_cavity,Bloat
SAMP_9383,8.63,24.4,87.6,210.55,oral_cavity,Active Decay
SAMP_9384,4.72,16.4,65.0,77.33,soil_interface,Bloat
SAMP_9385,7.65,25.3,52.7,193.66,skin_surface,Active Decay
SAMP_9386,20.92,23.2,77.9,485.42,oral_cavity,Advanced Decay
SAMP_9387,24.36,19.5,56.9,475.01,skin_surface,Advanced Decay
SAMP_9388,3.09,19.0,80.8,58.75,skin_surface,Bloat
SAMP_9389,6.2,20.7,42.8,128.37,oral_cavity,Bloat
SAMP_9390,7.97,16.8,56.6,133.83,skin_surface,Bloat
SAMP_9391,29.78,28.9,44.7,860.68,oral_cavity,Dry Remains
SAMP_9392,30.0,27.9,44.3,837.0,oral_cavity,Dry Remains
SAMP_9393,2.68,23.8,72.9,63.88,oral_cavity,Bloat
SAMP_9394,12.98,21.1,59.3,273.92,skin_surface,Active Decay
SAMP_9395,4.75,21.2,83.6,100.67,oral_cavity,Bloat
SAMP_9396,0.1,25.0,65.8,2.5,soil_interface,Fresh
SAMP_9397,0.1,29.0,54.8,2.9,skin_surface,Fresh
SAMP_9398,6.17,19.7,76.0,121.6,oral_cavity,Bloat
SAMP_9399,6.7,17.5,71.2,117.26,skin_surface,Bloat
SAMP_9400,0.23,28.2,80.0,6.44,soil_interface,Fresh
SAMP_9401,11.61,14.9,72.2,173.04,skin_surface,Active Decay
SAMP_9402,3.48,18.0,48.4,62.67,oral_cavity,Bloat
SAMP_9403,8.21,21.0,73.5,172.35,oral_cavity,Active Decay
SAMP_9404,3.58,15.8,59.6,56.56,soil_interface,Bloat
SAMP_9405,1.83,26.4,63.2,48.28,oral_cavity,Bloat
SAMP_9406,5.23,25.4,86.1,132.8,oral_cavity,Bloat
SAMP_9407,2.64,19.7,58.0,52.07,skin_surface,Bloat
SAMP_9408,7.65,27.1,70.6,207.39,oral_cavity,Active Decay
SAMP_9409,2.22,27.8,58.2,61.63,soil_interface,Bloat
SAMP_9410,7.1,21.5,44.7,152.67,soil_interface,Active Decay
SAMP_9411,1.71,20.2,62.7,34.59,skin_surface,Fresh
SAMP_9412,11.12,31.0,69.9,344.6,soil_interface,Active Decay
SAMP_9413,14.02,24.9,60.4,349.14,skin_surface,Active Decay
SAMP_9414,1.17,23.0,59.5,26.9,skin_surface,Fresh
SAMP_9415,6.31,27.5,81.0,173.45,skin_surface,Active Decay
SAMP_9416,0.74,23.2,41.5,17.05,oral_cavity,Fresh
SAMP_9417,9.12,20.0,54.8,182.35,soil_interface,Active Decay
SAMP_9418,3.07,22.3,80.6,68.48,soil_interface,Bloat
SAMP_9419,7.5,26.2,86.0,196.5,soil_interface,Active Decay
SAMP_9420,7.29,14.0,60.6,102.02,skin_surface,Bloat
SAMP_9421,25.82,20.8,84.4,536.99,skin_surface,Advanced Decay
SAMP_9422,7.96,27.5,49.9,219.03,oral_cavity,Active Decay
SAMP_9423,8.75,20.0,51.1,174.93,oral_cavity,Active Decay
SAMP_9424,5.14,28.2,82.3,144.83,oral_cavity,Bloat
SAMP_9425,29.77,27.7,85.2,824.77,oral_cavity,Dry Remains
SAMP_9426,15.01,21.7,51.1,325.81,skin_surface,Active Decay
SAMP_9427,3.36,19.7,43.0,66.2,skin_surface,Bloat
SAMP_9428,18.59,20.9,44.5,388.58,oral_cavity,Advanced Decay
SAMP_9429,5.66,32.0,53.1,181.23,skin_surface,Active Decay
SAMP_9430,17.64,29.5,78.1,520.42,oral_cavity,Advanced Decay
SAMP_9431,17.31,22.5,65.5,389.47,skin_surface,Advanced Decay
SAMP_9432,2.09,19.6,62.8,41.03,soil_interface,Bloat
SAMP_9433,12.08,22.5,69.2,271.75,skin_surface,Active Decay
SAMP_9434,3.43,23.0,84.5,78.98,oral_cavity,Bloat
SAMP_9435,3.53,17.0,44.5,60.03,skin_surface,Bloat
SAMP_9436,3.51,22.3,74.7,78.38,skin_surface,Bloat
SAMP_9437,12.93,27.3,86.3,353.0,skin_surface,Advanced Decay
SAMP_9438,2.61,14.8,50.7,38.65,soil_interface,Bloat
SAMP_9439,0.1,25.3,81.9,2.53,oral_cavity,Fresh
SAMP_9440,12.56,27.5,74.9,345.43,oral_cavity,Active Decay
SAMP_9441,1.88,19.8,40.7,37.18,oral_cavity,Bloat
SAMP_9442,1.1,28.8,51.6,31.78,skin_surface,Fresh
SAMP_9443,2.71,19.2,70.3,52.07,skin_surface,Bloat
SAMP_9444,4.78,23.8,65.1,113.73,oral_cavity,Bloat
SAMP_9445,6.46,20.8,66.4,134.39,oral_cavity,Bloat
SAMP_9446,0.46,20.8,51.6,9.48,skin_surface,Fresh
SAMP_9447,30.0,19.5,73.8,585.0,soil_interface,Advanced Decay
SAMP_9448,12.59,24.8,53.3,312.23,oral_cavity,Active Decay
SAMP_9449,3.9,25.4,59.5,99.15,oral_cavity,Bloat
SAMP_9450,3.84,21.7,58.4,83.27,skin_surface,Bloat
SAMP_9451,5.95,16.6,73.6,98.8,oral_cavity,Bloat
SAMP_9452,9.84,23.6,44.5,232.26,skin_surface,Active Decay
SAMP_9453,1.58,23.7,50.3,37.51,skin_surface,Bloat
SAMP_9454,2.09,21.1,50.0,44.18,skin_surface,Bloat
SAMP_9455,19.62,29.5,45.4,578.81,soil_interface,Advanced Decay
SAMP_9456,2.96,15.7,50.4,46.48,oral_cavity,Bloat
SAMP_9457,4.78,13.1,70.4,62.66,soil_interface,Bloat
SAMP_9458,20.5,19.1,76.6,391.56,soil_interface,Advanced Decay
SAMP_9459,10.88,24.8,73.0,269.85,oral_cavity,Active Decay
SAMP_9460,4.18,17.8,63.8,74.42,oral_cavity,Bloat
SAMP_9461,11.51,18.1,42.6,208.34,soil_interface,Active Decay
SAMP_9462,0.2,25.8,88.0,5.13,skin_surface,Fresh
SAMP_9463,13.3,23.9,48.4,317.98,oral_cavity,Active Decay
SAMP_9464,6.68,23.5,73.4,156.87,skin_surface,Active Decay
SAMP_9465,16.78,25.1,85.6,421.08,skin_surface,Advanced Decay
SAMP_9466,30.0,20.3,74.9,609.0,oral_cavity,Dry Remains
SAMP_9467,26.01,20.5,50.9,533.17,skin_surface,Advanced Decay
SAMP_9468,24.0,25.2,55.8,604.75,skin_surface,Dry Remains
SAMP_9469,7.18,16.6,41.5,119.15,soil_interface,Bloat
SAMP_9470,4.47,13.4,70.6,59.83,skin_surface,Bloat
SAMP_9471,6.26,20.3,70.6,126.99,skin_surface,Bloat
SAMP_9472,11.71,25.7,76.3,300.91,skin_surface,Active Decay
SAMP_9473,21.54,23.0,40.5,495.45,oral_cavity,Advanced Decay
SAMP_9474,2.32,25.4,80.9,58.91,skin_surface,Bloat
SAMP_9475,25.03,13.9,76.9,347.97,skin_surface,Active Decay
SAMP_9476,16.88,23.3,47.0,393.39,soil_interface,Advanced Decay
SAMP_9477,30.0,24.6,57.4,738.0,skin_surface,Dry Remains
SAMP_9478,21.22,16.6,71.9,352.31,skin_surface,Advanced Decay
SAMP_9479,3.28,25.4,64.8,83.42,oral_cavity,Bloat
SAMP_9480,1.12,21.6,45.8,24.19,soil_interface,Fresh
SAMP_9481,1.19,32.0,44.4,38.1,oral_cavity,Bloat
SAMP_9482,3.44,13.3,79.1,45.78,soil_interface,Bloat
SAMP_9483,9.52,27.5,47.8,261.91,skin_surface,Active Decay
SAMP_9484,16.31,20.4,48.6,332.78,oral_cavity,Active Decay
SAMP_9485,22.95,15.5,81.5,355.74,soil_interface,Advanced Decay
SAMP_9486,9.78,19.9,70.6,194.52,skin_surface,Active Decay
SAMP_9487,0.1,23.1,70.2,2.31,skin_surface,Fresh
SAMP_9488,2.06,26.1,64.0,53.81,oral_cavity,Bloat
SAMP_9489,1.05,28.9,68.4,30.36,soil_interface,Fresh
SAMP_9490,4.51,27.7,70.1,125.06,skin_surface,Bloat
SAMP_9491,6.96,18.1,88.4,125.95,skin_surface,Bloat
SAMP_9492,0.44,26.5,51.1,11.76,soil_interface,Fresh
SAMP_9493,4.28,23.6,50.7,101.11,skin_surface,Bloat
SAMP_9494,1.97,19.4,42.9,38.31,oral_cavity,Bloat
SAMP_9495,10.41,21.2,72.9,220.8,skin_surface,Active Decay
SAMP_9496,6.24,19.2,67.5,119.83,skin_surface,Bloat
SAMP_9497,6.84,22.1,45.6,151.13,soil_interface,Active Decay
SAMP_9498,5.58,19.1,58.2,106.59,oral_cavity,Bloat
SAMP_9499,30.0,17.9,48.9,537.0,skin_surface,Advanced Decay
SAMP_9500,2.42,23.9,56.6,57.77,skin_surface,Bloat
SAMP_9501,7.27,24.5,87.6,178.13,oral_cavity,Active Decay
SAMP_9502,13.32,21.2,74.2,282.36,oral_cavity,Active Decay
SAMP_9503,8.14,27.5,40.4,223.8,skin_surface,Active Decay
SAMP_9504,26.45,21.0,52.6,555.53,skin_surface,Advanced Decay
SAMP_9505,4.75,20.8,40.5,98.75,skin_surface,Bloat
SAMP_9506,6.23,24.6,75.7,153.26,soil_interface,Active Decay
SAMP_9507,0.93,21.5,63.5,19.93,skin_surface,Fresh
SAMP_9508,9.39,22.3,89.7,209.41,skin_surface,Active Decay
SAMP_9509,3.4,12.0,76.7,40.8,oral_cavity,Bloat
SAMP_9510,1.75,22.1,65.9,38.61,oral_cavity,Bloat
SAMP_9511,7.86,14.7,80.2,115.6,skin_surface,Bloat
SAMP_9512,7.6,17.1,75.2,129.95,skin_surface,Bloat
SAMP_9513,0.79,16.7,52.2,13.18,skin_surface,Fresh
SAMP_9514,11.98,17.8,66.5,213.25,skin_surface,Active Decay
SAMP_9515,9.78,19.8,67.8,193.56,skin_surface,Active Decay
SAMP_9516,2.1,20.1,62.6,42.11,oral_cavity,Bloat
SAMP_9517,6.34,24.7,49.0,156.55,skin_surface,Active Decay
SAMP_9518,12.74,22.9,51.2,291.77,skin_surface,Active Decay
SAMP_9519,7.54,14.4,54.1,108.55,skin_surface,Bloat
SAMP_9520,5.03,22.3,40.5,112.24,skin_surface,Bloat
SAMP_9521,3.89,23.3,85.8,90.66,skin_surface,Bloat
SAMP_9522,9.43,20.7,74.3,195.12,oral_cavity,Active Decay
SAMP_9523,27.99,21.8,74.5,610.11,oral_cavity,Dry Remains
SAMP_9524,11.14,22.8,68.6,253.98,oral_cavity,Active Decay
SAMP_9525,0.78,25.1,74.5,19.5,skin_surface,Fresh
SAMP_9526,6.17,15.7,89.1,96.94,skin_surface,Bloat
SAMP_9527,22.15,21.0,59.3,465.11,oral_cavity,Advanced Decay
SAMP_9528,0.99,28.0,75.6,27.78,soil_interface,Fresh
SAMP_9529,30.0,27.7,58.0,831.0,skin_surface,Dry Remains
SAMP_9530,29.77,25.4,82.7,756.23,oral_cavity,Dry Remains
SAMP_9531,0.82,24.1,82.9,19.64,skin_surface,Fresh
SAMP_9532,27.09,28.6,85.1,774.85,skin_surface,Dry Remains
SAMP_9533,4.51,29.7,40.3,134.0,skin_surface,Bloat
SAMP_9534,18.62,21.5,54.9,400.43,skin_surface,Advanced Decay
SAMP_9535,5.42,18.1,46.7,98.09,oral_cavity,Bloat
SAMP_9536,5.81,20.9,62.7,121.5,oral_cavity,Bloat
SAMP_9537,10.06,32.0,64.8,321.85,oral_cavity,Active Decay
SAMP_9538,14.89,15.7,52.8,233.83,oral_cavity,Active Decay
SAMP_9539,0.34,20.1,76.2,6.91,skin_surface,Fresh
SAMP_9540,8.99,16.3,53.5,146.59,skin_surface,Bloat
SAMP_9541,2.07,22.5,82.7,46.51,skin_surface,Bloat
SAMP_9542,4.25,17.2,48.9,73.03,skin_surface,Bloat
SAMP_9543,4.28,21.6,58.4,92.38,oral_cavity,Bloat
SAMP_9544,6.33,14.2,71.1,89.9,oral_cavity,Bloat
SAMP_9545,4.07,24.5,70.3,99.63,oral_cavity,Bloat
SAMP_9546,1.14,26.9,43.9,30.55,oral_cavity,Fresh
SAMP_9547,1.57,20.5,82.3,32.26,skin_surface,Fresh
SAMP_9548,0.34,21.5,69.9,7.31,soil_interface,Fresh
SAMP_9549,6.35,21.3,83.5,135.33,skin_surface,Bloat
SAMP_9550,30.0,22.7,83.4,681.0,skin_surface,Dry Remains
SAMP_9551,1.23,21.8,67.3,26.8,oral_cavity,Fresh
SAMP_9552,29.24,25.1,85.5,733.84,skin_surface,Dry Remains
SAMP_9553,13.22,26.9,82.4,355.58,skin_surface,Advanced Decay
SAMP_9554,10.15,18.7,87.9,189.75,oral_cavity,Active Decay
SAMP_9555,10.36,20.8,82.5,215.58,soil_interface,Active Decay
SAMP_9556,17.53,25.6,81.1,448.74,oral_cavity,Advanced Decay
SAMP_9557,1.13,16.3,63.5,18.43,skin_surface,Fresh
SAMP_9558,7.03,14.1,50.6,99.08,skin_surface,Bloat
SAMP_9559,11.94,22.9,85.5,273.5,soil_interface,Active Decay
SAMP_9560,8.84,24.0,76.1,212.13,soil_interface,Active Decay
SAMP_9561,17.88,19.1,54.1,341.59,soil_interface,Active Decay
SAMP_9562,0.75,19.7,57.0,14.78,skin_surface,Fresh
SAMP_9563,11.73,19.0,74.3,222.95,skin_surface,Active Decay
SAMP_9564,7.64,18.5,63.9,141.27,oral_cavity,Bloat
SAMP_9565,4.77,24.8,44.1,118.22,skin_surface,Bloat
SAMP_9566,4.16,17.3,47.1,71.96,soil_interface,Bloat
SAMP_9567,9.7,20.9,77.3,202.68,skin_surface,Active Decay
SAMP_9568,22.16,18.4,56.4,407.81,oral_cavity,Advanced Decay
SAMP_9569,6.86,16.2,65.4,111.06,oral_cavity,Bloat
SAMP_9570,17.41,25.5,78.3,444.05,skin_surface,Advanced Decay
SAMP_9571,5.14,19.9,77.6,102.37,oral_cavity,Bloat
SAMP_9572,1.08,22.8,48.4,24.63,oral_cavity,Fresh
SAMP_9573,0.63,16.0,44.9,10.16,oral_cavity,Fresh
SAMP_9574,0.53,19.0,69.6,10.01,oral_cavity,Fresh
SAMP_9575,4.78,25.0,77.1,119.57,oral_cavity,Bloat
SAMP_9576,4.11,32.0,47.5,131.63,soil_interface,Bloat
SAMP_9577,12.66,14.1,58.6,178.45,skin_surface,Active Decay
SAMP_9578,13.58,21.2,83.5,287.89,skin_surface,Active Decay
SAMP_9579,0.52,23.6,87.2,12.32,skin_surface,Fresh
SAMP_9580,2.5,19.5,62.7,48.73,oral_cavity,Bloat
SAMP_9581,3.21,25.4,44.0,81.42,soil_interface,Bloat
SAMP_9582,7.93,18.5,52.9,146.74,soil_interface,Bloat
SAMP_9583,1.56,22.6,51.6,35.28,oral_cavity,Bloat
SAMP_9584,1.44,19.9,51.9,28.62,oral_cavity,Fresh
SAMP_9585,28.79,26.9,64.7,774.35,skin_surface,Dry Remains
SAMP_9586,16.31,19.3,69.2,314.72,oral_cavity,Active Decay
SAMP_9587,1.99,20.6,46.1,41.05,soil_interface,Bloat
SAMP_9588,5.22,25.8,84.5,134.63,skin_surface,Bloat
SAMP_9589,4.39,17.9,71.0,78.67,oral_cavity,Bloat
SAMP_9590,15.65,22.3,69.9,349.09,skin_surface,Active Decay
SAMP_9591,7.14,14.7,89.4,104.93,skin_surface,Bloat
SAMP_9592,1.37,17.6,71.4,24.08,oral_cavity,Fresh
SAMP_9593,13.43,23.5,86.4,315.65,soil_interface,Active Decay
SAMP_9594,5.06,18.0,54.3,91.02,oral_cavity,Bloat
SAMP_9595,3.05,19.8,52.0,60.4,soil_interface,Bloat
SAMP_9596,4.71,24.0,65.8,112.99,oral_cavity,Bloat
SAMP_9597,6.89,19.7,65.4,135.67,skin_surface,Bloat
SAMP_9598,4.2,25.3,51.3,106.32,oral_cavity,Bloat
SAMP_9599,2.77,22.9,75.0,63.42,skin_surface,Bloat
SAMP_9600,5.08,23.7,41.5,120.47,skin_surface,Bloat
SAMP_9601,0.19,27.0,74.5,5.23,oral_cavity,Fresh
SAMP_9602,14.81,23.3,62.9,344.98,skin_surface,Active Decay
SAMP_9603,1.87,28.2,74.5,52.87,oral_cavity,Bloat
SAMP_9604,0.45,25.6,63.9,11.49,skin_surface,Fresh
SAMP_9605,10.6,19.9,88.9,211.03,skin_surface,Active Decay
SAMP_9606,14.87,27.2,56.7,404.45,skin_surface,Advanced Decay
SAMP_9607,16.81,23.1,89.1,388.33,oral_cavity,Advanced Decay
SAMP_9608,6.8,20.4,43.2,138.77,oral_cavity,Bloat
SAMP_9609,2.3,23.1,74.2,53.1,skin_surface,Bloat
SAMP_9610,13.36,26.4,62.7,352.83,soil_interface,Advanced Decay
SAMP_9611,12.03,23.8,81.1,286.32,soil_interface,Active Decay
SAMP_9612,2.83,29.3,79.5,82.84,skin_surface,Bloat
SAMP_9613,23.37,26.3,80.0,614.7,soil_interface,Dry Remains
SAMP_9614,1.1,24.1,44.7,26.57,soil_interface,Fresh
SAMP_9615,30.0,17.9,81.1,537.0,oral_cavity,Advanced Decay
SAMP_9616,19.68,21.3,50.7,419.16,oral_cavity,Advanced Decay
SAMP_9617,11.64,22.3,41.3,259.67,oral_cavity,Active Decay
SAMP_9618,27.93,24.8,50.9,692.61,oral_cavity,Dry Remains
SAMP_9619,12.81,24.5,64.0,313.91,skin_surface,Active Decay
SAMP_9620,2.11,22.7,77.1,47.96,skin_surface,Bloat
SAMP_9621,5.84,22.5,50.9,131.33,skin_surface,Bloat
SAMP_9622,0.74,24.9,45.7,18.47,oral_cavity,Fresh
SAMP_9623,4.94,18.6,72.3,91.83,skin_surface,Bloat
SAMP_9624,13.53,28.8,89.2,389.74,skin_surface,Advanced Decay
SAMP_9625,4.88,13.8,70.0,67.41,skin_surface,Bloat
SAMP_9626,4.01,27.8,74.6,111.45,soil_interface,Bloat
SAMP_9627,9.05,21.8,68.1,197.23,oral_cavity,Active Decay
SAMP_9628,20.57,26.0,79.1,534.9,oral_cavity,Advanced Decay
SAMP_9629,0.49,23.5,88.8,11.46,skin_surface,Fresh
SAMP_9630,4.87,23.4,67.2,113.93,soil_interface,Bloat
SAMP_9631,1.72,24.2,60.8,41.69,oral_cavity,Bloat
SAMP_9632,11.89,25.2,83.0,299.53,skin_surface,Active Decay
SAMP_9633,1.12,20.7,88.5,23.13,soil_interface,Fresh
SAMP_9634,10.93,26.1,46.5,285.29,skin_surface,Active Decay
SAMP_9635,3.37,17.7,68.9,59.67,oral_cavity,Bloat
SAMP_9636,2.22,22.0,79.6,48.79,skin_surface,Bloat
SAMP_9637,27.54,25.3,66.7,696.86,oral_cavity,Dry Remains
SAMP_9638,0.19,26.0,60.5,4.86,oral_cavity,Fresh
SAMP_9639,5.76,23.8,72.8,137.05,soil_interface,Bloat
SAMP_9640,0.22,20.4,53.5,4.46,skin_surface,Fresh
SAMP_9641,6.61,25.6,57.5,169.18,oral_cavity,Active Decay
SAMP_9642,6.95,19.3,89.6,134.18,oral_cavity,Bloat
SAMP_9643,3.88,29.0,71.8,112.55,skin_surface,Bloat
SAMP_9644,1.42,21.7,83.6,30.76,skin_surface,Fresh
SAMP_9645,4.72,15.8,80.4,74.61,skin_surface,Bloat
SAMP_9646,11.16,17.2,72.6,191.87,skin_surface,Active Decay
SAMP_9647,15.25,22.2,82.0,338.57,skin_surface,Active Decay
SAMP_9648,7.57,22.6,54.4,171.0,soil_interface,Active Decay
SAMP_9649,8.91,29.9,71.9,266.47,soil_interface,Active Decay
SAMP_9650,2.24,17.8,69.5,39.86,oral_cavity,Bloat
SAMP_9651,3.39,22.2,71.1,75.2,oral_cavity,Bloat
SAMP_9652,1.77,17.8,48.4,31.44,oral_cavity,Fresh
SAMP_9653,2.87,20.0,53.9,57.35,oral_cavity,Bloat
SAMP_9654,2.55,28.7,54.3,73.11,oral_cavity,Bloat
SAMP_9655,7.33,17.5,70.1,128.24,skin_surface,Bloat
SAMP_9656,8.27,24.3,88.6,200.99,oral_cavity,Active Decay
SAMP_9657,28.99,23.6,87.7,684.27,oral_cavity,Dry Remains
SAMP_9658,2.18,21.9,51.4,47.66,oral_cavity,Bloat
SAMP_9659,10.26,24.1,55.2,247.34,oral_cavity,Active Decay
SAMP_9660,17.0,17.4,41.8,295.75,skin_surface,Active Decay
SAMP_9661,8.22,28.6,59.9,234.96,oral_cavity,Active Decay
SAMP_9662,2.94,29.7,81.7,87.43,soil_interface,Bloat
SAMP_9663,3.05,22.2,85.8,67.61,oral_cavity,Bloat
SAMP_9664,0.4,31.7,51.8,12.69,soil_interface,Fresh
SAMP_9665,3.64,20.4,53.3,74.35,oral_cavity,Bloat
SAMP_9666,13.65,23.6,51.0,322.13,skin_surface,Active Decay
SAMP_9667,0.49,27.7,57.5,13.49,oral_cavity,Fresh
SAMP_9668,2.48,20.2,80.2,50.01,soil_interface,Bloat
SAMP_9669,12.25,16.5,72.3,202.12,oral_cavity,Active Decay
SAMP_9670,15.26,15.6,79.3,238.1,soil_interface,Active Decay
SAMP_9671,6.08,30.2,69.2,183.48,oral_cavity,Active Decay
SAMP_9672,11.98,19.9,52.9,238.32,oral_cavity,Active Decay
SAMP_9673,4.91,21.3,51.4,104.57,skin_surface,Bloat
SAMP_9674,1.74,17.5,40.5,30.49,skin_surface,Fresh
SAMP_9675,5.08,25.8,79.0,131.0,soil_interface,Bloat
SAMP_9676,8.67,18.9,82.4,163.94,skin_surface,Active Decay
SAMP_9677,29.58,20.0,78.4,591.51,skin_surface,Advanced Decay
SAMP_9678,0.71,23.2,43.7,16.53,skin_surface,Fresh
SAMP_9679,7.08,17.7,78.1,125.32,skin_surface,Bloat
SAMP_9680,3.99,21.3,42.3,84.96,skin_surface,Bloat
SAMP_9681,7.1,27.6,45.3,195.94,oral_cavity,Active Decay
SAMP_9682,0.24,23.7,62.0,5.75,skin_surface,Fresh
SAMP_9683,3.75,22.5,63.8,84.48,skin_surface,Bloat
SAMP_9684,17.14,22.9,80.8,392.52,skin_surface,Advanced Decay
SAMP_9685,8.07,20.4,74.0,164.69,soil_interface,Active Decay
SAMP_9686,5.99,30.0,47.7,179.67,soil_interface,Active Decay
SAMP_9687,3.36,18.8,51.3,63.21,soil_interface,Bloat
SAMP_9688,3.54,22.8,54.3,80.69,oral_cavity,Bloat
SAMP_9689,4.83,22.5,46.2,108.69,oral_cavity,Bloat
SAMP_9690,18.05,26.0,54.4,469.37,oral_cavity,Advanced Decay
SAMP_9691,30.0,26.4,76.4,792.0,soil_interface,Dry Remains
SAMP_9692,5.77,21.9,52.1,126.46,oral_cavity,Bloat
SAMP_9693,5.0,23.2,81.8,115.96,oral_cavity,Bloat
SAMP_9694,18.74,23.3,63.5,436.73,oral_cavity,Advanced Decay
SAMP_9695,5.57,12.9,56.1,71.81,oral_cavity,Bloat
SAMP_9696,8.03,15.6,60.6,125.27,oral_cavity,Bloat
SAMP_9697,2.63,19.6,75.5,51.47,oral_cavity,Bloat
SAMP_9698,13.61,19.8,65.8,269.41,oral_cavity,Active Decay
SAMP_9699,7.59,17.2,40.4,130.59,soil_interface,Bloat
SAMP_9700,16.56,25.0,86.1,413.92,skin_surface,Advanced Decay
SAMP_9701,15.17,22.0,43.3,333.84,skin_surface,Active Decay
SAMP_9702,2.42,21.1,86.9,51.08,skin_surface,Bloat
SAMP_9703,12.57,17.0,41.4,213.77,soil_interface,Active Decay
SAMP_9704,16.1,21.8,78.5,350.92,soil_interface,Advanced Decay
SAMP_9705,4.25,12.0,66.7,50.98,soil_interface,Bloat
SAMP_9706,1.89,21.3,65.3,40.36,oral_cavity,Bloat
SAMP_9707,0.1,22.3,43.6,2.23,soil_interface,Fresh
SAMP_9708,5.99,23.0,51.9,137.88,oral_cavity,Bloat
SAMP_9709,4.35,15.7,78.9,68.22,oral_cavity,Bloat
SAMP_9710,8.09,22.9,84.6,185.37,oral_cavity,Active Decay
SAMP_9711,2.08,17.8,66.5,37.08,skin_surface,Bloat
SAMP_9712,19.64,18.8,57.7,369.18,skin_surface,Advanced Decay
SAMP_9713,2.98,24.9,43.0,74.22,oral_cavity,Bloat
SAMP_9714,2.57,30.1,74.1,77.28,skin_surface,Bloat
SAMP_9715,6.55,22.2,53.9,145.48,skin_surface,Bloat
SAMP_9716,6.91,18.7,42.8,129.19,oral_cavity,Bloat
SAMP_9717,2.42,22.8,73.3,55.22,skin_surface,Bloat
SAMP_9718,3.17,25.8,64.3,81.85,skin_surface,Bloat
SAMP_9719,1.86,24.5,40.6,45.56,oral_cavity,Bloat
SAMP_9720,12.67,32.0,45.5,405.59,oral_cavity,Advanced Decay
SAMP_9721,14.7,19.1,75.0,280.78,soil_interface,Active Decay
SAMP_9722,6.21,23.0,43.2,142.72,soil_interface,Bloat
SAMP_9723,12.52,28.2,83.3,353.08,oral_cavity,Advanced Decay
SAMP_9724,13.32,27.9,55.6,371.51,skin_surface,Advanced Decay
SAMP_9725,1.49,14.2,44.4,21.13,oral_cavity,Fresh
SAMP_9726,30.0,22.0,78.0,660.0,skin_surface,Dry Remains
SAMP_9727,17.21,27.9,66.2,480.03,skin_surface,Advanced Decay
SAMP_9728,2.29,32.0,55.3,73.2,oral_cavity,Bloat
SAMP_9729,2.06,24.8,60.3,51.09,oral_cavity,Bloat
SAMP_9730,1.34,20.5,41.1,27.53,oral_cavity,Fresh
SAMP_9731,1.49,18.0,73.1,26.81,skin_surface,Fresh
SAMP_9732,13.79,30.9,58.3,426.1,soil_interface,Advanced Decay
SAMP_9733,6.34,24.9,75.7,157.92,soil_interface,Active Decay
SAMP_9734,15.28,18.6,71.4,284.13,soil_interface,Active Decay
SAMP_9735,13.71,21.2,72.6,290.74,soil_interface,Active Decay
SAMP_9736,9.28,23.2,79.6,215.27,oral_cavity,Active Decay
SAMP_9737,11.6,24.2,71.6,280.61,skin_surface,Active Decay
SAMP_9738,0.19,18.4,60.9,3.41,oral_cavity,Fresh
SAMP_9739,3.74,19.5,59.5,72.86,soil_interface,Bloat
SAMP_9740,10.16,15.4,46.0,156.41,soil_interface,Active Decay
SAMP_9741,0.1,26.2,79.0,2.62,skin_surface,Fresh
SAMP_9742,0.34,20.6,78.1,6.91,skin_surface,Fresh
SAMP_9743,19.1,23.9,52.3,456.44,oral_cavity,Advanced Decay
SAMP_9744,11.52,27.7,83.1,319.13,oral_cavity,Active Decay
SAMP_9745,3.08,22.9,69.5,70.62,soil_interface,Bloat
SAMP_9746,11.65,21.5,63.9,250.4,soil_interface,Active Decay
SAMP_9747,15.72,22.8,40.9,358.51,oral_cavity,Advanced Decay
SAMP_9748,3.66,22.3,59.1,81.71,oral_cavity,Bloat
SAMP_9749,0.37,27.0,72.0,9.91,oral_cavity,Fresh
SAMP_9750,27.0,23.2,44.5,626.35,soil_interface,Dry Remains
SAMP_9751,4.23,19.8,63.0,83.83,soil_interface,Bloat
SAMP_9752,1.13,26.2,89.7,29.5,skin_surface,Fresh
SAMP_9753,6.77,26.9,75.8,182.11,skin_surface,Active Decay
SAMP_9754,14.63,16.6,67.3,242.86,skin_surface,Active Decay
SAMP_9755,2.51,28.1,66.7,70.41,oral_cavity,Bloat
SAMP_9756,3.14,23.5,42.2,73.79,soil_interface,Bloat
SAMP_9757,2.78,23.1,87.9,64.22,skin_surface,Bloat
SAMP_9758,30.0,26.0,86.4,780.0,oral_cavity,Dry Remains
SAMP_9759,2.2,19.7,74.1,43.32,oral_cavity,Bloat
SAMP_9760,8.57,25.8,45.0,221.08,skin_surface,Active Decay
SAMP_9761,25.94,20.5,50.4,531.73,oral_cavity,Advanced Decay
SAMP_9762,1.59,16.1,49.2,25.58,skin_surface,Fresh
SAMP_9763,30.0,18.0,66.0,540.0,soil_interface,Advanced Decay
SAMP_9764,29.47,24.3,50.4,716.0,skin_surface,Dry Remains
SAMP_9765,21.59,18.2,74.8,392.96,skin_surface,Advanced Decay
SAMP_9766,2.42,28.4,67.3,68.59,skin_surface,Bloat
SAMP_9767,10.05,26.8,40.9,269.41,oral_cavity,Active Decay
SAMP_9768,14.31,27.3,77.2,390.62,skin_surface,Advanced Decay
SAMP_9769,30.0,22.5,49.4,675.0,oral_cavity,Dry Remains
SAMP_9770,1.99,23.0,81.2,45.76,soil_interface,Bloat
SAMP_9771,14.53,17.2,57.8,249.84,soil_interface,Active Decay
SAMP_9772,4.14,26.0,56.9,107.56,oral_cavity,Bloat
SAMP_9773,1.93,23.5,40.6,45.39,soil_interface,Bloat
SAMP_9774,5.47,24.3,89.4,132.95,skin_surface,Bloat
SAMP_9775,15.79,28.8,70.6,454.78,soil_interface,Advanced Decay
SAMP_9776,6.25,19.6,61.1,122.54,skin_surface,Bloat
SAMP_9777,7.71,21.5,44.8,165.8,skin_surface,Active Decay
SAMP_9778,30.0,23.3,75.0,699.0,skin_surface,Dry Remains
SAMP_9779,5.09,18.3,54.1,93.21,oral_cavity,Bloat
SAMP_9780,9.56,21.2,89.4,202.58,oral_cavity,Active Decay
SAMP_9781,4.55,24.0,87.5,109.08,oral_cavity,Bloat
SAMP_9782,4.99,20.7,76.8,103.27,oral_cavity,Bloat
SAMP_9783,11.9,27.2,88.6,323.56,oral_cavity,Active Decay
SAMP_9784,27.79,16.0,45.3,444.61,skin_surface,Advanced Decay
SAMP_9785,7.82,26.5,54.0,207.14,skin_surface,Active Decay
SAMP_9786,14.63,24.6,52.7,359.83,soil_interface,Advanced Decay
SAMP_9787,0.93,19.7,43.6,18.41,oral_cavity,Fresh
SAMP_9788,2.37,18.3,88.6,43.41,soil_interface,Bloat
SAMP_9789,6.97,13.7,43.0,95.55,skin_surface,Bloat
SAMP_9790,0.2,18.8,82.8,3.8,skin_surface,Fresh
SAMP_9791,2.91,26.2,78.4,76.37,skin_surface,Bloat
SAMP_9792,7.29,21.8,58.8,158.83,skin_surface,Active Decay
SAMP_9793,0.15,26.7,40.9,4.02,oral_cavity,Fresh
SAMP_9794,3.07,19.5,40.3,59.92,skin_surface,Bloat
SAMP_9795,7.22,24.8,50.2,178.96,skin_surface,Active Decay
SAMP_9796,8.51,19.1,64.7,162.6,soil_interface,Active Decay
SAMP_9797,26.0,18.1,62.9,470.66,soil_interface,Advanced Decay
SAMP_9798,10.37,21.6,69.3,223.91,skin_surface,Active Decay
SAMP_9799,5.36,19.3,78.6,103.39,skin_surface,Bloat
SAMP_9800,26.64,15.8,58.9,420.96,soil_interface,Advanced Decay
SAMP_9801,15.37,21.3,48.0,327.29,soil_interface,Active Decay
SAMP_9802,2.23,22.4,80.0,49.99,soil_interface,Bloat
SAMP_9803,1.4,27.1,56.6,38.0,skin_surface,Bloat
SAMP_9804,11.26,25.7,54.3,289.49,oral_cavity,Active Decay
SAMP_9805,8.21,26.9,78.2,220.77,soil_interface,Active Decay
SAMP_9806,15.59,24.9,86.7,388.21,oral_cavity,Advanced Decay
SAMP_9807,13.42,23.3,85.7,312.8,skin_surface,Active Decay
SAMP_9808,9.81,17.1,46.9,167.82,skin_surface,Active Decay
SAMP_9809,30.0,22.6,65.2,678.0,oral_cavity,Dry Remains
SAMP_9810,7.63,24.4,44.6,186.1,oral_cavity,Active Decay
SAMP_9811,1.2,27.8,88.0,33.37,soil_interface,Fresh
SAMP_9812,17.62,24.7,50.8,435.18,skin_surface,Advanced Decay
SAMP_9813,2.9,27.0,49.9,78.34,skin_surface,Bloat
SAMP_9814,15.02,17.9,84.4,268.85,skin_surface,Active Decay
SAMP_9815,30.0,20.7,88.4,621.0,soil_interface,Dry Remains
SAMP_9816,11.93,23.7,74.9,282.82,oral_cavity,Active Decay
SAMP_9817,9.06,26.6,46.1,241.11,skin_surface,Active Decay
SAMP_9818,6.17,21.4,64.3,132.02,skin_surface,Bloat
SAMP_9819,4.53,21.7,80.8,98.34,soil_interface,Bloat
SAMP_9820,4.35,24.7,68.6,107.55,oral_cavity,Bloat
SAMP_9821,10.12,17.5,46.6,177.03,soil_interface,Active Decay
SAMP_9822,13.91,28.4,48.6,395.16,oral_cavity,Advanced Decay
SAMP_9823,11.35,18.5,83.2,209.94,oral_cavity,Active Decay
SAMP_9824,2.21,14.3,66.4,31.63,oral_cavity,Fresh
SAMP_9825,6.81,22.0,75.3,149.86,skin_surface,Bloat
SAMP_9826,15.68,28.8,58.7,451.72,skin_surface,Advanced Decay
SAMP_9827,6.46,24.3,66.6,156.9,skin_surface,Active Decay
SAMP_9828,7.69,25.0,88.9,192.3,oral_cavity,Active Decay
SAMP_9829,14.75,22.2,56.5,327.37,skin_surface,Active Decay
SAMP_9830,10.83,21.4,73.7,231.66,soil_interface,Active Decay
SAMP_9831,5.27,15.8,48.6,83.19,soil_interface,Bloat
SAMP_9832,22.58,13.0,46.1,293.51,skin_surface,Active Decay
SAMP_9833,1.77,22.8,79.2,40.45,soil_interface,Bloat
SAMP_9834,30.0,27.3,82.2,819.0,skin_surface,Dry Remains
SAMP_9835,1.27,23.4,73.4,29.61,oral_cavity,Fresh
SAMP_9836,0.15,24.5,47.9,3.69,oral_cavity,Fresh
SAMP_9837,22.07,28.3,52.0,624.71,oral_cavity,Dry Remains
SAMP_9838,2.81,23.3,85.6,65.47,skin_surface,Bloat
SAMP_9839,13.08,21.5,54.4,281.27,soil_interface,Active Decay
SAMP_9840,16.66,18.7,80.9,311.56,soil_interface,Active Decay
SAMP_9841,19.59,30.1,54.3,589.63,oral_cavity,Advanced Decay
SAMP_9842,30.0,24.1,87.0,723.0,skin_surface,Dry Remains
SAMP_9843,3.48,18.2,85.7,63.37,skin_surface,Bloat
SAMP_9844,12.39,17.3,42.2,214.3,soil_interface,Active Decay
SAMP_9845,1.23,27.0,78.5,33.11,oral_cavity,Fresh
SAMP_9846,5.22,17.9,48.5,93.48,skin_surface,Bloat
SAMP_9847,18.84,29.4,50.8,553.8,soil_interface,Advanced Decay
SAMP_9848,4.58,12.0,63.0,55.0,soil_interface,Bloat
SAMP_9849,8.94,27.7,68.8,247.71,oral_cavity,Active Decay
SAMP_9850,7.01,23.9,56.3,167.47,oral_cavity,Active Decay
SAMP_9851,10.38,22.5,68.8,233.62,skin_surface,Active Decay
SAMP_9852,30.0,21.3,48.5,639.0,soil_interface,Dry Remains
SAMP_9853,0.57,29.6,41.1,16.98,oral_cavity,Fresh
SAMP_9854,8.53,24.8,68.6,211.6,soil_interface,Active Decay
SAMP_9855,19.88,18.4,65.9,365.79,oral_cavity,Advanced Decay
SAMP_9856,6.57,15.1,74.5,99.14,skin_surface,Bloat
SAMP_9857,0.82,22.7,72.5,18.56,skin_surface,Fresh
SAMP_9858,8.22,22.0,84.9,180.89,oral_cavity,Active Decay
SAMP_9859,4.04,15.9,63.0,64.17,oral_cavity,Bloat
SAMP_9860,1.68,21.8,40.4,36.7,skin_surface,Bloat
SAMP_9861,18.91,19.7,71.5,372.47,soil_interface,Advanced Decay
SAMP_9862,7.37,22.0,73.8,162.21,oral_cavity,Active Decay
SAMP_9863,27.07,24.9,66.1,674.09,skin_surface,Dry Remains
SAMP_9864,16.4,28.0,74.5,459.2,skin_surface,Advanced Decay
SAMP_9865,11.81,25.6,56.2,302.29,skin_surface,Active Decay
SAMP_9866,0.1,19.1,47.4,1.91,soil_interface,Fresh
SAMP_9867,5.58,23.5,73.2,131.2,skin_surface,Bloat
SAMP_9868,2.2,22.3,52.3,49.06,skin_surface,Bloat
SAMP_9869,24.17,16.7,62.8,403.61,skin_surface,Advanced Decay
SAMP_9870,1.92,23.6,64.6,45.28,skin_surface,Bloat
SAMP_9871,3.37,29.4,63.9,99.07,oral_cavity,Bloat
SAMP_9872,7.27,22.1,69.9,160.76,soil_interface,Active Decay
SAMP_9873,3.06,15.6,41.5,47.68,oral_cavity,Bloat
SAMP_9874,2.36,22.1,89.5,52.06,skin_surface,Bloat
SAMP_9875,9.14,17.1,75.8,156.3,skin_surface,Active Decay
SAMP_9876,0.93,25.5,61.3,23.75,oral_cavity,Fresh
SAMP_9877,0.6,24.1,49.6,14.44,oral_cavity,Fresh
SAMP_9878,4.66,21.3,44.0,99.17,oral_cavity,Bloat
SAMP_9879,12.75,20.7,73.6,264.0,oral_cavity,Active Decay
SAMP_9880,8.09,21.2,55.8,171.56,soil_interface,Active Decay
SAMP_9881,5.5,22.0,51.5,120.93,soil_interface,Bloat
SAMP_9882,8.34,18.9,59.0,157.65,oral_cavity,Active Decay
SAMP_9883,4.55,16.4,69.6,74.59,oral_cavity,Bloat
SAMP_9884,27.51,26.6,73.6,731.81,soil_interface,Dry Remains
SAMP_9885,0.56,20.5,72.3,11.58,oral_cavity,Fresh
SAMP_9886,11.19,22.7,83.2,254.01,soil_interface,Active Decay
SAMP_9887,22.19,23.1,50.9,512.59,oral_cavity,Advanced Decay
SAMP_9888,16.29,23.3,71.8,379.57,skin_surface,Advanced Decay
SAMP_9889,2.03,17.3,45.1,35.19,skin_surface,Bloat
SAMP_9890,3.51,15.3,67.4,53.68,oral_cavity,Bloat
SAMP_9891,12.62,19.6,69.2,247.45,oral_cavity,Active Decay
SAMP_9892,0.88,23.6,50.8,20.78,skin_surface,Fresh
SAMP_9893,16.71,19.1,59.6,319.08,oral_cavity,Active Decay
SAMP_9894,12.69,20.6,81.4,261.43,skin_surface,Active Decay
SAMP_9895,13.08,30.5,47.4,398.9,oral_cavity,Advanced Decay
SAMP_9896,1.06,14.6,61.7,15.42,skin_surface,Fresh
SAMP_9897,12.65,19.0,86.6,240.35,skin_surface,Active Decay
SAMP_9898,11.39,29.6,65.2,337.1,skin_surface,Active Decay
SAMP_9899,17.77,21.8,76.3,387.47,oral_cavity,Advanced Decay
SAMP_9900,0.42,19.2,81.3,8.16,skin_surface,Fresh
SAMP_9901,0.23,26.7,50.2,6.24,skin_surface,Fresh
SAMP_9902,4.67,22.2,50.9,103.63,soil_interface,Bloat
SAMP_9903,1.61,20.6,77.9,33.19,skin_surface,Fresh
SAMP_9904,8.17,22.8,77.7,186.35,oral_cavity,Active Decay
SAMP_9905,24.93,19.4,43.0,483.67,oral_cavity,Advanced Decay
SAMP_9906,4.97,17.9,56.1,88.91,oral_cavity,Bloat
SAMP_9907,18.64,21.5,59.9,400.76,oral_cavity,Advanced Decay
SAMP_9908,0.1,18.0,81.5,1.8,oral_cavity,Fresh
SAMP_9909,1.85,22.0,61.1,40.6,oral_cavity,Bloat
SAMP_9910,0.31,23.4,86.3,7.23,oral_cavity,Fresh
SAMP_9911,3.98,25.4,89.8,101.02,oral_cavity,Bloat
SAMP_9912,23.88,26.5,79.0,632.83,oral_cavity,Dry Remains
SAMP_9913,1.02,20.4,73.3,20.8,oral_cavity,Fresh
SAMP_9914,9.32,24.0,59.6,223.79,oral_cavity,Active Decay
SAMP_9915,6.01,24.0,43.4,144.13,skin_surface,Bloat
SAMP_9916,27.88,23.3,68.7,649.65,oral_cavity,Dry Remains
SAMP_9917,1.31,20.1,58.1,26.27,oral_cavity,Fresh
SAMP_9918,2.38,17.9,57.5,42.65,oral_cavity,Bloat
SAMP_9919,0.3,24.0,74.4,7.2,skin_surface,Fresh
SAMP_9920,5.69,15.2,63.2,86.5,soil_interface,Bloat
SAMP_9921,3.25,20.9,77.6,68.03,oral_cavity,Bloat
SAMP_9922,20.39,12.0,59.9,244.74,skin_surface,Active Decay
SAMP_9923,9.29,16.7,47.5,155.1,skin_surface,Active Decay
SAMP_9924,9.52,18.5,63.1,176.15,skin_surface,Active Decay
SAMP_9925,7.59,26.4,87.6,200.4,soil_interface,Active Decay
SAMP_9926,0.96,24.8,80.1,23.89,soil_interface,Fresh
SAMP_9927,5.89,19.8,50.3,116.59,oral_cavity,Bloat
SAMP_9928,30.0,24.9,59.6,747.0,oral_cavity,Dry Remains
SAMP_9929,18.03,25.6,86.4,461.62,skin_surface,Advanced Decay
SAMP_9930,22.39,21.4,46.2,479.19,soil_interface,Advanced Decay
SAMP_9931,17.33,16.5,52.7,285.93,soil_interface,Active Decay
SAMP_9932,1.09,21.2,53.1,23.05,oral_cavity,Fresh
SAMP_9933,2.58,21.6,68.5,55.74,oral_cavity,Bloat
SAMP_9934,0.1,17.1,60.5,1.71,skin_surface,Fresh
SAMP_9935,3.62,23.5,44.0,85.0,skin_surface,Bloat
SAMP_9936,1.15,23.1,71.5,26.56,skin_surface,Fresh
SAMP_9937,6.4,23.8,45.0,152.36,skin_surface,Active Decay
SAMP_9938,11.3,23.1,70.3,261.14,oral_cavity,Active Decay
SAMP_9939,20.75,24.9,65.4,516.8,soil_interface,Advanced Decay
SAMP_9940,13.83,21.3,64.7,294.61,soil_interface,Active Decay
SAMP_9941,27.9,22.8,43.4,636.15,skin_surface,Dry Remains
SAMP_9942,0.55,20.4,72.0,11.3,skin_surface,Fresh
SAMP_9943,0.12,19.7,61.6,2.41,skin_surface,Fresh
SAMP_9944,10.83,27.4,60.6,296.67,oral_cavity,Active Decay
SAMP_9945,3.42,13.8,69.8,47.14,oral_cavity,Bloat
SAMP_9946,2.92,25.5,70.3,74.55,oral_cavity,Bloat
SAMP_9947,4.02,19.5,40.8,78.35,soil_interface,Bloat
SAMP_9948,3.14,19.0,46.3,59.74,oral_cavity,Bloat
SAMP_9949,7.16,23.0,51.8,164.75,oral_cavity,Active Decay
SAMP_9950,5.8,16.0,73.9,92.81,skin_surface,Bloat
SAMP_9951,7.18,18.7,68.8,134.33,oral_cavity,Bloat
SAMP_9952,11.17,18.6,77.9,207.75,oral_cavity,Active Decay
SAMP_9953,4.9,21.1,77.0,103.31,skin_surface,Bloat
SAMP_9954,2.89,18.8,82.7,54.41,skin_surface,Bloat
SAMP_9955,1.82,28.4,58.8,51.62,skin_surface,Bloat
SAMP_9956,4.3,29.2,57.3,125.55,skin_surface,Bloat
SAMP_9957,13.54,13.9,81.6,188.21,skin_surface,Active Decay
SAMP_9958,14.13,24.2,51.9,342.06,skin_surface,Active Decay
SAMP_9959,10.99,25.4,63.1,279.23,skin_surface,Active Decay
SAMP_9960,2.67,24.2,49.7,64.52,oral_cavity,Bloat
SAMP_9961,8.87,19.4,85.7,172.07,skin_surface,Active Decay
SAMP_9962,8.46,21.0,60.4,177.57,oral_cavity,Active Decay
SAMP_9963,6.62,19.0,50.6,125.81,oral_cavity,Bloat
SAMP_9964,7.98,20.3,74.6,162.09,oral_cavity,Active Decay
SAMP_9965,6.77,17.2,52.2,116.42,oral_cavity,Bloat
SAMP_9966,8.33,21.5,87.2,179.19,skin_surface,Active Decay
SAMP_9967,12.57,16.0,58.4,201.13,skin_surface,Active Decay
SAMP_9968,1.16,21.2,73.2,24.62,oral_cavity,Fresh
SAMP_9969,13.85,17.0,57.3,235.42,soil_interface,Active Decay
SAMP_9970,1.46,22.8,80.4,33.3,skin_surface,Fresh
SAMP_9971,0.69,19.3,84.8,13.31,soil_interface,Fresh
SAMP_9972,30.0,23.2,79.4,696.0,skin_surface,Dry Remains
SAMP_9973,30.0,26.3,82.4,789.0,oral_cavity,Dry Remains
SAMP_9974,0.62,28.4,45.1,17.7,soil_interface,Fresh
SAMP_9975,5.86,12.0,86.2,70.28,soil_interface,Bloat
SAMP_9976,2.06,18.7,71.2,38.54,skin_surface,Bloat
SAMP_9977,6.64,20.8,83.5,138.17,oral_cavity,Bloat
SAMP_9978,17.73,23.8,74.2,421.97,oral_cavity,Advanced Decay
SAMP_9979,30.0,15.4,50.1,462.0,soil_interface,Advanced Decay
SAMP_9980,10.06,18.1,70.5,182.05,oral_cavity,Active Decay
SAMP_9981,4.37,22.5,44.5,98.28,skin_surface,Bloat
SAMP_9982,9.25,22.3,74.8,206.19,skin_surface,Active Decay
SAMP_9983,3.74,23.5,60.5,87.88,oral_cavity,Bloat
SAMP_9984,24.06,23.8,47.6,572.63,skin_surface,Advanced Decay
SAMP_9985,20.43,23.4,89.0,478.13,skin_surface,Advanced Decay
SAMP_9986,8.17,22.8,85.1,186.27,oral_cavity,Active Decay
SAMP_9987,3.93,22.2,84.7,87.19,skin_surface,Bloat
SAMP_9988,3.47,24.7,79.4,85.78,soil_interface,Bloat
SAMP_9989,0.34,13.0,74.6,4.42,skin_surface,Fresh
SAMP_9990,16.92,28.2,72.8,477.1,skin_surface,Advanced Decay
SAMP_9991,5.99,13.2,45.3,79.01,skin_surface,Bloat
SAMP_9992,3.93,17.7,85.0,69.6,oral_cavity,Bloat
SAMP_9993,6.37,21.1,84.1,134.4,soil_interface,Bloat
SAMP_9994,17.08,24.7,77.4,421.83,skin_surface,Advanced Decay
SAMP_9995,1.33,12.0,86.4,15.97,oral_cavity,Fresh
SAMP_9996,19.5,21.9,67.7,426.94,skin_surface,Advanced Decay
SAMP_9997,22.78,25.2,62.4,574.05,skin_surface,Advanced Decay
SAMP_9998,29.32,26.0,88.4,762.31,oral_cavity,Dry Remains
SAMP_9999,5.07,19.2,63.2,97.28,soil_interface,Bloat
SAMP_10000,2.45,20.8,72.1,50.92,oral_cavity,Bloat
